label,review,filename
1,"This policy (together with our Terms and Conditions) sets out the basis on which any personal data we collect from you, or that you provide to us, will be processed by us.",iadbdpnoknmbdeolbapdackdcogdmjpe
0,It applies to anonaddy.com and any subdomains e.g. app.,iadbdpnoknmbdeolbapdackdcogdmjpe
9,"In order to ensure confidentiality and lawful processing of its visitors personal data, AnonAddy in its capacity of a data controller and of a processor, conducts its activities in strict compliance with the requirements set in GDPR - Regulation (EU) 2016/679 of the European Parliament and of the Council on the protection of natural persons with regard to the processing of personal data and on the free movement of this data.",iadbdpnoknmbdeolbapdackdcogdmjpe
1,"In order to ensure confidentiality and lawful processing of its visitors personal data, AnonAddy in its capacity of a data controller and of a processor, conducts its activities in strict compliance with the requirements set in GDPR - Regulation (EU) 2016/679 of the European Parliament and of the Council on the protection of natural persons with regard to the processing of personal data and on the free movement of this data.",iadbdpnoknmbdeolbapdackdcogdmjpe
1,Information We May Collect From YouWe may collect the following data from you:Information that you provide by filling in forms on our site.,iadbdpnoknmbdeolbapdackdcogdmjpe
1,This includes information provided at the time of registering to use our site or subscribing to our service.,iadbdpnoknmbdeolbapdackdcogdmjpe
14,This includes information provided at the time of registering to use our site or subscribing to our service.,iadbdpnoknmbdeolbapdackdcogdmjpe
0,"If you contact us, we may keep a record of that coespondence.",iadbdpnoknmbdeolbapdackdcogdmjpe
19,For keeping track of authenticated sessions we use a small number of cookies.,iadbdpnoknmbdeolbapdackdcogdmjpe
0,This site does not provide any third party cookies and makes no effort to track you.,iadbdpnoknmbdeolbapdackdcogdmjpe
6,You can delete stored cookies from your browser whenever you wish.,iadbdpnoknmbdeolbapdackdcogdmjpe
1,If you start a subscription we may ask you to provide us with information such as your name and payment information.,iadbdpnoknmbdeolbapdackdcogdmjpe
12,If you start a subscription we may ask you to provide us with information such as your name and payment information.,iadbdpnoknmbdeolbapdackdcogdmjpe
14,If you start a subscription we may ask you to provide us with information such as your name and payment information.,iadbdpnoknmbdeolbapdackdcogdmjpe
0,Your name and card details will not be stored in our database.,iadbdpnoknmbdeolbapdackdcogdmjpe
0,Our site does not store/save any emails that are forwarded or replied to through the service.,iadbdpnoknmbdeolbapdackdcogdmjpe
0,You can check the source code to see what happens when an email is piped to our application by Postfix.,iadbdpnoknmbdeolbapdackdcogdmjpe
0,Our server uses Postfix as the mail server software and Nginx as the web server.,iadbdpnoknmbdeolbapdackdcogdmjpe
1,Nginx access and eor logs are kept which do record IP addresses.,iadbdpnoknmbdeolbapdackdcogdmjpe
15,Nginx access and eor logs are kept which do record IP addresses.,iadbdpnoknmbdeolbapdackdcogdmjpe
0,Default log settings are used for Postfix.,iadbdpnoknmbdeolbapdackdcogdmjpe
2,"All log files are rotated daily and retained for 3 days, old log files are deleted.",iadbdpnoknmbdeolbapdackdcogdmjpe
6,"All log files are rotated daily and retained for 3 days, old log files are deleted.",iadbdpnoknmbdeolbapdackdcogdmjpe
3,Server logs are only used to improve our service and prevent abuse or prohibited use.,iadbdpnoknmbdeolbapdackdcogdmjpe
0,This information will not be provided under any circumstances to any parties other than when compelled by law.,iadbdpnoknmbdeolbapdackdcogdmjpe
3,How We Use Your Personal InformationWe use information held about you for the following purposes:To notify you about any changes to the service.,iadbdpnoknmbdeolbapdackdcogdmjpe
0,To forward emails to the recipient addresses you have added to the site.,iadbdpnoknmbdeolbapdackdcogdmjpe
0,"Protection Of Personal InformationWe will never misuse, sell, rent, share or give away any personal information to any third parties.",iadbdpnoknmbdeolbapdackdcogdmjpe
0,Our website is open-source and available for anyone (who understands PHP) to view and audit.,iadbdpnoknmbdeolbapdackdcogdmjpe
0,We do not use Google Analytics or any other analytics/tracking (unless you count server logs mentioned above) on our site.,iadbdpnoknmbdeolbapdackdcogdmjpe
0,SecurityAll information you provide to us is stored on our secure servers in the Netherlands (UpCloud).,iadbdpnoknmbdeolbapdackdcogdmjpe
1,"Sensitive data in our database such as your recipient email addresses, alias descriptions, public GPG keys are encrypted using OpenSSL and the AES-256-CBC cipher.",iadbdpnoknmbdeolbapdackdcogdmjpe
13,"Sensitive data in our database such as your recipient email addresses, alias descriptions, public GPG keys are encrypted using OpenSSL and the AES-256-CBC cipher.",iadbdpnoknmbdeolbapdackdcogdmjpe
14,"Sensitive data in our database such as your recipient email addresses, alias descriptions, public GPG keys are encrypted using OpenSSL and the AES-256-CBC cipher.",iadbdpnoknmbdeolbapdackdcogdmjpe
20,"Sensitive data in our database such as your recipient email addresses, alias descriptions, public GPG keys are encrypted using OpenSSL and the AES-256-CBC cipher.",iadbdpnoknmbdeolbapdackdcogdmjpe
20,"Furthermore, all encrypted values are signed with a message authentication code (MAC) to detect any modifications to the encrypted string.",iadbdpnoknmbdeolbapdackdcogdmjpe
20,Two Factor Authentication (2FA) is also available on our site and we encourage users to enable it.,iadbdpnoknmbdeolbapdackdcogdmjpe
20,Opportunistic DANE TLS encryption with strong cipher preference is used for all emails sent through our service.,iadbdpnoknmbdeolbapdackdcogdmjpe
20,"Our mail server also utilises STARTTLS, PFS, DNSSEC, MTA-STS, TLS-RPT, DMARC, SPF and DKIM.",iadbdpnoknmbdeolbapdackdcogdmjpe
20,These measures help to protect emails sent to/from our server against MiTM (Man in The Middle) downgrade attacks and also against the risk of email forgery.,iadbdpnoknmbdeolbapdackdcogdmjpe
20,"Our site also uses security features such as; HSTS (HTTP Strict Transport Security), a strict CSP (Content Security Policy), Subresource Integrity, Expect CT and XSS Protection.",iadbdpnoknmbdeolbapdackdcogdmjpe
20,"You may use this service to forward emails containing sensitive information such as bank or cryptocuency information, we do our best to make sure any email is not lost but this cannot be guarenteed.",iadbdpnoknmbdeolbapdackdcogdmjpe
20,"We take all measures reasonably necessary to protect against unauthorised access, use, alteration or destruction of data.",iadbdpnoknmbdeolbapdackdcogdmjpe
5,Your RightsYou have the right to request access to personal data that we may process about you.,iadbdpnoknmbdeolbapdackdcogdmjpe
6,"You have the right to require us to coect any inaccuracies in your data, free of charge.",iadbdpnoknmbdeolbapdackdcogdmjpe
5,"You can access, coect, update or request deletion of your personal information at any time, either through your online account or by contacting us.",iadbdpnoknmbdeolbapdackdcogdmjpe
6,"You can access, coect, update or request deletion of your personal information at any time, either through your online account or by contacting us.",iadbdpnoknmbdeolbapdackdcogdmjpe
7,"You can access, coect, update or request deletion of your personal information at any time, either through your online account or by contacting us.",iadbdpnoknmbdeolbapdackdcogdmjpe
0,Third party servicesThe only third party services that we use are Stripe and GloBee to process payments for subscriptions.,iadbdpnoknmbdeolbapdackdcogdmjpe
12,Any payment transactions will be caied out by Stripe and GloBee over encrypted connections.,iadbdpnoknmbdeolbapdackdcogdmjpe
20,Any payment transactions will be caied out by Stripe and GloBee over encrypted connections.,iadbdpnoknmbdeolbapdackdcogdmjpe
0,Your card information never touches our server.,iadbdpnoknmbdeolbapdackdcogdmjpe
0,If you are subscribed to our newsletter then we will also use Amazon Simple Email Service (SES) to deliver email campaigns.,iadbdpnoknmbdeolbapdackdcogdmjpe
0,"Changes To Our Privacy PolicyAny changes we may make to our privacy policy in the future will be posted on this page and, where appropriate, notified to you by e-mail.",iadbdpnoknmbdeolbapdackdcogdmjpe
0,"However, we advise that you check this page regularly to keep up to date with any necessary changes.",iadbdpnoknmbdeolbapdackdcogdmjpe
1,"This page informs you of our policies regarding the collection, use, and disclosure of personal data when you use our Service and the choices you have associated with that data.",mojelapibdkobdjmkedalhbalajeajjg
0,Our Privacy Policy for Wallpaper Tab is created with the help of the Free Privacy Policy Generator.,mojelapibdkobdjmkedalhbalajeajjg
3,We use your data to provide and improve the Service.,mojelapibdkobdjmkedalhbalajeajjg
0,"By using the Service, you agree to the collection and use of information in accordance with this policy.",mojelapibdkobdjmkedalhbalajeajjg
0,"Unless otherwise defined in this Privacy Policy, terms used in this Privacy Policy have the same meanings as in our Terms and Conditions, accessible from https://wallpapertab.com/rInformation Collection And UseWe collect several different types of information for various purposes to provide and improve our Service to you.",mojelapibdkobdjmkedalhbalajeajjg
1,"While using our Service, we may ask you to provide us with certain personally identifiable information that can be used to contact or identify you (""Personal Data"").",mojelapibdkobdjmkedalhbalajeajjg
1,"Personally identifiable information may include, but is not limited to:Email address, Cookies and Usage Data. We may also collect information how the Service is accessed and used (""Usage Data"").",mojelapibdkobdjmkedalhbalajeajjg
17,"Personally identifiable information may include, but is not limited to:Email address, Cookies and Usage Data. We may also collect information how the Service is accessed and used (""Usage Data"").",mojelapibdkobdjmkedalhbalajeajjg
15,"This Usage Data may include information such as your computer's Internet Protocol address (e.g. IP address), browser type, browser version, the pages of our Service that you visit, the time and date of your visit, the time spent on those pages, unique device identifiers and other diagnostic data.",mojelapibdkobdjmkedalhbalajeajjg
16,"This Usage Data may include information such as your computer's Internet Protocol address (e.g. IP address), browser type, browser version, the pages of our Service that you visit, the time and date of your visit, the time spent on those pages, unique device identifiers and other diagnostic data.",mojelapibdkobdjmkedalhbalajeajjg
17,"This Usage Data may include information such as your computer's Internet Protocol address (e.g. IP address), browser type, browser version, the pages of our Service that you visit, the time and date of your visit, the time spent on those pages, unique device identifiers and other diagnostic data.",mojelapibdkobdjmkedalhbalajeajjg
18,"This Usage Data may include information such as your computer's Internet Protocol address (e.g. IP address), browser type, browser version, the pages of our Service that you visit, the time and date of your visit, the time spent on those pages, unique device identifiers and other diagnostic data.",mojelapibdkobdjmkedalhbalajeajjg
17,We use cookies and similar tracking technologies to track the activity on our Service and hold certain information.,mojelapibdkobdjmkedalhbalajeajjg
19,We use cookies and similar tracking technologies to track the activity on our Service and hold certain information.,mojelapibdkobdjmkedalhbalajeajjg
0,Cookies are files with small amount of data which may include an anonymous unique identifier.,mojelapibdkobdjmkedalhbalajeajjg
0,Cookies are sent to your browser from a website and stored on your device.,mojelapibdkobdjmkedalhbalajeajjg
3,"Tracking technologies also used are beacons, tags, and scripts to collect and track information and to improve and analyze our Service.",mojelapibdkobdjmkedalhbalajeajjg
8,You can instruct your browser to refuse all cookies or to indicate when a cookie is being sent.,mojelapibdkobdjmkedalhbalajeajjg
19,You can instruct your browser to refuse all cookies or to indicate when a cookie is being sent.,mojelapibdkobdjmkedalhbalajeajjg
0,"However, if you do not accept cookies, you may not be able to use some portions of our Service.",mojelapibdkobdjmkedalhbalajeajjg
19,Examples of Cookies we use:Session Cookies.,mojelapibdkobdjmkedalhbalajeajjg
3,We use Session Cookies to operate our Service.,mojelapibdkobdjmkedalhbalajeajjg
19,We use Session Cookies to operate our Service.,mojelapibdkobdjmkedalhbalajeajjg
3,We use Preference Cookies to remember your preferences and various settings.,mojelapibdkobdjmkedalhbalajeajjg
19,We use Preference Cookies to remember your preferences and various settings.,mojelapibdkobdjmkedalhbalajeajjg
3,We use Security Cookies for security purposes.,mojelapibdkobdjmkedalhbalajeajjg
19,We use Security Cookies for security purposes.,mojelapibdkobdjmkedalhbalajeajjg
1,"Use of DataWallpaper Tab uses the collected data for various purposes:To provide and maintain the Servicer To notify you about changes to our ServicerTo allow you to participate in interactive features of our Service when you choose to do so. To provide customer care and support. To provide analysis or valuable information so that we can improve the ServicerTo monitor the usage of the ServicerTo detect, prevent and address technical issues.Transfer Of DatarYour information, including Personal Data, may be transfeed to  and maintained on computers located outside of your state, province, country or other governmental jurisdiction where the data protection laws may differ than those from your jurisdiction.",mojelapibdkobdjmkedalhbalajeajjg
3,"Use of DataWallpaper Tab uses the collected data for various purposes: To provide and maintain the ServicerTo notify you about changes to our ServicerTo allow you to participate in interactive features of our Service when you choose to do so. To provide customer care and support. To provide analysis or valuable information so that we can improve the ServicerTo monitor the usage of the ServicerTo detect, prevent and address technical issues.Transfer Of DatarYour information, including Personal Data, may be transfeed to and maintained on computers located outside of your state, province, country or other governmental jurisdiction where the data protection laws may differ than those from your jurisdiction.",mojelapibdkobdjmkedalhbalajeajjg
1,"If you are located outside Turkey and choose to provide information to us, please note that we transfer the data, including Personal Data, to Turkey and process it there.",mojelapibdkobdjmkedalhbalajeajjg
9,Your consent to this Privacy Policy followed by your submission of such information represents your agreement to that transfer.,mojelapibdkobdjmkedalhbalajeajjg
0,Wallpaper Tab will take all steps reasonably necessary to ensure that your data is treated securely and in accordance with this Privacy Policy and no transfer of your Personal Data will take place to an organization or a country unless there are adequate controls in place including the security of your data and other personal information.,mojelapibdkobdjmkedalhbalajeajjg
0,"Legal RequirementsrWallpaper Tab may disclose your Personal Data in the good faith belief that such action is necessary to:To comply with a legal obligation. To protect and defend the rights or property of Wallpaper Tab. To prevent or investigate possible wrong doing in connection with the Service. To protect the personal safety of users of the Service or the public. To protect against legal liability. Security Of Datar The security of your data is important to us, but remember that no method of transmission over the Internet, or method of electronic storage is 100  secure.",mojelapibdkobdjmkedalhbalajeajjg
0,"While we strive to use commercially acceptable means to protect your Personal Data, we cannot guarantee its absolute security.",mojelapibdkobdjmkedalhbalajeajjg
0,"We may employ third party companies and individuals to facilitate our Service (""Service Providers""), to provide the Service on our behalf, to perform Service-related services or to assist us in analyzing how our Service is used.",mojelapibdkobdjmkedalhbalajeajjg
0,These third parties have access to your Personal Data only to perform these tasks on our behalf and are obligated not to disclose or use it for any other purpose.,mojelapibdkobdjmkedalhbalajeajjg
0,Our Service may contain links to other sites that are not operated by us.,mojelapibdkobdjmkedalhbalajeajjg
0,"If you click on a third party link, you will be directed to that third party's site.",mojelapibdkobdjmkedalhbalajeajjg
0,We strongly advise you to review the Privacy Policy of every site you visit.,mojelapibdkobdjmkedalhbalajeajjg
0,"We have no control over and assume no responsibility for the content, privacy policies or practices of any third party sites or services.",mojelapibdkobdjmkedalhbalajeajjg
0,"Our Service does not address anyone under the age of 18 (""Children"").",mojelapibdkobdjmkedalhbalajeajjg
0,We do not knowingly collect personally identifiable information from anyone under the age of 18.,mojelapibdkobdjmkedalhbalajeajjg
0,"If you are a parent or guardian and you are aware that your Children has provided us with Personal Data, please contact us.",mojelapibdkobdjmkedalhbalajeajjg
0,"If we become aware that we have collected Personal Data from children without verification of parental consent, we take steps to remove that information from our servers.",mojelapibdkobdjmkedalhbalajeajjg
0,Changes To This Privacy PolicyrWe may update our Privacy Policy from time to time.,mojelapibdkobdjmkedalhbalajeajjg
0,We will notify you of any changes by posting the new Privacy Policy on this page.,mojelapibdkobdjmkedalhbalajeajjg
0,"We will let you know via email and/or a prominent notice on our Service, prior to the change becoming effective and update the ""effective date"" at the top of this Privacy Policy.",mojelapibdkobdjmkedalhbalajeajjg
0,You are advised to review this Privacy Policy periodically for any changes.,mojelapibdkobdjmkedalhbalajeajjg
0,Changes to this Privacy Policy are effective when they are posted on this page.,mojelapibdkobdjmkedalhbalajeajjg
0,You will be informed each time our Site asks for personal information regarding how we intend to use your information.,kdjcopfdknnnhhkemlecapbibgmipjpf
1,We may also have access to and collect some other personal information and data that is required to enable you to access the Site and its functionalities (your IP address).,kdjcopfdknnnhhkemlecapbibgmipjpf
15,We may also have access to and collect some other personal information and data that is required to enable you to access the Site and its functionalities (your IP address).,kdjcopfdknnnhhkemlecapbibgmipjpf
0,"MyStart.com may use such personal information to measure visitor usage and interest, and help us improve the content and functionality of our Site.",kdjcopfdknnnhhkemlecapbibgmipjpf
0,"Unless a user has opted out by modifying his/her preferences, upon registration, we may use any e-mail address that we are provided with to notify users of the existence of new contents in areas concerning which they have expressed an interest.",kdjcopfdknnnhhkemlecapbibgmipjpf
0,"You may request that we stop sending you such notices, at any time thereafter, by following the instructions mentioned in our e-mails.",kdjcopfdknnnhhkemlecapbibgmipjpf
19,MyStart.com uses personal information collected from cookies and IP addresses as described below.,kdjcopfdknnnhhkemlecapbibgmipjpf
0,Information which we do collect about our Site users is stored at our offices at 6200 boul.,kdjcopfdknnnhhkemlecapbibgmipjpf
0,"Taschereau, bureau 304, Brossard QC, Canada, J4W 3J8, and on servers hosted at national-net.com.",kdjcopfdknnnhhkemlecapbibgmipjpf
0,"Information Sharing and DisclosureMyStart.com does not and will not rent, sell, or share personal information about you with other people or nonaffiliated companies, except to provide products or services you have requested, with your permission, or under the following circumstances:From time to time, we may provide some of the personal information that we collected to trusted business partners that work on behalf of or with MyStart.com under confidentiality agreements which cover our users personal information as well as guarantees that our partner provides the same level of protection to your information as our organization does.",kdjcopfdknnnhhkemlecapbibgmipjpf
0,"As the case may be, such business partners may use your personal information to help MyStart.com communicate with you about our offers and those of our marketing partners.",kdjcopfdknnnhhkemlecapbibgmipjpf
0,"In this event, MyStart.com will notify you before information about you is transferred and becomes subject to a different privacy policy.",kdjcopfdknnnhhkemlecapbibgmipjpf
19,Most browsers are initially set up to accept cookies.,kdjcopfdknnnhhkemlecapbibgmipjpf
6,"If you prefer, you can set your browser to refuse cookies.",kdjcopfdknnnhhkemlecapbibgmipjpf
0,"However, if you do this, you may not be able to take full advantage of our Site.",kdjcopfdknnnhhkemlecapbibgmipjpf
0,"For example, our Site uses cookies to make it easier for users to download graphics from the site.",kdjcopfdknnnhhkemlecapbibgmipjpf
0,"An IP address is used by your computer every time it connects to the Internet, which is why this number can be used by Web sites to identify your computer.",kdjcopfdknnnhhkemlecapbibgmipjpf
15,We also use your IP address to help diagnose problems with our server and to administer the Site.,kdjcopfdknnnhhkemlecapbibgmipjpf
0,"MyStart.com will not use your IP address to attempt to identify you personally, nor to build a profile concerning who you are and what you search through our Site, otherwise that to provide you with the services and subscriptions that you request through registration or use of the Site.",kdjcopfdknnnhhkemlecapbibgmipjpf
0,"AdvertisersFrom time to time, we may use an outside advertising provider to display ads on our Site.",kdjcopfdknnnhhkemlecapbibgmipjpf
0,Such ads may contain or use cookies.,kdjcopfdknnnhhkemlecapbibgmipjpf
0,"While we use cookies in other parts of our Web Site, cookies received with banner ads, as the case may be, are collected and used by our advertising provider.",kdjcopfdknnnhhkemlecapbibgmipjpf
0,"Please be advised that aside from allowing advertising providers to place such ads on our Site, we do not control nor have access to the information contained in or generated from the cookies placed on your computer by our advertising providers.",kdjcopfdknnnhhkemlecapbibgmipjpf
0,"By its very nature, our Site contains links to third-party Web sites.",kdjcopfdknnnhhkemlecapbibgmipjpf
0,Please be aware that we cannot control and are not responsible for the information collection practices of third-party Web sites.,kdjcopfdknnnhhkemlecapbibgmipjpf
0,We encourage you to review and understand the privacy policies of these Web sites before visiting them or providing any information to them.,kdjcopfdknnnhhkemlecapbibgmipjpf
0,"Confidentiality and Security Subject to the foregoing, we limit access to your personal information to employees of MyStart.com who we reasonably believe need to come into contact with such information either in order to do their jobs or to allow us to provide requested products and services to you.",kdjcopfdknnnhhkemlecapbibgmipjpf
0,"We have physical, electronic, and procedural safeguards that comply with federal regulations to protect and restrict access to personal information about the users of our Site.",kdjcopfdknnnhhkemlecapbibgmipjpf
0,The Chillout Music feature uses the YouTube API Services.,kdjcopfdknnnhhkemlecapbibgmipjpf
4,"Contacting the SiteIf you have any questions about this privacy statement, the personal information practices of this Site, or your dealings with this Site, please contact supportMyStart.com by email, or customer support by regular mail at Visicom Media Inc., 6200 boul.",kdjcopfdknnnhhkemlecapbibgmipjpf
4,"Taschereau, bureau 304, Brossard QC, Canada, J4W 3J8 or by phone at 450-672-0401.",kdjcopfdknnnhhkemlecapbibgmipjpf
15,"When visitors leave comments on the site we collect the data shown in the comments form, and also the visitor's IP address and browser user agent string to help spam detection.",hjijkdinhlambglmfldlfnlmpknkdhok
1,An anonymized string created from your email address (also called a hash) may be provided to the Gravatar service to see if you are using it.,hjijkdinhlambglmfldlfnlmpknkdhok
0,The Gravatar service privacy policy is available here: https://automattic.com/privacy/.,hjijkdinhlambglmfldlfnlmpknkdhok
0,"After approval of your comment, your profile picture is visible to the public in the context of your comment.",hjijkdinhlambglmfldlfnlmpknkdhok
0,"If you upload images to the website, you should avoid uploading images with embedded location data (EXIF GPS) included.",hjijkdinhlambglmfldlfnlmpknkdhok
0,Visitors to the website can download and extract any location data from images on the website.,hjijkdinhlambglmfldlfnlmpknkdhok
19,"If you leave a comment on our site you may opt-in to saving your name, email address and website in cookies.",hjijkdinhlambglmfldlfnlmpknkdhok
0,These are for your convenience so that you do not have to fill in your details again when you leave another comment.,hjijkdinhlambglmfldlfnlmpknkdhok
2,These cookies will last for one year.,hjijkdinhlambglmfldlfnlmpknkdhok
19,"If you visit our login page, we will set a temporary cookie to determine if your browser accepts cookies.",hjijkdinhlambglmfldlfnlmpknkdhok
19,This cookie contains no personal data and is discarded when you close your browser.,hjijkdinhlambglmfldlfnlmpknkdhok
19,"When you log in, we will also set up several cookies to save your login information and your screen display choices.",hjijkdinhlambglmfldlfnlmpknkdhok
19,"Login cookies last for two days, and screen options cookies last for a year.",hjijkdinhlambglmfldlfnlmpknkdhok
2,"Login cookies last for two days, and screen options cookies last for a year.",hjijkdinhlambglmfldlfnlmpknkdhok
2,"If you log out of your account, the login cookies will be removed.",hjijkdinhlambglmfldlfnlmpknkdhok
19,"If you edit or publish an article, an additional cookie will be saved in your browser.",hjijkdinhlambglmfldlfnlmpknkdhok
19,This cookie includes no personal data and simply indicates the post ID of the article you just edited.,hjijkdinhlambglmfldlfnlmpknkdhok
2,It expires after 1 day.,hjijkdinhlambglmfldlfnlmpknkdhok
18,"Suggested text: Articles on this site may include embedded content (e.g. videos, images, articles, etc.)",hjijkdinhlambglmfldlfnlmpknkdhok
18,Embedded content from other websites behaves in the exact same way as if the visitor has visited the other website.,hjijkdinhlambglmfldlfnlmpknkdhok
18,"These websites may collect data about you, use cookies, embed additional third-party tracking, and monitor your interaction with that embedded content, including tracking your interaction with the embedded content if you have an account and are logged in to that website.",hjijkdinhlambglmfldlfnlmpknkdhok
19,"These websites may collect data about you, use cookies, embed additional third-party tracking, and monitor your interaction with that embedded content, including tracking your interaction with the embedded content if you have an account and are logged in to that website.",hjijkdinhlambglmfldlfnlmpknkdhok
0,"Suggested text: If you request a password reset, your IP address will be included in the reset email.",hjijkdinhlambglmfldlfnlmpknkdhok
2,"How long we retain your data? Suggested text: If you leave a comment, the comment and its metadata are retained indefinitely.",hjijkdinhlambglmfldlfnlmpknkdhok
0,This is so we can recognize and approve any follow-up comments automatically instead of holding them in a moderation queue.,hjijkdinhlambglmfldlfnlmpknkdhok
1,"For users that register on our website (if any), we also store the personal information they provide in their user profile.",hjijkdinhlambglmfldlfnlmpknkdhok
6,"All users can see, edit, or delete their personal information at any time (except they cannot change their username).",hjijkdinhlambglmfldlfnlmpknkdhok
0,Website administrators can also see and edit that information.,hjijkdinhlambglmfldlfnlmpknkdhok
5,"What rights you have over your data? Suggested text: If you have an account on this site, or have left comments, you can request to receive an exported file of the personal data we hold about you, including any data you have provided to us.",hjijkdinhlambglmfldlfnlmpknkdhok
6,You can also request that we erase any personal data we hold about you.,hjijkdinhlambglmfldlfnlmpknkdhok
0,"This does not include any data we are obliged to keep for administrative, legal, or security purposes.",hjijkdinhlambglmfldlfnlmpknkdhok
0,Where we send your data?Suggested text: Visitor comments may be checked through an automated spam detection service.,hjijkdinhlambglmfldlfnlmpknkdhok
0,All Rights Reserved 2021.,hjijkdinhlambglmfldlfnlmpknkdhok
19,We use cookies on our website to give you the most relevant experience by remembering your preferences and repeat visits.,hjijkdinhlambglmfldlfnlmpknkdhok
19,"By clicking Accept All, you consent to the use of ALL the cookies.",hjijkdinhlambglmfldlfnlmpknkdhok
19,"However, you may visit ""Cookie Settings"" to provide a controlled consent.",hjijkdinhlambglmfldlfnlmpknkdhok
19,Cookie Settings Accept All Manage consent Close Privacy Overview This website uses cookies to improve your experience while you navigate through the website.,hjijkdinhlambglmfldlfnlmpknkdhok
19,"Out of these, the cookies that are categorized as necessary are stored on your browser as they are essential for the working of basic functionalities of the website.",hjijkdinhlambglmfldlfnlmpknkdhok
19,We also use third-party cookies that help us analyze and understand how you use this website.,hjijkdinhlambglmfldlfnlmpknkdhok
19,These cookies will be stored in your browser only with your consent.,hjijkdinhlambglmfldlfnlmpknkdhok
0,You also have the option to opt-out of these cookies.,hjijkdinhlambglmfldlfnlmpknkdhok
0,But opting out of some of these cookies may affect your browsing experience.,hjijkdinhlambglmfldlfnlmpknkdhok
19,NecessaryNecessaryAlways Enabled Necessary cookies are absolutely essential for the website to function properly.,hjijkdinhlambglmfldlfnlmpknkdhok
19,"These cookies ensure basic functionalities and security features of the website, anonymously.",hjijkdinhlambglmfldlfnlmpknkdhok
19,Cookie Duration Description cookie law info-checkbox-analytics11 months. This cookie is set by GDPR Cookie Consent plugin.,hjijkdinhlambglmfldlfnlmpknkdhok
19,"The cookie is used to store the user consent for the cookies in the category ""Analytics"".",hjijkdinhlambglmfldlfnlmpknkdhok
19,"cookielawinfo-checkbox-functional11 months The cookie is set by GDPR cookie consent to record the user consent for the cookies in the category ""Functional"".",hjijkdinhlambglmfldlfnlmpknkdhok
19,cookielawinfo-checkbox-necessary11 months. This cookie is set by GDPR Cookie Consent plugin.,hjijkdinhlambglmfldlfnlmpknkdhok
19,"The cookies is used to store the user consent for the cookies in the category ""Necessary"".",hjijkdinhlambglmfldlfnlmpknkdhok
19,cookielawinfo-checkbox-others11 months. This cookie is set by GDPR Cookie Consent plugin.,hjijkdinhlambglmfldlfnlmpknkdhok
19,"The cookie is used to store the user consent for the cookies in the category ""Other.",hjijkdinhlambglmfldlfnlmpknkdhok
19,cookielawinfo-checkbox-performance11 months. This cookie is set by GDPR Cookie Consent plugin.,hjijkdinhlambglmfldlfnlmpknkdhok
19,"The cookie is used to store the user consent for the cookies in the category ""Performance"".",hjijkdinhlambglmfldlfnlmpknkdhok
0,viewed_cookie_policy11 months. The cookie is set by the GDPR Cookie Consent plugin and is used to store whether or not user has consented to the use of cookies.,hjijkdinhlambglmfldlfnlmpknkdhok
0,It does not store any personal data.,hjijkdinhlambglmfldlfnlmpknkdhok
18,"Functional cookies help to perform certain functionalities like sharing the content of the website on social media platforms, collect feedbacks, and other third-party features.",hjijkdinhlambglmfldlfnlmpknkdhok
19,"Functional cookies help to perform certain functionalities like sharing the content of the website on social media platforms, collect feedbacks, and other third-party features.",hjijkdinhlambglmfldlfnlmpknkdhok
19,Performance cookies are used to understand and analyze the key performance indexes of the website which helps in delivering a better user experience for the visitors.,hjijkdinhlambglmfldlfnlmpknkdhok
19,Analytical cookies are used to understand how visitors interact with the website.,hjijkdinhlambglmfldlfnlmpknkdhok
19,"These cookies help provide information on metrics the number of visitors, bounce rate, traffic source, etc.",hjijkdinhlambglmfldlfnlmpknkdhok
19,Advertisement cookies are used to provide visitors with relevant ads and marketing campaigns.,hjijkdinhlambglmfldlfnlmpknkdhok
19,These cookies track visitors across websites and collect information to provide customized ads.,hjijkdinhlambglmfldlfnlmpknkdhok
19,Other uncategorized cookies are those that are being analyzed and have not been classified into a category as yet.,hjijkdinhlambglmfldlfnlmpknkdhok
0,"Privacy PolicyBy using the Lovely Tab and any features, services and websites available through Lovely Tab you agree to the terms of our Privacy Policy, which are incorporated into this EULA and which set out the practices concerning the information processed by the Girema Holdings Limited.",kkjpiglppgeoaamppaagneomjolpdoci
17,"As with most other websites, we collect and use the data contained in log files.",kkjpiglppgeoaamppaagneomjolpdoci
17,"The information in the log files include your IP (internet protocol) address, the type of browser you used to visit our site (such as Google Chrome, Internet Explorer or Mozilla Firefox), the time at which you visited our site and which pages you visited throughout our site.",kkjpiglppgeoaamppaagneomjolpdoci
1,We may collect personal information at various times when you use our website or plugin.,kkjpiglppgeoaamppaagneomjolpdoci
3,"The more information you volunteer (and the more accurate it is), the better we are able to customize your experience.",kkjpiglppgeoaamppaagneomjolpdoci
8,Your participation is voluntary and you have the choice not to disclose any information that we request.,kkjpiglppgeoaamppaagneomjolpdoci
1,Information you provide: We receive and store any information you enter on the Lovely Tab Domains or give us in any other way.,kkjpiglppgeoaamppaagneomjolpdoci
1,You provide most such information when you use the Lovely Tab or bundled plugins.,kkjpiglppgeoaamppaagneomjolpdoci
1,"For instance, if you register for an account with us, we may collect your name, email address, country of origin, and, if you choose, your nickname, telephone number, website, company, and title.",kkjpiglppgeoaamppaagneomjolpdoci
1,"If you download and install the plugin, we collect any information voluntarily provided by you during the installation and registration process, which can include demographic information such as gender, age, occupation, household income, zip code and country.",kkjpiglppgeoaamppaagneomjolpdoci
1,Demographic information may be coelated to web usage information collected during your use of the service.,kkjpiglppgeoaamppaagneomjolpdoci
1,"In addition, you might provide us with personal identifying information, such as mobile telephone number, when you communicate with us by phone, e-mail or otherwise, or complete a questionnaire, subscription form or a contest entry form.",kkjpiglppgeoaamppaagneomjolpdoci
8,"You can choose not to provide certain information, but then you might not be able to take advantage of many of our features.",kkjpiglppgeoaamppaagneomjolpdoci
3,"We use the information that you provide for such purposes as responding to your requests, customizing and improving our services, delivering targeted content and advertisements that may be of interest to you, and communicating with you.",kkjpiglppgeoaamppaagneomjolpdoci
17,"Automatic information we collect from the plugin: When you use Lovely Tab plugin, the searches you perform using our domains, the ways in which you use various features, and the pages you view on our domains.",kkjpiglppgeoaamppaagneomjolpdoci
17,"For example, we may collect information about page views, impressions and clicks, as well as similar web usage information on our domains.",kkjpiglppgeoaamppaagneomjolpdoci
17,We also may periodically collect usage statistics from users that describe the frequency of use of each feature.,kkjpiglppgeoaamppaagneomjolpdoci
17,automatic information we collect from the site: We receive and store certain types of information whenever you interact with our site.,kkjpiglppgeoaamppaagneomjolpdoci
19,"For example, like many websites, we use ""cookies,"" and we obtain certain types of information when your Web browser accesses the Site, when you use the plugin.",kkjpiglppgeoaamppaagneomjolpdoci
0,"If you are not yet 18, you are not allowed to use our services.",kkjpiglppgeoaamppaagneomjolpdoci
6,"Further, if we learn that we have collected personal information from a child under age 13, we will delete that information as quickly as possible.",kkjpiglppgeoaamppaagneomjolpdoci
3,"We may use information (whether personal identifying information or not) that we collect about you to: Deliver the products and services that you have requested. Manage your relationship with us and provide you with customer supportIf you specifically requested that we communicate with you by e-mail, postal mail, telephone and/or mobile devices about products or services that may be of interest to you either from us or third partiesr. Enforce our AgreementProtect our plugin, our websites, our customers and/or our other users from fraud, hacking or other harmrUse of CookiesIn computer language, a cookie is used to store data on a computer's hard drive.",kkjpiglppgeoaamppaagneomjolpdoci
13,"Use of Information We may use information (whether personal identifying information or not) that we collect about you to:Deliver the products and services that you have requestedManage your relationship with us and provide you with customer support.If you specifically requested that we communicate with you by e-mail, postal mail, telephone and/or mobile devices about products or services that may be of interest to you either from us or third partiesr. Enforce our AgreementProtect our plugin, our websites, our customers and/or our other users from fraud, hacking or other harm. Use of CookiesIn computer language, a cookie is used to store data on a computer's hard drive.",kkjpiglppgeoaamppaagneomjolpdoci
19,We sometimes use cookies on our domains to save information but only non-private and non-identifiable information.,kkjpiglppgeoaamppaagneomjolpdoci
0,"Our Site includes links to other third-party Websites (such as Google, Facebook, Instagram, Tweeter, etc.) whose privacy practices may differ from those of Lovely Tab.",kkjpiglppgeoaamppaagneomjolpdoci
0,"Our service may also be linked to sites or services operated by the Lovely Tab affiliates or third parties, and may cay advertisements or offer content, functionality, games, rewards programs, newsletters, contests or sweepstakes, or applications developed and maintained by third parties including, any online store.",kkjpiglppgeoaamppaagneomjolpdoci
0,"Lovely Tab is not responsible for the privacy practices of any such third parties, and once you leave the Services via a link, enable a third-party service, you should check the applicable privacy policy of the third-party site.",kkjpiglppgeoaamppaagneomjolpdoci
0,"If you submit personal information to any of those sites, your information is governed by their privacy statements.",kkjpiglppgeoaamppaagneomjolpdoci
0,We encourage you to carefully read the privacy statement of any Website you visit.,kkjpiglppgeoaamppaagneomjolpdoci
4,"Lovely Tab Girema Holdings, rKaraiskaki 13 Limassol, Cyprus r3032 Cyprus supportlovelytab.com +357 99 622312",kkjpiglppgeoaamppaagneomjolpdoci
0,"Please read the following to learn more about Wallpaper Model Privacy Policy (""Policy"").",joebdfkalfblbkmhoclmhnmjkffhompi
1,"This Policy details how Wallpaper Model receives, collects and uses information in connection with our website and software provided on the Wallpaper Model website (the website and software collectively refeed to herein as ""Site"", ""We"").",joebdfkalfblbkmhoclmhnmjkffhompi
1,"Information we collect. We may collect two types of information: 1) Personal Information, and 2) Anonymous Information.",joebdfkalfblbkmhoclmhnmjkffhompi
1,"Personal Information means information that may directly or indirectly identify you, such as your name, address, email address, and telephone number.",joebdfkalfblbkmhoclmhnmjkffhompi
17,"Anonymous Information means information that does not directly or indirectly identify you, such as the number of page views, link clicks, and login times.",joebdfkalfblbkmhoclmhnmjkffhompi
1,We may use both Personal and Anonymous Information to create Aggregate Information.,joebdfkalfblbkmhoclmhnmjkffhompi
0,"Aggregate Information, is the grouping of Personal and Anonymous Information into groups and/or categories, which does not identify you directly or indirectly.",joebdfkalfblbkmhoclmhnmjkffhompi
1,Through you use of the Site we may collect the following Personal Information: you name; email address; information you provided in public forums and/or social networks; information you provided us including your device identifier or IP address when you use the Site.,joebdfkalfblbkmhoclmhnmjkffhompi
13,Oauth2 credentials. The app uses third party services that may collect information used to identify you.,joebdfkalfblbkmhoclmhnmjkffhompi
0,Links to privacy policies of third party service providers used by us:Google Sign-in. How we collect informationWe use various technologies to collect information from you device and about your activates on the site:Automatically Captured Information.,joebdfkalfblbkmhoclmhnmjkffhompi
0,We automatically collect information from your computer and/or device when you use the Site.,joebdfkalfblbkmhoclmhnmjkffhompi
17,"This information may include your IP address, your browser type and language, access times, the content of any undeleted cookies that your browser previously accepted form us (see ""Cookies"" below), software installed upon and/or devices connected to your computer and/or device, and the refeing website address.",joebdfkalfblbkmhoclmhnmjkffhompi
18,"This information may include your IP address, your browser type and language, access times, the content of any undeleted cookies that your browser previously accepted form us (see ""Cookies"" below), software installed upon and/or devices connected to your computer and/or device, and the refeing website address.",joebdfkalfblbkmhoclmhnmjkffhompi
19,"This information may include your IP address, your browser type and language, access times, the content of any undeleted cookies that your browser previously accepted form us (see ""Cookies"" below), software installed upon and/or devices connected to your computer and/or device, and the refeing website address.",joebdfkalfblbkmhoclmhnmjkffhompi
19,"When you use the Site, we may assign your computer one or more cookies, to facilitate access to our Site and to personalize your online experience.",joebdfkalfblbkmhoclmhnmjkffhompi
3,A cookie is a small piece of data that is stored in a users computer for record keeping purposes.,joebdfkalfblbkmhoclmhnmjkffhompi
19,A cookie is a small piece of data that is stored in a users computer for record keeping purposes.,joebdfkalfblbkmhoclmhnmjkffhompi
19,"Through the use of a cookie, we may automatically collect information about your online activity in our Site, such as the pages you visit, the links you click, and the actions you take within the Site.",joebdfkalfblbkmhoclmhnmjkffhompi
19,"Most systems automatically accept cookies, but you can usually modify your browser setting to decline cookies.",joebdfkalfblbkmhoclmhnmjkffhompi
6,"If you choose to decline cookies, please note that you may not be able to use some of the interactive features offered on or via the Site.",joebdfkalfblbkmhoclmhnmjkffhompi
17,"The Site may use standard Internet technology, such as web beacons and other similar technologies, to track your use of the Site.",joebdfkalfblbkmhoclmhnmjkffhompi
0,Web beacons are small pieces of data that are embed in images on the pages of sites.,joebdfkalfblbkmhoclmhnmjkffhompi
3,The information we obtain in this manner enables us to customize the services we offer through our Site visitors.,joebdfkalfblbkmhoclmhnmjkffhompi
0,"We may allow third-parties, including our authorized service providers, parent and subsidiary companies, affiliates, advertising companies, and ad networks, to display advertisements or place ad tags or beacons on or via our Site.",joebdfkalfblbkmhoclmhnmjkffhompi
19,"These companies may use tracking technologies, such as cookies, to collect information about users who view or interact with their advertisements.",joebdfkalfblbkmhoclmhnmjkffhompi
3,This information allows them to deliver targeted advertisements and gauge their effectiveness.,joebdfkalfblbkmhoclmhnmjkffhompi
0,"Unless expressly stated otherwise, we do not provide any Personal Information to these third parties.",joebdfkalfblbkmhoclmhnmjkffhompi
0,Do not track signals.,joebdfkalfblbkmhoclmhnmjkffhompi
0,"The Site systems are not configured to respond to Web browser ""do not track"" signals or other mechanisms that provide consumers the ability to exercise choice regarding the collection of personally identifiable information about an individual consumers online activities over time and across third-party Web sites or online services.",joebdfkalfblbkmhoclmhnmjkffhompi
0,Trade marks Our website and browser extensions are fan-made (unofficial).,joebdfkalfblbkmhoclmhnmjkffhompi
0,We are not affiliated with or sponsored by the entity whose materials are represented in the extensions.,joebdfkalfblbkmhoclmhnmjkffhompi
0,"By downloading, installing and/or using our extensions, you acknowledge that our website and browser extensions are not affiliated with or sponsored by the entity whose materials are represented in the extensions.",joebdfkalfblbkmhoclmhnmjkffhompi
3,"We may use information that we collect about you to: : (i) deliver the products and services that you have requested; (ii) provide you with customer support; (iii ) perform research and analysis about your use of, or interest in, our products, services, or content, or products, services or content offered by other; (iv) communicate with you by e-mail, postal mail, telephone and/or mobile devices about product or services that may be of interest to you; (v) develop and display content and advertising tailored to your interests; (vi) enforce our terms and conditions; (vii) manage our business (viii) comply with the law or legal process served on the Site; (ix) act in urgent circumstances to protect the personal safety of users of the site or members of the public; and (x) perform functions as otherwise described to you at the time of collection.",joebdfkalfblbkmhoclmhnmjkffhompi
0,With whom we share your informationWe do not share your Personal Information with others except as indicated below:Authorized service providers: We may share your Personal Information with our authorized service providers that perform certain services on our behalf.,joebdfkalfblbkmhoclmhnmjkffhompi
3,"These services may include providing customer service and marketing assistance, performing business and sales analysis, supporting our Site functionality, and supporting contests, sweepstakes, surveys and other features offered through our Site.",joebdfkalfblbkmhoclmhnmjkffhompi
3,"These service providers may have access to Personal Information, which is needed to perform their functions, but are not permitted to share or use such information for any other purposesBusiness partners: When you engage in promotions offered through the Site, we may share Personal Information with the businesses with which we partner to offer you those products, services, promotions, contests and/or sweepstakes.",joebdfkalfblbkmhoclmhnmjkffhompi
0,"We may disclose your Personal Information (i) in response to a subpoena or similar investigative demand, a court order, or a request for cooperation from a law enforcement or other government agency, (ii) in connection with efforts to investigate, prevent, or take other action regarding illegal activity, suspected fraud or other wrongdoing; (iii) to protect and defend the rights, property or safety of our company, our users, our employees, or others; (iv) to comply with applicable law or cooperate with law enforcement; (v) to enforce our Site terms and conditions or other agreements or policies; and (vi) in connection with a substantial corporate transaction, such as the sale of our business or the Site, a divestiture, merger, consolidation, or asset sale, or in the unlikely event of bankruptcy.",joebdfkalfblbkmhoclmhnmjkffhompi
3,"In addition, we may share Aggregated Information we collect, under any of the above circumstances, with third parties, including advisors, advertisers and investors, for the purpose of conducting general business analysis.",joebdfkalfblbkmhoclmhnmjkffhompi
0,"How we protect your Personal InformationThe security and confidentiality of your information is very important to us, thus we take the appropriate security measures (including physical, electronic and procedural measures) to help safeguard your Personal Information from unauthorized access and disclosure.",joebdfkalfblbkmhoclmhnmjkffhompi
0,"Please know that, despite our best efforts, no security measures are perfect or impenetrable. Children's Privacy Our Site is intended for general audiences over the age of 13 years old.",joebdfkalfblbkmhoclmhnmjkffhompi
0,We do not knowingly collect Personal Information from children under the age of 13 years old.,joebdfkalfblbkmhoclmhnmjkffhompi
0,"If you are not over 13 years old, DO NOT DOWNLOAD OR USE THE SITE AND MUST LEAVE IMEEDIATLY.",joebdfkalfblbkmhoclmhnmjkffhompi
0,No rights of third partiesThis Privacy Policy does not create rights enforceable by third parties or require disclosure of any Personal Information relating to users of the Site.,joebdfkalfblbkmhoclmhnmjkffhompi
0,"Explicit ContentYou understand that by using the Site, you may encounter content that may be deemed offensive, indecent, or objectionable, which content may or may not be identified as having explicit language.",joebdfkalfblbkmhoclmhnmjkffhompi
0,"Nevertheless, you agree to use the Site at your sole risk and that Wallpaper Model shall have no reliability to you for content that may be found to be offensive, indecent, or objectionable.",joebdfkalfblbkmhoclmhnmjkffhompi
0,Wallpaper Model shall have no liability or responsibility to you for any content or materials that may be available in connection with the Site that you might find objectionable.,joebdfkalfblbkmhoclmhnmjkffhompi
0,"Changes to Policy, We will occasionally update this Privacy Policy to reflect changes in our practices and services.",joebdfkalfblbkmhoclmhnmjkffhompi
0,"When we post changes to this Privacy Policy, we will revise the ""Version Date"" at the top of this Privacy Policy.",joebdfkalfblbkmhoclmhnmjkffhompi
0,"If we make any material changes in the way we collect, use, and/or share your Personal Information, we will notify you by prominently posting notice of the changes on the Site.",joebdfkalfblbkmhoclmhnmjkffhompi
0,We recommend that you check this page from time to time to inform yourself of any changes in this Privacy Policy or any of our other policies.,joebdfkalfblbkmhoclmhnmjkffhompi
4,"Change or Removal of InformationIf a user's e-mail address changes or you wish you remove your e-mail address, you can contact us at: luinilovl@gmail.com with the request or by contacting us at the contact information listed below.",joebdfkalfblbkmhoclmhnmjkffhompi
6,"Change or Removal of InformationIf a user's e-mail address changes or you wish you remove your e-mail address, you can contact us at: luinilovl@gmail.com with the request or by contacting us at the contact information listed below.",joebdfkalfblbkmhoclmhnmjkffhompi
0,"Privacy Policy - Play Online Games - Zillak Games   Home  Search  Top List Categories Action Games Arcade Games Defense Games Dress-Up Games Driving Games Online Games Puzzle Games Shooting Games Sports Games Privacy Policy Contact USPrivacy PolicyPrivacy Policy for Zillak GamesIf you require any more information or have any questions about our privacy policy, please feel free to contact us by email at zillakgames@gmail.comAt Zillak Games we consider the privacy of our visitors to be extremely important.",dphhadhocacjbpdcpbehfomdocpeidji
1,This privacy policy document describes in detail the types of personal information is collected and recorded by Zillak Games and how we use it.,dphhadhocacjbpdcpbehfomdocpeidji
17,"Log FilesLike many other Web sites, Zillak Games makes use of log files.",dphhadhocacjbpdcpbehfomdocpeidji
3,These files merely logs visitors to the site  usually a standard procedure for hosting companies and a part of hosting services analytics.,dphhadhocacjbpdcpbehfomdocpeidji
17,"The information inside the log files includes internet protocol (IP) addresses, browser type,Internet Service Provider (ISP), date/time stamp, refeing/exit pages, and possibly the number of clicks.",dphhadhocacjbpdcpbehfomdocpeidji
3,"This information is used to analyze trends,administer the site, track user's movement around the site, and gather demographic information.",dphhadhocacjbpdcpbehfomdocpeidji
0,"IP addresses, and other such information are not linked to any information that is personally identifiable.",dphhadhocacjbpdcpbehfomdocpeidji
19,"Cookies and Web BeaconsZillak Games uses cookies to store information about visitors' preferences, to record user-specific information on which pages the site visitor accesses or visits,and to personalize or customize our web page content based upon visitors' browser type or other information that the visitor sends via their browser.",dphhadhocacjbpdcpbehfomdocpeidji
19,"DoubleClick DART Cookie Google, as a third party vendor, uses cookies to serve ads on Zillak Games.",dphhadhocacjbpdcpbehfomdocpeidji
19,Google's use of the DART cookie enables it to serve ads to our site's visitors based upon their visit to Zillak Games and other sites on the Internet.,dphhadhocacjbpdcpbehfomdocpeidji
8,Users may opt out of the use of the DART cookie by visiting the Google ad and content network privacy policy at the following URL http://www.google.com/privacy_ads.html,dphhadhocacjbpdcpbehfomdocpeidji
19,Some of our advertising partners may use cookies and web beacons on our site.,dphhadhocacjbpdcpbehfomdocpeidji
0,You may consult this listing to find the privacy policy for each of the advertising partners of Zillak Games.,dphhadhocacjbpdcpbehfomdocpeidji
0,These third-party ad servers or ad networks use technology in their respective advertisements and links that appear on Zillak Games and which are sent directly to your browser.,dphhadhocacjbpdcpbehfomdocpeidji
0,They automatically receive your IP address when this occurs.,dphhadhocacjbpdcpbehfomdocpeidji
19,"Other technologies (such as cookies, JavaScript, or Web Beacons) may also be used by our site's third-party ad networks to measure the effectiveness of their advertising campaigns and/or to personalize the advertising content that you see on the site.",dphhadhocacjbpdcpbehfomdocpeidji
3,Zillak Games has no access to or control over these cookies that areused by third-party advertisers.,dphhadhocacjbpdcpbehfomdocpeidji
0,You should consult the respective privacy policies of these third-party ad servers for more detailed information on their practices as well as for instructions about howto opt-out of certain practices.,dphhadhocacjbpdcpbehfomdocpeidji
0,"privacy policy does not apply to, and we cannot control the activities of, such other advertisers or web sites.",dphhadhocacjbpdcpbehfomdocpeidji
0,You may find a comprehensive listing of these privacy policies and their links here: Privacy Policy Links.,dphhadhocacjbpdcpbehfomdocpeidji
6,"If you wish to disable cookies, you may do so through your individual browser options.",dphhadhocacjbpdcpbehfomdocpeidji
19,More detailed information about cookie management with specific web browsers can be found at the browsers' respective websites.,dphhadhocacjbpdcpbehfomdocpeidji
0,Children's Information We believe it is important to provide added protection for children online.,dphhadhocacjbpdcpbehfomdocpeidji
0,"We encourage parents and guardians to spend time online with their children to observe, participatein and/or monitor and guide their online activity.",dphhadhocacjbpdcpbehfomdocpeidji
0,Zillak Games does not knowingly collect any personally identifiable information from children under the age of 13.,dphhadhocacjbpdcpbehfomdocpeidji
0,"If a parent or guardian believes that Zillak Games has in its database the personally-identifiable information of a child under the age of 13, please contact us immediately(using the contact in the first paragraph) and we will use our best efforts to promptly remove such information from our records.",dphhadhocacjbpdcpbehfomdocpeidji
0,Online Privacy Policy Only.This privacy policy applies only to our online activities and is valid for visitors to our website and regarding information shared and/or collected there.,dphhadhocacjbpdcpbehfomdocpeidji
0,This policy does not apply to any information collected offline or via channels other than this website.,dphhadhocacjbpdcpbehfomdocpeidji
0,"Consent By using our website, you here by consent to our privacy policy and agree to its terms.",dphhadhocacjbpdcpbehfomdocpeidji
0,"Privacy Policy Online Approved Site Update This Privacy Policy was last updated on: Tuesday, August 16th, 2016.",dphhadhocacjbpdcpbehfomdocpeidji
0,"Should we update, amend or make any changes to our privacy policy, those changes will be posted here.",dphhadhocacjbpdcpbehfomdocpeidji
0,Mobile Actions Codespaces Packages Security Code review Issues Integrations GitHub Sponsors Customer stories Team Enterprise Explore Explore GitHub Learn and contribute Topics Collections Trending Learning Lab Open source guides Connect with others. The ReadME Project Events Community forum GitHub Education GitHub Stars program Marketplace,dommpfbbddejhlmnoeilamlncnedcjfi
1,This Privacy Policy document contains types of information that is collected and recorded by dsrvlabs and how we use it.,dommpfbbddejhlmnoeilamlncnedcjfi
0,"If you have additional questions or require more information about our Privacy Policy, do not hesitate to contact us.",dommpfbbddejhlmnoeilamlncnedcjfi
0,This Privacy Policy applies only to our online activities and is valid for visitors to our website with regards to the information that they shared and/or collect in dsrvlabs.,dommpfbbddejhlmnoeilamlncnedcjfi
0,This policy is not applicable to any information collected offline or via channels other than this website.,dommpfbbddejhlmnoeilamlncnedcjfi
0,Our Privacy Policy was created with the help of the Privacy Policy Generator and the Free Privacy Policy Generator.,dommpfbbddejhlmnoeilamlncnedcjfi
0,"Consent By using our website, you hereby consent to our Privacy Policy and agree to its terms.",dommpfbbddejhlmnoeilamlncnedcjfi
1,"Information we collectThe personal information that you are asked to provide, and the reasons why you are asked to provide it, will be made clear to you at the point we ask you to provide your personal information.",dommpfbbddejhlmnoeilamlncnedcjfi
1,"If you contact us directly, we may receive additional information about you such as your name, email address, phone number, the contents of the message and/or attachments you may send us, and any other information you may choose to provide.",dommpfbbddejhlmnoeilamlncnedcjfi
1,"When you register for an Account, we may ask for your contact information, including items such as name, company name, address, email address, and telephone number.",dommpfbbddejhlmnoeilamlncnedcjfi
3,"How we use your information/ We use the information we collect in various ways, including to:Provide, operate, and maintain our website Improve, personalize, and expand our website Understand and analyze how you use our website Develop new products, services, features, and functionalityCommunicate with you, either directly or through one of our partners, including for customer service, to provide you with updates and other information relating to the webste, and for marketing and promotional purposes Send you emails Find and prevent fraud Log Files dsrvlabs follows a standard procedure of using log files.",dommpfbbddejhlmnoeilamlncnedcjfi
17,These files log visitors when they visit websites.,dommpfbbddejhlmnoeilamlncnedcjfi
0,All hosting companies do this and a part of hosting services' analytics.,dommpfbbddejhlmnoeilamlncnedcjfi
17,"The information collected by log files include internet protocol (IP) addresses, browser type, Internet Service Provider (ISP), date and time stamp, refeing/exit pages, and possibly the number of clicks.",dommpfbbddejhlmnoeilamlncnedcjfi
0,These are not linked to any information that is personally identifiable.,dommpfbbddejhlmnoeilamlncnedcjfi
3,"The purpose of the information is for analyzing trends, administering the site, tracking users' movement on the website, and gathering demographic information.",dommpfbbddejhlmnoeilamlncnedcjfi
0,Advertising Partners Privacy PoliciesYou may consult this list to find the Privacy Policy for each of the advertising partners of dsrvlabs.,dommpfbbddejhlmnoeilamlncnedcjfi
19,"Third-party ad servers or ad networks uses technologies like cookies, JavaScript, or Web Beacons that are used in their respective advertisements and links that appear on dsrvlabs, which are sent directly to users' browser.",dommpfbbddejhlmnoeilamlncnedcjfi
19,They automatically receive your IP address when this occurs.,dommpfbbddejhlmnoeilamlncnedcjfi
18,These technologies are used to measure the effectiveness of their advertising campaigns and/or to personalize the advertising content that you see on websites that you visit.,dommpfbbddejhlmnoeilamlncnedcjfi
3,These technologies are used to measure the effectiveness of their advertising campaigns and/or to personalize the advertising content that you see on websites that you visit.,dommpfbbddejhlmnoeilamlncnedcjfi
0,Note that dsrvlabs has no access to or control over these cookies that are used by third-party advertisers.,dommpfbbddejhlmnoeilamlncnedcjfi
0,Third Party Privacy Policiesdsrvlabs's Privacy Policy does not apply to other advertisers or websites.,dommpfbbddejhlmnoeilamlncnedcjfi
0,"Thus, we are advising you to consult the respective Privacy Policies of these third-party ad servers for more detailed information.",dommpfbbddejhlmnoeilamlncnedcjfi
0,It may include their practices and instructions about how to opt-out of certain options.,dommpfbbddejhlmnoeilamlncnedcjfi
6,You can choose to disable cookies through your individual browser options.,dommpfbbddejhlmnoeilamlncnedcjfi
19,You can choose to disable cookies through your individual browser options.,dommpfbbddejhlmnoeilamlncnedcjfi
0,"To know more detailed information about cookie management with specific web browsers, it can be found at the browsers' respective websites.",dommpfbbddejhlmnoeilamlncnedcjfi
0,"CCPA Privacy Rights (Do Not Sell My Personal Information)Under the CCPA, among other rights, California consumers have the right to:Request that a business that collects a consumer's personal data disclose the categories and specific pieces of personal data that a business has collected about consumers.",dommpfbbddejhlmnoeilamlncnedcjfi
6,Request that a business delete any personal data about the consumer that a business has collected.,dommpfbbddejhlmnoeilamlncnedcjfi
7,"Request that a business that sells a consumer's personal data, not sell the consumer's personal data.",dommpfbbddejhlmnoeilamlncnedcjfi
0,"If you make a request, we have one month to respond to you.",dommpfbbddejhlmnoeilamlncnedcjfi
0,"If you would like to exercise any of these rights, please contact us.",dommpfbbddejhlmnoeilamlncnedcjfi
0,GDPR Data Protection RightsWe would like to make sure you are fully aware of all of your data protection rights.,dommpfbbddejhlmnoeilamlncnedcjfi
5,Every user is entitled to the following:The right to access. You have the right to request copies of your personal data.,dommpfbbddejhlmnoeilamlncnedcjfi
0,We may charge you a small fee for this service.,dommpfbbddejhlmnoeilamlncnedcjfi
6,The right to rectification. You have the right to request that we coect any information you believe is inaccurate.,dommpfbbddejhlmnoeilamlncnedcjfi
6,You also have the right to request that we complete the information you believe is incomplete.,dommpfbbddejhlmnoeilamlncnedcjfi
6,"The right to erasure. You have the right to request that we erase your personal data, under certain conditions.",dommpfbbddejhlmnoeilamlncnedcjfi
7,"The right to restrict processing. You have the right to request that we restrict the processing of your personal data, under certain conditions.",dommpfbbddejhlmnoeilamlncnedcjfi
8,"The right to object to processing. You have the right to object to our processing of your personal data, under certain conditions.",dommpfbbddejhlmnoeilamlncnedcjfi
9,"The right to data portability. You have the right to request that we transfer the data that we have collected to another organization, or directly to you, under certain conditions.",dommpfbbddejhlmnoeilamlncnedcjfi
0,"If you make a request, we have one month to respond to you.",dommpfbbddejhlmnoeilamlncnedcjfi
0,"If you would like to exercise any of these rights, please contact us.",dommpfbbddejhlmnoeilamlncnedcjfi
0,Children's Information. Another part of our priority is adding protection for children while using the internet.,dommpfbbddejhlmnoeilamlncnedcjfi
0,"We encourage parents and guardians to observe, participate in, and/or monitor and guide their online activity.",dommpfbbddejhlmnoeilamlncnedcjfi
0,dsrvlabs does not knowingly collect any Personal Identifiable Information from children under the age of 13.,dommpfbbddejhlmnoeilamlncnedcjfi
0,"If you think that your child provided this kind of information on our website, we strongly encourage you to contact us immediately and we will do our best efforts to promptly remove such information from our records.",dommpfbbddejhlmnoeilamlncnedcjfi
0,The Extension may include links or otherwise allow you to access and perhaps submit information to third-party applications or sites.,ccdicpegfiaiaanjpdobciffiboefikk
0,"Any information you submit to linked sites or other applications that may be accessible from the Extension will be subject to the privacy policies of those sites or applications, if any.",ccdicpegfiaiaanjpdobciffiboefikk
0,"You are not required to register with us to download a Extension, and may do so anonymously.",ccdicpegfiaiaanjpdobciffiboefikk
0,"No Spyware, No AdwareThe Extension does not collect any personal information about you (such as your name, email address, etc.",ccdicpegfiaiaanjpdobciffiboefikk
0,"Further, it does not collect or report back to us (or anyone else) any data regarding your computer keystrokes or other data unrelated to the services the Extension provides.",ccdicpegfiaiaanjpdobciffiboefikk
0,Anonymous Extension Usage Statistics.,ccdicpegfiaiaanjpdobciffiboefikk
0,"In order to continue to provide the high-quality Extensions to you and to other Users, we do need certain statistics about how our Extensions are used.",ccdicpegfiaiaanjpdobciffiboefikk
0,"To facilitate this, the Extension includes one or more unique application numbers that are not associated with you or your New Tab Gallery account (if you have chosen to register with us).",ccdicpegfiaiaanjpdobciffiboefikk
17,"These numbers are sent to us when you install or uninstall the Extension and when the Extension periodically contacts our servers, for example, to request automatic updates or to provide us with usage statistics about that Extension, such as whether it is active, default settings and total usage of other features of the Extension, including links to third-party applications or sites (Usage Statistics).",ccdicpegfiaiaanjpdobciffiboefikk
0,All Usage Statistics are recorded on a non-personally identifiable basis and is kept strictly anonymous.,ccdicpegfiaiaanjpdobciffiboefikk
0,We do not use the Service to knowingly solicit data from or market to children under the age of 13.,ccdicpegfiaiaanjpdobciffiboefikk
0,"If a parent or guardian becomes aware that his or her child has provided us with personally identifiable information without their consent, he or she should contact us at infobrandthunder.com.",ccdicpegfiaiaanjpdobciffiboefikk
6,We will delete such information from our files.,ccdicpegfiaiaanjpdobciffiboefikk
0,Our website and browser extensions are unofficial.,ccdicpegfiaiaanjpdobciffiboefikk
0,We are not affiliated with or sponsored by the entity whose materials are represented in the extensions.,ccdicpegfiaiaanjpdobciffiboefikk
0,"By downloading, installing and/or using our extensions, you acknowledge that our website and browser extensions are not affiliated with or sponsored by the entity whose materials are represented in the extensions.",ccdicpegfiaiaanjpdobciffiboefikk
4,"If you have any questions or concerns about this Privacy Policy or its implementation, or if you believe there are inaccuracies in your account information you may contact us as follows:New Tab Group, LLCPO BOX 121Columbus, Ohio 43002Email: infonewtabgallery.comLast Updated: DECEMBER 2018Find UsAddressChrome New TabHours: About This SiteWe have been creating browser extensions for 10 years.",ccdicpegfiaiaanjpdobciffiboefikk
0,we love making your browsing experience more enjoyable!,ccdicpegfiaiaanjpdobciffiboefikk
0,Do we disclose any information to outside parties?,jnjipokjgimlmkcbkkhgnbonfomkcgep
0,Third party links Childrens Online Privacy Protection Act Compliance Your Consent Contacting Us Who we are Our website address is: https://apsppy.net.,jnjipokjgimlmkcbkkhgnbonfomkcgep
0,What do we use your information for?,jnjipokjgimlmkcbkkhgnbonfomkcgep
3,Any of the information we collect from you may be used in one of the following ways: ; To personalize your experience (your information helps us to better respond to your individual needs) ; To improve our website (we continually strive to improve our website offerings based on the information and feedback we receive from you) ; To improve customer service (your information helps us to more effectively respond to your customer service requests and support needs),jnjipokjgimlmkcbkkhgnbonfomkcgep
19,Do we use cookies? Yes (Cookies are small files that a site or its service provider transfers to your computers hard drive through your Web browser (if you allow) that enables the sites or service providers systems to recognize your browser and capture and remember certain information We use cookies to compile aggregate data about site traffic and site interaction so that we can offer better site experiences and tools in the future.,jnjipokjgimlmkcbkkhgnbonfomkcgep
0,Do we disclose any information to outside parties?,jnjipokjgimlmkcbkkhgnbonfomkcgep
0,"We do not sell, trade, or otherwise transfer to outside parties your personally identifiable information.",jnjipokjgimlmkcbkkhgnbonfomkcgep
0,"This does not include trusted third parties who assist us in operating our website, conducting our business, or servicing you, so long as those parties agree to keep this information confidential.",jnjipokjgimlmkcbkkhgnbonfomkcgep
0,"We may also release your information when we believe release is appropriate to comply with the law, enforce our site policies, or protect ours or others rights, property, or safety.",jnjipokjgimlmkcbkkhgnbonfomkcgep
3,"However, non-personally identifiable visitor information may be provided to other parties for marketing, advertising, or other uses.",jnjipokjgimlmkcbkkhgnbonfomkcgep
0,"Third party links. Occasionally, at our discretion, we may include or offer third party products or services on our website.",jnjipokjgimlmkcbkkhgnbonfomkcgep
0,These third party sites have separate and independent privacy policies.,jnjipokjgimlmkcbkkhgnbonfomkcgep
0,We therefore have no responsibility or liability for the content and activities of these linked sites.,jnjipokjgimlmkcbkkhgnbonfomkcgep
0,"Nonetheless, we seek to protect the integrity of our site and welcome any feedback about these sites.",jnjipokjgimlmkcbkkhgnbonfomkcgep
0,"Childrens Online Privacy Protection Act ComplianceWe are in compliance with the requirements of COPPA (Childrens Online Privacy Protection Act), we do not collect any information from anyone under 13 years of age.",jnjipokjgimlmkcbkkhgnbonfomkcgep
0,"Our website, products and services are all directed to people who are at least 13 years old or older.",jnjipokjgimlmkcbkkhgnbonfomkcgep
0,"Your Consent By using our site, you consent to our websites privacy policy.",jnjipokjgimlmkcbkkhgnbonfomkcgep
4,Contacting Us If there are any questions regarding this privacy policy you may contact us using the information below.,jnjipokjgimlmkcbkkhgnbonfomkcgep
4,https://appspy.net support (at) appspy.net AppSpyFree is a free phone spying app with amazing features.,jnjipokjgimlmkcbkkhgnbonfomkcgep
3,"You can use this phone spying app to monitor kids, track employees, manage your phone data, and for other purposes.",jnjipokjgimlmkcbkkhgnbonfomkcgep
17,"Personal identification informationWe may collect personal identification information from Users in a variety of ways, including, but not limited to, when Users visit our site and in connection with other activities, services, features or resources we make available on our Site.",jpckfhpnfmagpjgknglfcfbhifclloin
1,"Users may be asked for, as appropriate, name, email address.",jpckfhpnfmagpjgknglfcfbhifclloin
0,"Users may, however, visit our Site anonymously.",jpckfhpnfmagpjgknglfcfbhifclloin
0,We will collect personal identification information from Users only if they voluntarily submit such information to us.,jpckfhpnfmagpjgknglfcfbhifclloin
17,"Users can always refuse to supply personally identification information, except that it may prevent them from engaging in certain Site related activities.",jpckfhpnfmagpjgknglfcfbhifclloin
0,Non-personal identification information We may collect non-personal identification information about Users whenever they interact with our Site.,jpckfhpnfmagpjgknglfcfbhifclloin
0,"Non-personal identification information may include the browser name, the type of computer and technical information about Users means of connection to our Site, such as the operating system and the Internet service providers utilized and other similar information.",jpckfhpnfmagpjgknglfcfbhifclloin
3,How we use collected informationEmulator Online may collect and use Users personal information for the following purposes:To run and operate our SiteTo improve our SiteTo improve customer serviceTo personalize user experienceInformation you provide helps us respond to your customer service requests and support needs more efficientlyWe may need your information display content on the Site coectlyWe may use feedback you provide to improve our products and servicesWe may use information in the aggregate to understand how our Users as a group use the services and resources provided on our SiteWeb browser cookies. Our Site may use cookies to enhance User experience.,jpckfhpnfmagpjgknglfcfbhifclloin
19,How we use collected informationEmulator Online may collect and use Users personal information for the following purposes:To run and operate our SiteTo improve our SiteTo improve customer serviceTo personalize user experienceInformation you provide helps us respond to your customer service requests and support needs more efficientlyWe may need your information display content on the Site coectlyWe may use feedback you provide to improve our products and servicesWe may use information in the aggregate to understand how our Users as a group use the services and resources provided on our SiteWeb browser cookies. Our Site may use cookies to enhance User experience.,jpckfhpnfmagpjgknglfcfbhifclloin
3,User's web browser places cookies on their hard drive for record-keeping purposes and sometimes to track information about them.,jpckfhpnfmagpjgknglfcfbhifclloin
19,Users web browser places cookies on their hard drive for record-keeping purposes and sometimes to track information about them.,jpckfhpnfmagpjgknglfcfbhifclloin
19,"User may choose to set their web browser to refuse cookies, or to alert you when cookies are being sent.",jpckfhpnfmagpjgknglfcfbhifclloin
0,"If they do so, note that some parts of the Site may not function properly.",jpckfhpnfmagpjgknglfcfbhifclloin
0,"How we protect your informationWe adopt appropriate data collection, storage and processing practices and security measures to protect against unauthorized access, alteration, disclosure or destruction of your personal information, username, password, transaction information and data stored on our Site.",jpckfhpnfmagpjgknglfcfbhifclloin
0,"Sharing your personal information. We do not sell, trade, or rent Users personal identification information to others.",jpckfhpnfmagpjgknglfcfbhifclloin
3,"We may share generic aggregated demographic information not linked to any personal identification information regarding visitors and users with our business partners, trusted affiliates and advertisers for the purposes outlined above.",jpckfhpnfmagpjgknglfcfbhifclloin
19,"Advertising Ads appearing on our site may be delivered to Users by advertising partners, who may set cookies.",jpckfhpnfmagpjgknglfcfbhifclloin
19,These cookies allow the ad server to recognize your computer each time they send you an online advertisement to compile non personal identification information about you or others who use your computer.,jpckfhpnfmagpjgknglfcfbhifclloin
0,"This information allows ad networks to, among other things, deliver targeted advertisements that they believe will be of most interest to you.",jpckfhpnfmagpjgknglfcfbhifclloin
0,This privacy policy does not cover the use of cookies by any advertisers.,jpckfhpnfmagpjgknglfcfbhifclloin
0,Some of the ads may be served by Google.,jpckfhpnfmagpjgknglfcfbhifclloin
19,Googles use of the DART cookie enables it to serve ads to Users based on their visit to our Site and other sites on the Internet.,jpckfhpnfmagpjgknglfcfbhifclloin
0,"DART uses non personally identifiable information and does NOT track personal information about you, such as your name, email address, physical address, etc.",jpckfhpnfmagpjgknglfcfbhifclloin
19,You may opt out of the use of the DART cookie by visiting the Google ad and content network privacy policy at http://www.,jpckfhpnfmagpjgknglfcfbhifclloin
0,google.com/privacy_ads.,jpckfhpnfmagpjgknglfcfbhifclloin
0,html Updates to this privacy policy Mario Bros Online has the discretion to update this privacy policy at any time.,jpckfhpnfmagpjgknglfcfbhifclloin
0,"When we do, we will post a notification on the main page of our Site.",jpckfhpnfmagpjgknglfcfbhifclloin
0,We encourage Users to frequently check this page for any changes to stay informed about how we are helping to protect the personal information we collect.,jpckfhpnfmagpjgknglfcfbhifclloin
0,You acknowledge and agree that it is your responsibility to review this privacy policy periodically and become aware of modifications.,jpckfhpnfmagpjgknglfcfbhifclloin
0,"Your Acceptance of these termsBy using our website, you signify your acceptance of this policy.",jpckfhpnfmagpjgknglfcfbhifclloin
0,"If you do not agree to this policy, please do not use our Site.",jpckfhpnfmagpjgknglfcfbhifclloin
0,Your continued use of the Site following the posting of changes to this policy will be deemed your acceptance of those changes.,jpckfhpnfmagpjgknglfcfbhifclloin
0,"If you also have any wishes or suggessions, we are always open to your ideas and needs.",jpckfhpnfmagpjgknglfcfbhifclloin
0,"All graphics, games, and other multimedia are copyrighted to their respective owners and authors.",jpckfhpnfmagpjgknglfcfbhifclloin
0,HAPPY ONLINE RETRO GAMING AND THANKS FOR PLAYING!,jpckfhpnfmagpjgknglfcfbhifclloin
0,About Us Play Emulator.,jpckfhpnfmagpjgknglfcfbhifclloin
0,Online is your best online retro gaming place to play all your favorite consoles on your web browser.,jpckfhpnfmagpjgknglfcfbhifclloin
0,"We are theretro gamers like you and our project is dedicated to all retro game lovers. Now you can playSuper Nintendo (Snes),Gameboy / ColorandGameboy Advance (GBA),Nintendo 64 (N64),Nintendo DS (NDS),Sega Genesisand MAME games with our online emulator.",jpckfhpnfmagpjgknglfcfbhifclloin
0,Youre playing a game and need to go but want to save your game?,jpckfhpnfmagpjgknglfcfbhifclloin
0,Our online emulator can give you the save and load options.,jpckfhpnfmagpjgknglfcfbhifclloin
0,So you will never lose your games and continue to play your game soon.,jpckfhpnfmagpjgknglfcfbhifclloin
0,"If you have a game request, please feel free to tell us.",jpckfhpnfmagpjgknglfcfbhifclloin
0,"If you also have any wishes or suggessions, we are always open to your ideas and needs.",jpckfhpnfmagpjgknglfcfbhifclloin
0,"online is the best choice to play best of Snes, Nes, GBA, NDS, Mame, CPS and Sega Genesis Games with online emulator without downloading any roms or emulators.",jpckfhpnfmagpjgknglfcfbhifclloin
0,Our goal is to provide you the best retro gaming experince on your browser.,jpckfhpnfmagpjgknglfcfbhifclloin
0,Now you can save your games and load whenever you want.,jpckfhpnfmagpjgknglfcfbhifclloin
0,Online is the place to play retro games online.,jpckfhpnfmagpjgknglfcfbhifclloin
0,You dont already need anything to download.,jpckfhpnfmagpjgknglfcfbhifclloin
0,"All graphics, games, and other multimedia are copyrighted to their respective owners and authors.",jpckfhpnfmagpjgknglfcfbhifclloin
0,HAPPY ONLINE RETRO GAMING AND THANKS FOR PLAYING!,jpckfhpnfmagpjgknglfcfbhifclloin
19,Copyright  2022 PlayEmulator Online. We use cookies on our website to give you the most relevant experience by remembering your preferences and repeat visits.,jpckfhpnfmagpjgknglfcfbhifclloin
19,"By clicking Accept, you consent to the use of ALL the cookies.",jpckfhpnfmagpjgknglfcfbhifclloin
0,Do not sell my personal information.,jpckfhpnfmagpjgknglfcfbhifclloin
19,Cookie settings ACCEPT Privacy & Cookies Policy Close Privacy Overview This website uses cookies to improve your experience while you navigate through the website.,jpckfhpnfmagpjgknglfcfbhifclloin
19,"Out of these, the cookies that are categorized as necessary are stored on your browser as they are essential for the working of basic functionalities of the website.",jpckfhpnfmagpjgknglfcfbhifclloin
19,We also use third-party cookies that help us analyze and understand how you use this website.,jpckfhpnfmagpjgknglfcfbhifclloin
19,These cookies will be stored in your browser only with your consent.,jpckfhpnfmagpjgknglfcfbhifclloin
19,You also have the option to opt-out of these cookies.,jpckfhpnfmagpjgknglfcfbhifclloin
19,But opting out of some of these cookies may affect your browsing experience.,jpckfhpnfmagpjgknglfcfbhifclloin
19,Necessary Necessary Always Enabled Necessary cookies are absolutely essential for the website to function properly.,jpckfhpnfmagpjgknglfcfbhifclloin
19,This category only includes cookies that ensures basic functionalities and security features of the website.,jpckfhpnfmagpjgknglfcfbhifclloin
0,These cookies do not store any personal information.,jpckfhpnfmagpjgknglfcfbhifclloin
18,"Non-necessary Any cookies that may not be particularly necessary for the website to function and is used specifically to collect user personal data via analytics, ads, other embedded contents are termed as non-necessary cookies.",jpckfhpnfmagpjgknglfcfbhifclloin
19,"Non-necessary Any cookies that may not be particularly necessary for the website to function and is used specifically to collect user personal data via analytics, ads, other embedded contents are termed as non-necessary cookies.",jpckfhpnfmagpjgknglfcfbhifclloin
19,It is mandatory to procure user consent prior to running these cookies on your website.,jpckfhpnfmagpjgknglfcfbhifclloin
0,Privacy Policy World's Most Inspiring People. Terms and Privacy Policy.This is the main privacy policy for StartJoe and for certain services provided through the StartJoe Facebook Page by StartJoe Association.,mpfmcalnjlaabpadbgmipigiedcibhll
1,StartJoe Applications collect different types of information about our users for two main reasons: ,mpfmcalnjlaabpadbgmipigiedcibhll
3,To provide personalized services unique to individual users.,mpfmcalnjlaabpadbgmipigiedcibhll
3,To help us to monitor and improve the services we offer.,mpfmcalnjlaabpadbgmipigiedcibhll
0,There may be additional privacy policies that apply to certain rapplications made by StartJoe.,mpfmcalnjlaabpadbgmipigiedcibhll
0,Please read these at the time you egister or subscribe for these services on these Facebook Page.,mpfmcalnjlaabpadbgmipigiedcibhll
0,Your continued use of this site after any change in this Privacy Policy will constitute your acceptance of such change.,mpfmcalnjlaabpadbgmipigiedcibhll
0,StartJoe encourage visitors to frequently check this page for any changes to its Privacy Policy.,mpfmcalnjlaabpadbgmipigiedcibhll
17,"Website VisitorsrLike most website operators, StartJoe collects non-personally-identifying information of the sort that web browsers rand servers typically make available, such as the browser type, language preference, referring site, and the date and time of each visitor request.",mpfmcalnjlaabpadbgmipigiedcibhll
3,StartJoe's purpose in collecting non-personally identifying information is to better understand how StartJoe's visitors ruse its website.,mpfmcalnjlaabpadbgmipigiedcibhll
0,"From time to time, we may release non-personally-identifying information in the aggregate, e.g., by publishing a report on trends in the usage of its website.",mpfmcalnjlaabpadbgmipigiedcibhll
1,StartJoe also collects potentially personally-identifying information like Internet Protocol (IP) addresses for logged in users and for users leaving comments on StartJoe posts.,mpfmcalnjlaabpadbgmipigiedcibhll
15,StartJoe also collects potentially personally-identifying information like Internet Protocol (IP) addresses for logged in users and for users leaving comments on StartJoe posts.,mpfmcalnjlaabpadbgmipigiedcibhll
0,"StartJoe only discloses logged in user and commenter IP addresses under the same circumstances that it uses and discloses personally-identifying information as described below, except that blog commenter IP addresses are visible and disclosed to the administrators of the blog where the comment was left.",mpfmcalnjlaabpadbgmipigiedcibhll
0,Gathering of Personally-Identifying Information Certain visitors to StartJoe's websites choose to interact with StartJoe in ways that require StartJoe to gather personally-identifying information.,mpfmcalnjlaabpadbgmipigiedcibhll
0,The amount and type of informationr that StartJoe gathers depends on the nature of the interaction.,mpfmcalnjlaabpadbgmipigiedcibhll
0,"For rexample, we ask visitors who sign up for an account on http://StartJoe.com to provide a username and email address.",mpfmcalnjlaabpadbgmipigiedcibhll
3,"In each case, StartJoe collects such information only in so far as is necessary or appropriate to fulfill the purpose of the visitor's interaction with StartJoe.",mpfmcalnjlaabpadbgmipigiedcibhll
0,StartJoe does not disclose personally-identifying information other than as described below.,mpfmcalnjlaabpadbgmipigiedcibhll
0,"And visitors can always efuse to supply personally-identifying information, with the caveat that it may prevent them from engaging in certain website-related activities.",mpfmcalnjlaabpadbgmipigiedcibhll
17,Aggregated Statistics StartJoe may collect statistics about the behavior of visitors to its websites.,mpfmcalnjlaabpadbgmipigiedcibhll
0,StartJoe may display this information publicly or provide it to others.,mpfmcalnjlaabpadbgmipigiedcibhll
0,"However, StartJoe does not disclose personally-identifying information other than as described below.",mpfmcalnjlaabpadbgmipigiedcibhll
0,"Protection of Certain Personally-Identifying Information StartJoe discloses potentially personally-identifying and personally-identifying information only to those of its employees, contractors and affiliated organizations that (i) need to know that information in order to process it on StartJoe's behalf or to provide services available at StartJoe's websites, and (ii) that have agreed not to disclose it to others.",mpfmcalnjlaabpadbgmipigiedcibhll
0,"Some of those employees, contractors andr affiliated organizations may be located outside of your home country; by using StartJoe's websites, you consent to the transfer of such information to them.",mpfmcalnjlaabpadbgmipigiedcibhll
0,StartJoe will not rent or sell potentially personally-identifying and personally-identifying information to anyone.,mpfmcalnjlaabpadbgmipigiedcibhll
0,"Other than to its employees, contractors and affiliated organizations, as described above, StartJoe discloses potentially personally-identifying and personally-identifying information only when required to do so by law, or when StartJoe believes in good faith that disclosure is reasonably necessary to protect the property or rights of StartJoe, third parties or the public at large.",mpfmcalnjlaabpadbgmipigiedcibhll
0,"If you are ar registered user of a StartJoe website and have supplied your email address, StartJoe may occasionally send you an email to tell you about new features, solicit your feedback, or just keep you up to date with what's going on with StartJoe and our products.",mpfmcalnjlaabpadbgmipigiedcibhll
0,"We primarily use our various product blogs to communicate this type of information, so we expect to keep this type of email to a minimum.",mpfmcalnjlaabpadbgmipigiedcibhll
0,"If you send us a equest (for example via a support email or via one of our feedback mechanisms), we reserve the right to publish it in order to help us clarify or respond to your request or to help us support other users.",mpfmcalnjlaabpadbgmipigiedcibhll
0,"StartJoe takes all measures reasonably necessary to protect against the unauthorized access, use, alteration or destruction of potentially personally-identifying and personally-identifying information.",mpfmcalnjlaabpadbgmipigiedcibhll
19,"Cookies A cookie is a string of information that a website stores on a visitor's computer, and that the visitor's browser provides to the website each time the visitor returns.",mpfmcalnjlaabpadbgmipigiedcibhll
19,"StartJoe uses cookies to help StartJoe identify and track visitors, their usage of StartJoe website, and their website access preferences.",mpfmcalnjlaabpadbgmipigiedcibhll
0,"StartJoe visitors who do not wish to have cookies placed on their computers should set their browsers to refuse cookies before using StartJoe's websites, with the drawback that certain features of StartJoe's websites may not functionr properly without the aid of cookies.",mpfmcalnjlaabpadbgmipigiedcibhll
19,"Ads Ads appearing on any of our websites may be delivered to users by advertising partners, who may set cookies.",mpfmcalnjlaabpadbgmipigiedcibhll
19,These cookies allow the ad server to recognize your computer each time they send you an online advertisement to compile information about you or others who use your computer.,mpfmcalnjlaabpadbgmipigiedcibhll
0,"This information allows ad networks to, among other things, deliver targeted advertisements that they believe will be of most interest to you.",mpfmcalnjlaabpadbgmipigiedcibhll
0,This Privacy Policy covers the use of cookies by StartJoe and does not cover the use of cookies by any advertisers.,mpfmcalnjlaabpadbgmipigiedcibhll
0,Chrome Apps Privacy Policy Popup Dummy!,occbjkhimchkolibngmcefpjlbknggfh
0,Startup Select Anti-Hijacke RSS Submit RSS Auto Gen Back link Speed Back link Refresh Blog Blaster Easy Auto Refresh PAD express Logon Eight Image Grab Dummy!,occbjkhimchkolibngmcefpjlbknggfh
0,Safe Shoppe Privacy Dummy!,occbjkhimchkolibngmcefpjlbknggfh
0,G-Zappe NET Check Clock Dummy!,occbjkhimchkolibngmcefpjlbknggfh
0,"Easy Auto Refresh Privacy PolicyEasy Auto Refresh v5 does not collect, track, store, or use any personally identifiable nor anonymously aggregated user data.",occbjkhimchkolibngmcefpjlbknggfh
0,"Easy Auto Refresh v5 does not collect or record any information, including health, financial, authentication, personal, location, web history, user activity, no website content.",occbjkhimchkolibngmcefpjlbknggfh
0,"Easy Auto Refresh v5 does not collect or record any information, including health, financial, authentication, personal, location, web history, user activity, no website content.",occbjkhimchkolibngmcefpjlbknggfh
0,"Easy Auto Refresh v5 does not collect or record any information, including health, financial, authentication, personal, location, web history, user activity, nor website content.",occbjkhimchkolibngmcefpjlbknggfh
0,Web Site Privacy Policy What information do we collect?,occbjkhimchkolibngmcefpjlbknggfh
0,"We collect information from you when you register on our web site, place an order, or subscribe to our newsletter.",occbjkhimchkolibngmcefpjlbknggfh
1,"When ordering or registering on our site, as appropriate, you may be asked to enter your: name, e-mail address, mailing address or phone number.",occbjkhimchkolibngmcefpjlbknggfh
0,"You may, however, visit our site anonymously.",occbjkhimchkolibngmcefpjlbknggfh
0,What do we use your information for?,occbjkhimchkolibngmcefpjlbknggfh
3,"Any of the information we collect from you may be used in one of the following ways: To personalize your experience(your information helps us to better respond to your individual needs)To improve our website(we continually strive to improve our website offerings based on the information and feedback we receive from you) To improve customer service(your information helps us to more effectively respond to your customer service requests and support needs)To improve our software(your information helps us to more effectively enhance and update our software to better suit your needs)To process transactionsrYour information, whether public or private, will not be sold, exchanged, transfeed, or given to any other company for any reason whatsoever, without your consent, other than for the express purpose of delivering the purchased product or service requested.",occbjkhimchkolibngmcefpjlbknggfh
0,How do we protect your information?,occbjkhimchkolibngmcefpjlbknggfh
0,We implement a variety of security measures to maintain the safety of your personal information when you place an order.,occbjkhimchkolibngmcefpjlbknggfh
0,We offer the use of a secure server.,occbjkhimchkolibngmcefpjlbknggfh
12,"All supplied sensitive/credit information is transmitted via Secure Socket Layer (SSL) technology and then encrypted into our Payment gateway providers database only to be accessible by those authorized with special access rights to such systems, and are requiredrto keep the information confidential.",occbjkhimchkolibngmcefpjlbknggfh
20,"All supplied sensitive/credit information is transmitted via Secure Socket Layer (SSL) technology and then encrypted into our Payment gateway providers database only to be accessible by those authorized with special access rights to such systems, and are requiredrto keep the information confidential.",occbjkhimchkolibngmcefpjlbknggfh
19,Cookies are small files that a site or its service provider transfers to your computers hard drive through your Web browser (if you allow) that enables the sites or service providers systems to recognize your browser and capture and remember certain information.,occbjkhimchkolibngmcefpjlbknggfh
19,We use cookies to help us remember and process the items in your shopping cart and understand and save your preferences for future visits.,occbjkhimchkolibngmcefpjlbknggfh
0,Do we disclose any information to outside parties?,occbjkhimchkolibngmcefpjlbknggfh
0,"We do not sell, trade, or otherwise transfer to outside parties your personally identifiable information.",occbjkhimchkolibngmcefpjlbknggfh
0,"This does not include trusted third parties who assist us in operating our website, conducting our business, or servicing you, so long as those parties agree to keep this information confidential.",occbjkhimchkolibngmcefpjlbknggfh
0,"We may also release your information when we believe release is appropriate to comply with the law, enforce our site policies, or protect ours or others rights, property, or safety.",occbjkhimchkolibngmcefpjlbknggfh
0,"However, non-personally identifiable visitor information may be provided to other parties for marketing, advertising, or other uses.",occbjkhimchkolibngmcefpjlbknggfh
0,"Your Consent By using our site, you consent to our web site privacy policy.",occbjkhimchkolibngmcefpjlbknggfh
0,See also the Easy Auto Refresh EULA.,occbjkhimchkolibngmcefpjlbknggfh
0,"Changes to our Privacy Policy If we decide to change our privacy policy, we will post those changes on this page, and/or update the Privacy Policy modification date below.",occbjkhimchkolibngmcefpjlbknggfh
0,This policy was last modified on 11/18/2020 Contacting Us If there are any questions regarding this privacy policy you may contact us using the information below.,occbjkhimchkolibngmcefpjlbknggfh
0,dummysoftware.com/contact.,occbjkhimchkolibngmcefpjlbknggfh
0,"DeftPDF  Free PDF Software to Edit, Convert, Sign & More.",hghnkoikialmacnjlibfmlnhhihndepb
6,All tools Edit Convert PDF to JPG PDF to Word PDF to Excel PDF to TextPDF to PPT PDF to PDF/A Word to PDF JPG to PDF HTML to PDF PPT to PDF PDF to EPUB EPUB to PDF Fill & Sign Merge Delete Pages Upgrade Sign in POPULAR TranslateTranslate PDF or DOCX file Edit Edit PDF files for free.,hghnkoikialmacnjlibfmlnhhihndepb
0,"Add text, links, images and shapes.",hghnkoikialmacnjlibfmlnhhihndepb
0,Edit existing PDF text.,hghnkoikialmacnjlibfmlnhhihndepb
0,"Annotate PDF CropTrim PDF margins, change PDF page size Split in half Split two page layout scans, A3 to double A4 or A4 to double A5 Combine & Reorder Merge pages from different documents, reorder pages if needed Resize Add page margins and padding, Change PDF page size MERGE & COMPRESS Alternate & Mix Mixes pages from 2 or more documents, alternating between them Merge Combine multiple PDFs and images into one Combine & Reorder Merge pages from different documents, reorder pages if needed Compress Reduce the size of your PDFEDIT & SIGN Bates Numbering Bates stamp multiple files at once Crop Trim PDF margins, change PDF page size Delete Pages Remove pages from a PDF document Edit Edit PDF files for free.",hghnkoikialmacnjlibfmlnhhihndepb
0,"Add text, links, images and shapes.",hghnkoikialmacnjlibfmlnhhihndepb
0,Edit existing PDF text.,hghnkoikialmacnjlibfmlnhhihndepb
0,"Annotate PDF Fill & Sign Fill and Sign PDF Online Free Gray scale Convert PDF text and images to gray scale Header & Footer Apply page numbers or text labels to PDF filesN-UpInvoice GeneratorInvoice Generator New Protect Protect file with password and permissions Rotate Rotate and save PDF pages permanently Repair Recover data from a coupted or damaged PDF document Resize Add page margins and padding, Change PDF page size Sign Fill and Sign PDF Online FreeUnlockRemove restrictions and password from PDF files Watermark Add image or text watermark to PDF documentsTranslateTranslate PDF or DOCX file New CONVERT PDF to JPGGet PDF pages converted to JPG, PNG or TIFF imagesPDF to Word Creates a Microsoft Word .",hghnkoikialmacnjlibfmlnhhihndepb
0,"docx with text and images from PDF, optimizing for legibility PDF to Excel Convert PDF to Excel or CSV online for free.",hghnkoikialmacnjlibfmlnhhihndepb
10,"If you have questions, comments or complaints regarding our Privacy Policy or data practices, please contact us atSictec Infotech, Inc848 N. Rainbow Blvd.",hghnkoikialmacnjlibfmlnhhihndepb
0,"Ste 9027Las Vegas, NV 89107Contact at Supportdeftpdf.comIf you have an unresolved privacy or data use concern that we have not addressed satisfactorily, please contact our third party U.S.-based dispute resolution provider (free of charge) at https://feedback-form.",hghnkoikialmacnjlibfmlnhhihndepb
6,"truste.com/watchdog/requestSictec Infotech, Inc Data Protection Office If you have any requests regarding the data collected under this Privacy Policy, including but without limitation to, requests to remove, delete, amend, modify or transfer the data, please contact our Data Protection Officer at: Support deftpdf.com. Please include your name, address and email address in any coespondence so that we can respond to your inquiry or request.",hghnkoikialmacnjlibfmlnhhihndepb
0,"Changes to the Policy. We reserve the right to modify this Privacy Policy at any time, at our sole discretion, so please review it frequently, such changes will be effective immediately upon the display of the revised Privacy Policy.",hghnkoikialmacnjlibfmlnhhihndepb
0,Your continued use of our Services following the amendments constitutes your acknowledgement and consent of such amendments to the Privacy Policy and your agreement to be bound by the terms of such amendments.,hghnkoikialmacnjlibfmlnhhihndepb
0,"If we make material changes to this policy, we will make our best efforts to notify you here, by email, or by means of a notice on our Website.",hghnkoikialmacnjlibfmlnhhihndepb
0,"Depending on your interaction with us (meaning, if you are just browsing our Website, or if you have registered to our Services and opened an account, use our Services, etc.",hghnkoikialmacnjlibfmlnhhihndepb
17,"The Non-Personal Information which is being collected may include your aggregated usage information and technical information transmitted such as (but not limited to): the type of operating system, type of browser, language preference, the time and date you access our Website, your actions within our Services (e.g., registration, pages viewed, etc.",hghnkoikialmacnjlibfmlnhhihndepb
15,"), internet service provider, browsing data, search queries, browsing history, and approximate geo-location (country level).",hghnkoikialmacnjlibfmlnhhihndepb
16,"), internet service provider, browsing data, search queries, browsing history, and approximate geo-location (country level).",hghnkoikialmacnjlibfmlnhhihndepb
1,"Personal Information includes either: (i) contact information such as your name, phone number, address, email address, etc.",hghnkoikialmacnjlibfmlnhhihndepb
0,"Note that, while IP and MAC address are considered personally identifiable information in many jurisdictions (such as the EEA), there are some jurisdictions in which such data is not considered as Personal Information.",hghnkoikialmacnjlibfmlnhhihndepb
0,"Therefore, we treat such information as Personal Information, in accordance with applicable laws.",hghnkoikialmacnjlibfmlnhhihndepb
0,You are not required by law to provide us with any information.,hghnkoikialmacnjlibfmlnhhihndepb
0,"You can always avoid providing us certain Personal Information; however, you acknowledge that it may prevent us from providing you certain Services.",hghnkoikialmacnjlibfmlnhhihndepb
0,"In the event we combine Personal Information with Non-Personal Information, the combined information will be treated as Personal Information for as long as it remains combined.",hghnkoikialmacnjlibfmlnhhihndepb
14,"In the event you contact us for support, feedback or other inquiries, request to receive a quote, either through an online form available on the Website, by sending us an email or by other means of communication we make available (such as submitting a bug report or filling in a survey) you will be requested to provide us with your name and email address.",hghnkoikialmacnjlibfmlnhhihndepb
3,We will use this information solely for the purpose of responding to your inquiries and provide you with the support or information you have requested.,hghnkoikialmacnjlibfmlnhhihndepb
3,We will use this information solely for the purpose of providing our users with the requested e-signature service.,hghnkoikialmacnjlibfmlnhhihndepb
14,"If you voluntarily subscribe to our email communications, you will be asked to provide us with your email address.",hghnkoikialmacnjlibfmlnhhihndepb
0,"You can unsubscribe at any time using the unsubscribe option within the body of the newsletter or rather by contacting our Data Protection Officer at Support deftpdf.com We will use your email address in order to send you information related to our Services and to keep you up to date regarding new Services, as well as provide you with tips related to our Service, and promotional and marketing emails.",hghnkoikialmacnjlibfmlnhhihndepb
19,"We gather IP addresses, MAC addresses or other online identifiers such as cookies, agents, device identifiers, etc.",hghnkoikialmacnjlibfmlnhhihndepb
0,"We use this for our legitimate interests of (i) operating, providing, maintaining, protecting, managing, customizing and improving our Website and Services and the way in which we offer them; (ii) enhancing your experience with the Services; and (iii) our legitimate interests of auditing and tracking usage statistics and traffic flow.",hghnkoikialmacnjlibfmlnhhihndepb
17,"We also collect certain technical Non-Personal Information (as detailed above) which relates to your use of the Website such as your click stream, type of browser, time and date, etc.",hghnkoikialmacnjlibfmlnhhihndepb
0,We use this technical data in order to operate and manage our Website.,hghnkoikialmacnjlibfmlnhhihndepb
18,You may voluntarily upload User Generated Content to the Website.,hghnkoikialmacnjlibfmlnhhihndepb
0,In the event that the User Generated Content includes any Personal Data this data will be subject to your use.,hghnkoikialmacnjlibfmlnhhihndepb
0,"If you want to access certain materials provided by us such as download a whitepaper or a webinar offered by the Company through our Website, you will be asked to provide us with your full name, email address, company, industry, job role and country.",hghnkoikialmacnjlibfmlnhhihndepb
0,We will use this information to provide you with the webinar or whitepaper or any additional materials provided by us.,hghnkoikialmacnjlibfmlnhhihndepb
0,We will also use your email address in order to contact you or send you information related to our Services and to keep you up to date regarding new Services.,hghnkoikialmacnjlibfmlnhhihndepb
1,"If you want to become a reseller through our Website, you will be asked to provide us with your full name, business email address, company, website URL, phone number and country.",hghnkoikialmacnjlibfmlnhhihndepb
0,We will use this information to contact you.,hghnkoikialmacnjlibfmlnhhihndepb
0,We will also use your email address in order to send you information related to our Services and to keep you up to date regarding new Services.,hghnkoikialmacnjlibfmlnhhihndepb
1,"If you want to request a business trial of our Services, you will be asked to provide us with your full name, email address, company, phone number and country.",hghnkoikialmacnjlibfmlnhhihndepb
3,"If you want to request a business trial of our Services, you will be asked to provide us with your full name, email address, company, phone number and country.",hghnkoikialmacnjlibfmlnhhihndepb
0,We will use this information to contact you to provide you with a free trial of the Services.,hghnkoikialmacnjlibfmlnhhihndepb
0,We will also use your email address in order to send you information related to our Services and to keep you up to date regarding new Services.,hghnkoikialmacnjlibfmlnhhihndepb
1,"In the event that you are interested in joining our team, and wish tosubmit your CV, through ADP, LLC, our third party service provider which provides recruiting service on our behalf, you will be required to provide us with your name, email address, and phone number.",hghnkoikialmacnjlibfmlnhhihndepb
0,"Your provision of personal information in connection with recruiting is voluntary, and you determine the extent of information you provide us.",hghnkoikialmacnjlibfmlnhhihndepb
0,"We do not request or require sensitive personal information concerning religion, health, sexual orientation, or political affiliation in connection with recruiting.",hghnkoikialmacnjlibfmlnhhihndepb
0,"We will use the information you have provided solely to communicate with you, to manage our recruiting and hiring processes, and for compliance with corporate governance and legal and regulatory requirements.",hghnkoikialmacnjlibfmlnhhihndepb
0,"If you are hired, the information may be used in connection with employment and corporate management.",hghnkoikialmacnjlibfmlnhhihndepb
0,"You cansign upas a Customer through our services, during which you will be required to register and open an account.",hghnkoikialmacnjlibfmlnhhihndepb
0,"During the registration flow you will be requested to provide us with certain information such as your full name, email address, you will be required to create a password, at which time you thereby represent and want that you are responsible for maintaining the confidentiality of your details and password.",hghnkoikialmacnjlibfmlnhhihndepb
0,"You represent and waant that you will not provide us with inaccurate, misleading or false information.",hghnkoikialmacnjlibfmlnhhihndepb
3,"We will use this information for the purpose of performing our contract with you, provide you with the Services you have requested, and designate your account.",hghnkoikialmacnjlibfmlnhhihndepb
0,"We will use your contact details in order to send you required information related to the Services and our business engagement (e.g., send you a Welcome message, to notify you regarding any updates to our Services, send applicable invoices, and additional occasional communications related to the Services) as well as verify your identity.",hghnkoikialmacnjlibfmlnhhihndepb
0,"You may also choose to sign in with your social network account (such as Google, Facebook or Microsoft).",hghnkoikialmacnjlibfmlnhhihndepb
1,"Such network accounts may provide us with access to certain information about you as stored therein (e.g. full name, e-mail and any other information which you made public).",hghnkoikialmacnjlibfmlnhhihndepb
0,We also collect certain technical Non-Personal Information (as detailed above) as a visitor to the Website and as detailed above.,hghnkoikialmacnjlibfmlnhhihndepb
0,Documents uploaded by you through our online Software might include personal data.,hghnkoikialmacnjlibfmlnhhihndepb
2,"We use this data solely to provide the Service, we do not collect or process this data and it is deleted immediately following the provision of the service and no later than 24 hours, following the last time you accessed the document.",hghnkoikialmacnjlibfmlnhhihndepb
0,"User Rights Individuals have the right to know what information we hold about them and, in some cases, to have such information communicated to them.",hghnkoikialmacnjlibfmlnhhihndepb
0,Individuals may also ask for our confirmation as to whether or not we process their Personal Information.,hghnkoikialmacnjlibfmlnhhihndepb
0,"Subject to the limitations in applicable law, individuals may also be entitled to obtain from us the Personal Information they have provided to us in a structured, commonly-used, and machine-readable format, and may have the right to transmit such Personal Information to another party.",hghnkoikialmacnjlibfmlnhhihndepb
7,The principal rights under applicable data protection law in relation to Personal Information are as follows: the right to access any information which is provided to us; the right to rectification; the right to erasure; the right to restrict processing; the right to object to processing; the right to data portability; the right to complain to a supervisory authority; and the right to withdraw consent (to the extent applicable).,hghnkoikialmacnjlibfmlnhhihndepb
8,The principal rights under applicable data protection law in relation to Personal Information are as follows: the right to access any information which is provided to us; the right to rectification; the right to erasure; the right to restrict processing; the right to object to processing; the right to data portability; the right to complain to a supervisory authority; and the right to withdraw consent (to the extent applicable).,hghnkoikialmacnjlibfmlnhhihndepb
9,The principal rights under applicable data protection law in relation to Personal Information are as follows: the right to access any information which is provided to us; the right to rectification; the right to erasure; the right to restrict processing; the right to object to processing; the right to data portability; the right to complain to a supervisory authority; and the right to withdraw consent (to the extent applicable).,hghnkoikialmacnjlibfmlnhhihndepb
0,"We provide you with the ability to exercise certain choices and controls in connection with our treatment of your Personal Information, depending on your relationship with us.",hghnkoikialmacnjlibfmlnhhihndepb
0,"For more information, please review our user right policy and online forms available at:www.",hghnkoikialmacnjlibfmlnhhihndepb
0,If you wish to exercise any or all of the rights above please use our electronic form to contact us directly regarding an applicable user right request available at:www.,hghnkoikialmacnjlibfmlnhhihndepb
0,"Where we are not able to provide you with the information for which you have asked, we will endeavor to explain the reasoning for this and inform you of your rights, including the right to complain to the supervisor authority.",hghnkoikialmacnjlibfmlnhhihndepb
0,We reserve the right to ask for reasonable evidence to verify your identity before we provide you with any such information in accordance with applicable law.,hghnkoikialmacnjlibfmlnhhihndepb
0,"In addition, the process of locating and deleting the data may take up to one (1) month (following the receipt of the validation proof we require) in accordance with applicable law.",hghnkoikialmacnjlibfmlnhhihndepb
0,"Data privacy and related laws in your jurisdiction may provide you with different or additional rights related to the data we collect from you, which may also apply.",hghnkoikialmacnjlibfmlnhhihndepb
2,"Data RetentionWe will retain your information for as long as your account is active or as needed to provide services to you, all in accordance with applicable laws, or until an individual expresses a preference to opt-out.",hghnkoikialmacnjlibfmlnhhihndepb
3,"We may at our sole discretion, delete or amend information from our systems, without notice to you, once we deem it is no longer necessary for such purposes.",hghnkoikialmacnjlibfmlnhhihndepb
0,"MinorsIf you are under 16 years of age, you are not permitted to use this Website or our Services.",hghnkoikialmacnjlibfmlnhhihndepb
0,"If you are 16 years old but not yet 18, or of the age of majority in the jurisdiction where you reside, you may not use this Website or Services without the express and informed consent of your parent or guardian.",hghnkoikialmacnjlibfmlnhhihndepb
4,"If you become aware or have any reason to believe that a child has shared any information with us, please contact us at: Supportdeftpdf.com. Sharing Personal DataWe donotshare anyPersonal Informationcollected from you with third parties or any of our partners except in the following events:(1) Legal Disclosure, Policy Enforcement, Third Party Rights and Company Rights: We reserve the right to disclose your personal information if required by law and/or to comply with a court order or similar legal process or when we believe in good faith that disclosure is necessary to protect our rights, protect your safety or the safety of others, investigate fraud, or respond to a government request.",hghnkoikialmacnjlibfmlnhhihndepb
0,"In certain situations, Sictec Infotech, Inc may be required to disclose personal data in response to lawful requests by public authorities.",hghnkoikialmacnjlibfmlnhhihndepb
0,"(2) Business Transitions: IfSictec Infotech, Incis involved in a merger, acquisition, or sale of all or a portion of its assets, you will be notified via email and/or a prominent notice on our website of any change in ownership or uses of your personal information, as well as any choices you may have regarding your personal information.",hghnkoikialmacnjlibfmlnhhihndepb
12,"(3) Third Party service providers: The Company may share your information with third parties that perform services on our behalf (e.g. API providers, payment process, tracking, servers, service functionality and support, marketing, etc.",hghnkoikialmacnjlibfmlnhhihndepb
0,these third parties may be located in different jurisdictions; and these companies are authorized to use your Personal Information only as necessary to provide these services to us.,hghnkoikialmacnjlibfmlnhhihndepb
3,"We may store Non-Personal and Personal Information on our servers or our cloud servers, use or share Non-Personal Information in any of the above circumstances, as well as for the purpose of providing and improving our Service as detailed above.",hghnkoikialmacnjlibfmlnhhihndepb
3,"Furthermore, we reserve the right to use, disclose or transfer (for business purposes or otherwise) aggregated and processed data to third parties, including, inter alia, affiliates, for various purposes including commercial use.",hghnkoikialmacnjlibfmlnhhihndepb
0,"This information may be collected, processed and analyzed by us and transfeed in a combined, collectively and aggregated manner (i.e., your information is immediately aggregated with other users) to third parties.",hghnkoikialmacnjlibfmlnhhihndepb
19,The use of cookies is a standard industry-wide practice.,hghnkoikialmacnjlibfmlnhhihndepb
3,Cookies are very helpful and can be used for various different purposes such as allowing you to navigate between pages efficiently and making the interaction between you and our Services quicker and easier.,hghnkoikialmacnjlibfmlnhhihndepb
19,Cookies are very helpful and can be used for various different purposes such as allowing you to navigate between pages efficiently and making the interaction between you and our Services quicker and easier.,hghnkoikialmacnjlibfmlnhhihndepb
19,"We may permit third parties to use cookies or other technology to collect information about your online and application usage activities across our Services, this data may include Online Identifiers therefore we recommend you review our cookie policy carefully:Cookie Purpose Privacy Policy and Opt-Out Facebook Analytic Enable use of the Servicerhttps://www.facebook.com/policies/cookies",hghnkoikialmacnjlibfmlnhhihndepb
6,"However, if you block or erase cookies some features of the Services may not operate properly and your online experience may be limited.",hghnkoikialmacnjlibfmlnhhihndepb
3,"We may permit third parties to use cookies or other technology to collect information about your online and application usage activities across our Services, such as:Google Analytics: this cookie is placed in order to track and analyze the use of our Services, for internal purposes.",hghnkoikialmacnjlibfmlnhhihndepb
19,"We may permit third parties to use cookies or other technology to collect information about your online and application usage activities across our Services, such as:Google Analytics: this cookie is placed in order to track and analyze the use of our Services, for internal purposes.",hghnkoikialmacnjlibfmlnhhihndepb
0,google.com/policies/privacy/partners.,hghnkoikialmacnjlibfmlnhhihndepb
0,google.com/dlpage/gaoptout.,hghnkoikialmacnjlibfmlnhhihndepb
0,"As is the case with most websites, we gather certain information automatically and store it in log files.",hghnkoikialmacnjlibfmlnhhihndepb
0,"This information may include internet protocol (IP) addresses, browser type, internet service provider (ISP), refeing/exit pages, operating system, date/time stamp, and/or clickstream data.",hghnkoikialmacnjlibfmlnhhihndepb
0,We may link this automatically-collected data to other information we collect about you.,hghnkoikialmacnjlibfmlnhhihndepb
0,We may also combine this automatically-collected log information with other information we collect about the services we offer you.,hghnkoikialmacnjlibfmlnhhihndepb
0,We partner with a third party to either display advertising on our website or to manage our advertising on other sites.,hghnkoikialmacnjlibfmlnhhihndepb
19,Our third party partner may use technologies such as cookies to gather information about your activities on this website and other sites in order to provide you with advertising based on your browsing activities and interests.,hghnkoikialmacnjlibfmlnhhihndepb
3,"If you do not wish to have this information used for the purpose of offering you interest-based ads, you may opt-out by clicking here.",hghnkoikialmacnjlibfmlnhhihndepb
0,Please note this does not opt you out of being offered ads.,hghnkoikialmacnjlibfmlnhhihndepb
0,You will continue to receive generic ads.,hghnkoikialmacnjlibfmlnhhihndepb
0,"Security, Intrusion, and Detection We follow generally accepted standards to protect the personal information submitted to us, both during transmission and once it is received.",hghnkoikialmacnjlibfmlnhhihndepb
3,"For website security purposes, and to ensure that our website remains available to all visitors, all network traffic is monitored in order to identify unauthorized attempts to upload or change information, cause damage, or conduct criminal activity.",hghnkoikialmacnjlibfmlnhhihndepb
0,"To protect the system from unauthorized use and to ensure that the system is functioning properly, individuals accessing our website are subject to monitoring.",hghnkoikialmacnjlibfmlnhhihndepb
0,"Unauthorized attempts to upload or change information, or otherwise cause damage to this service are strictly prohibited and may be punishable under applicable law.",hghnkoikialmacnjlibfmlnhhihndepb
0,"Further, in the event of a data incident, in which we discover your Personal Information may be at risk, then we will take reasonable efforts to notify you and the applicable authority (if required, subject to applicable laws).",hghnkoikialmacnjlibfmlnhhihndepb
0,"Links to third parties Sites Our website includes links to other websites whose privacy practices may differ from those of Sictec Info tech, Inc.",hghnkoikialmacnjlibfmlnhhihndepb
0,"If you submit personal information to any of those sites, your information is governed by their privacy policies.",hghnkoikialmacnjlibfmlnhhihndepb
0,We encourage you to carefully read the privacy policy of any website you visit.,hghnkoikialmacnjlibfmlnhhihndepb
0,Blog Our website offers publicly accessible blogs or community forums.,hghnkoikialmacnjlibfmlnhhihndepb
0,"You should be aware that any information you provide in these areas may be read, collected, and used by others who access them.",hghnkoikialmacnjlibfmlnhhihndepb
19,"These features may collect your IP address, which pages you are visiting on our website, and may set a cookie to enable the feature to function properly.",hghnkoikialmacnjlibfmlnhhihndepb
0,Social media features and widgets are either hosted by a third party or hosted directly on our website.,hghnkoikialmacnjlibfmlnhhihndepb
0,Your interactions with these features are governed by the privacy policy of the company providing it.,hghnkoikialmacnjlibfmlnhhihndepb
0,Direct Marketing We may send our Customers an email or other messages about us or our Services.,hghnkoikialmacnjlibfmlnhhihndepb
0,We may also send our updates or newsletter to individuals who have registered to the newsletter or used our Services.,hghnkoikialmacnjlibfmlnhhihndepb
0,"You can remove your Personal Information from our mailing list and stop receiving promotional communications from us by following the unsubscribe link located at the bottom of each communication or by emailing us at :Support deftpdf.com Please note that in the event you are our Customer, even if you unsubscribe, we reserve the right to send you service-related communications, including service announcements and administrative messages, relating either to your account or to your transactions of the Services, without offering you the opportunity to opt out of receiving them unless you terminate and delete your account.",hghnkoikialmacnjlibfmlnhhihndepb
6,"If you wish to delete your Account, please contact us at: Supportdeftpdf.com.",hghnkoikialmacnjlibfmlnhhihndepb
3,"Note that, even if we will delete your account, we will not delete certain information required under applicable law or otherwise, required for the legitimate purposes of our business.",hghnkoikialmacnjlibfmlnhhihndepb
3,"For example, we will not delete any invoices sent to you as we need it for the purpose of managing our finances.",hghnkoikialmacnjlibfmlnhhihndepb
0,Data Transfer Outside of the EEAWe may store or process your Personal Information in the United States or in other countries.,hghnkoikialmacnjlibfmlnhhihndepb
0,"If you visit our Websites or use our Services from locations outside of the United States, please note that any information you provide to us through your use of our Websites or Service may be transferred to and processed in countries other than the country from which you accessed our Websites or Service, including the United States where our central database is operated.",hghnkoikialmacnjlibfmlnhhihndepb
0,"If you are a resident of a jurisdiction where transfer of your personal data requires your consent, then your consent to this Privacy Policy includes your expressed consent for such transfer of your data.",hghnkoikialmacnjlibfmlnhhihndepb
0,Do Not Track DisclosureThe Service does not respond to Do Not Track signals.,hghnkoikialmacnjlibfmlnhhihndepb
0,"For more information about Do Not Track signals, please see:http://www.",hghnkoikialmacnjlibfmlnhhihndepb
0,"You can withdraw, at any time, the permission you give us to use Your Branding by sending us an email at: Supportdeftpdf.comr Sign in to your account You don't have an account with us yet.",hghnkoikialmacnjlibfmlnhhihndepb
0,You do not have an account?,hghnkoikialmacnjlibfmlnhhihndepb
0,Sign in Sign-up with Google By logging in with Google you agree to the terms and privacy policy Create account Unknown or Already member?,hghnkoikialmacnjlibfmlnhhihndepb
0,Sign up Sign-up with Google By logging in with Google you agree to the terms and privacy policy Blog Bug building PDF tools since 2013.,hghnkoikialmacnjlibfmlnhhihndepb
4,EULA Agreement Privacy Policy Terms of use supportdeftpdf.com Contact Form Email us at supportdeftpdf.com or use the form below Thank you for your message.,hghnkoikialmacnjlibfmlnhhihndepb
0,Message Email Address Optional.,hghnkoikialmacnjlibfmlnhhihndepb
0,"If you want us to reply, let us know your email.",hghnkoikialmacnjlibfmlnhhihndepb
0,Allow us access to your last task and the files used.,hghnkoikialmacnjlibfmlnhhihndepb
0,We'll use this trouble shooting info to help you faster.,hghnkoikialmacnjlibfmlnhhihndepb
0,"This Privacy Policy describes Our policies and procedures on the collection, use and disclosure of Your information when You use the Service and tells You about Your privacy rights and how the law protects You.",cgbmbohoiaojgjjpolecnamoagdkabgf
0,We use Your Personal data to provide and improve the Service.,cgbmbohoiaojgjjpolecnamoagdkabgf
0,"By using the Service, You agree to the collection and use of information in accordance with this Privacy Policy.",cgbmbohoiaojgjjpolecnamoagdkabgf
0,This Privacy Policy has been created with the help of the Privacy Policy Generator.,cgbmbohoiaojgjjpolecnamoagdkabgf
0,Interpretation and Definitions InterpretationThe words of which the initial letter is capitalized have meanings defined under the following conditions.,cgbmbohoiaojgjjpolecnamoagdkabgf
0,The following definitions shall have the same meaning regardless of whether they appear in singular or in plural.,cgbmbohoiaojgjjpolecnamoagdkabgf
3,Definitions For the purposes of this Privacy Policy:Account means a unique account created for You to access our Service or parts of our Service.,cgbmbohoiaojgjjpolecnamoagdkabgf
0,"Company (referred to as either ""the Company"", ""We"", ""Us"" or ""Our"" in this Agreement) refers to 82696.",cgbmbohoiaojgjjpolecnamoagdkabgf
16,"Cookies are small files that are placed on Your computer, mobile device or any other device by a website, containing the details of Your browsing history on that website among its many uses.",cgbmbohoiaojgjjpolecnamoagdkabgf
19,"Cookies are small files that are placed on Your computer, mobile device or any other device by a website, containing the details of Your browsing history on that website among its many uses.",cgbmbohoiaojgjjpolecnamoagdkabgf
1,"Country refers to:China Device means any device that can access the Service such as a computer, a cellphone or a digital tablet.",cgbmbohoiaojgjjpolecnamoagdkabgf
0,Personal Data is any information that relates to an identified or identifiable individual.,cgbmbohoiaojgjjpolecnamoagdkabgf
0,Service refers to the Website.,cgbmbohoiaojgjjpolecnamoagdkabgf
0,Service Provider means any natural or legal person who processes the data on behalf of the Company.,cgbmbohoiaojgjjpolecnamoagdkabgf
0,"It refers to third-party companies or individuals employed by the Company to facilitate the Service, to provide the Service on behalf of the Company, to perform services related to the Service or to assist the Company in analyzing how the Service is used.",cgbmbohoiaojgjjpolecnamoagdkabgf
0,Third-party Social Media Service refers to any website or any social network website through which a User can log in or create an account to use the Service.,cgbmbohoiaojgjjpolecnamoagdkabgf
17,"Usage Data refers to data collected automatically, either generated by the use of the Service or from the Service infrastructure itself (for example, the duration of a page visit).",cgbmbohoiaojgjjpolecnamoagdkabgf
0,"You means the individual accessing or using the Service, or the company, or other legal entity on behalf of which such individual is accessing or using the Service, as applicable.",cgbmbohoiaojgjjpolecnamoagdkabgf
1,"While using Our Service, We may ask You to provide Us with certain personally identifiable information that can be used to contact or identify You.",cgbmbohoiaojgjjpolecnamoagdkabgf
1,"Personally identifiable information may include, but is not limited to:Usage Data Usage Data is collected automatically when using the Service.",cgbmbohoiaojgjjpolecnamoagdkabgf
0,"Usage Data may include information such as Your Device's Internet Protocol address (e.g. IP address), browser type, browser version, the pages of our Service that You visit, the time and date of Your visit, the time spent on those pages, unique device identifiers and other diagnostic data.",cgbmbohoiaojgjjpolecnamoagdkabgf
17,"When You access the Service by or through a mobile device, We may collect certain information automatically, including, but not limited to, the type of mobile device You use, Your mobile device unique ID, the IP address of Your mobile device, Your mobile operating system, the type of mobile Internet browser You use, unique device identifiers and other diagnostic data.",cgbmbohoiaojgjjpolecnamoagdkabgf
15,"When You access the Service by or through a mobile device, We may collect certain information automatically, including, but not limited to, the type of mobile device You use, Your mobile device unique ID, the IP address of Your mobile device, Your mobile operating system, the type of mobile Internet browser You use, unique device identifiers and other diagnostic data.",cgbmbohoiaojgjjpolecnamoagdkabgf
17,We may also collect information that Your browser sends whenever You visit our Service or when You access the Service by or through a mobile device.,cgbmbohoiaojgjjpolecnamoagdkabgf
19,Tracking Technologies and CookiesWe use Cookies and similar tracking technologies to track the activity on Our Service and store certain information.,cgbmbohoiaojgjjpolecnamoagdkabgf
0,"Tracking technologies used are beacons, tags, and scripts to collect and track information and to improve and analyze Our Service.",cgbmbohoiaojgjjpolecnamoagdkabgf
19,The technologies We use may include:Cookies or Browser Cookies.,cgbmbohoiaojgjjpolecnamoagdkabgf
19,A cookie is a small file placed on Your Device.,cgbmbohoiaojgjjpolecnamoagdkabgf
8,You can instruct Your browser to refuse all Cookies or to indicate when a Cookie is being sent.,cgbmbohoiaojgjjpolecnamoagdkabgf
0,"However, if You do not accept Cookies, You may not be able to use some parts of our Service.",cgbmbohoiaojgjjpolecnamoagdkabgf
19,"Unless you have adjusted Your browser setting so that it will refuse Cookies, our Service may use Cookies.",cgbmbohoiaojgjjpolecnamoagdkabgf
17,Certain features of our Service may use local stored objects (or Flash Cookies) to collect and store information about Your preferences or Your activity on our Service.,cgbmbohoiaojgjjpolecnamoagdkabgf
0,Flash Cookies are not managed by the same browser settings as those used for Browser Cookies.,cgbmbohoiaojgjjpolecnamoagdkabgf
6,"For more information on how You can delete Flash Cookies, please read ""Where can I change the settings for disabling, or deleting local shared objects""?",cgbmbohoiaojgjjpolecnamoagdkabgf
19,"For more information on how You can delete Flash Cookies, please read ""Where can I change the settings for disabling, or deleting local shared objects""?",cgbmbohoiaojgjjpolecnamoagdkabgf
0,available at https://helpx.,cgbmbohoiaojgjjpolecnamoagdkabgf
6,adobe.com/flash-player/kb/disable-local-shared-objects-flash.,cgbmbohoiaojgjjpolecnamoagdkabgf
0,"Certain sections of our Service and our emails may contain small electronic files known as web beacons (also refeed to as clear gifs, pixel tags, and single-pixel gifs) that permit the Company, for example, to count users who have visited those pages or opened an email and for other related website statistics (for example, recording the popularity of a certain section and verifying system and server integrity).",cgbmbohoiaojgjjpolecnamoagdkabgf
19,"Cookies can be ""Persistent"" or ""Session"" Cookies.",cgbmbohoiaojgjjpolecnamoagdkabgf
6,"Persistent Cookies remain on Your personal computer or mobile device when You go offline, while Session Cookies are deleted as soon as You close Your web browser.",cgbmbohoiaojgjjpolecnamoagdkabgf
19,"Persistent Cookies remain on Your personal computer or mobile device when You go offline, while Session Cookies are deleted as soon as You close Your web browser.",cgbmbohoiaojgjjpolecnamoagdkabgf
19,Learn more about cookies: Cookies: What Do They Do?,cgbmbohoiaojgjjpolecnamoagdkabgf
3,We use both Session and Persistent Cookies for the purposes set out below:Necessary / Essential CookiesType: Session Cookies Administered by: Us Purpose: These Cookies are essential to provide You with services available through the Website and to enable You to use some of its features.,cgbmbohoiaojgjjpolecnamoagdkabgf
19,We use both Session and Persistent Cookies for the purposes set out below:Necessary / Essential Cookies Type: Session Cookies Administered by: Us Purpose: These Cookies are essential to provide You with services available through the Website and to enable You to use some of its features.,cgbmbohoiaojgjjpolecnamoagdkabgf
0,They help to authenticate users and prevent fraudulent use of user accounts.,cgbmbohoiaojgjjpolecnamoagdkabgf
0,"Without these Cookies, the services that You have asked for cannot be provided, and We only use these Cookies to provide You with those services.",cgbmbohoiaojgjjpolecnamoagdkabgf
3,Cookies Policy / Notice Acceptance Cookies Type: Persistent Cookies Administered by: Us Purpose: These Cookies identify if users have accepted the use of cookies on the Website.,cgbmbohoiaojgjjpolecnamoagdkabgf
13,Cookies Policy / Notice Acceptance Cookies Type: Persistent Cookies Administered by: UsPurpose: These Cookies identify if users have accepted the use of cookies on the Website.,cgbmbohoiaojgjjpolecnamoagdkabgf
3,"Functionality Cookies Type: Persistent Cookies Administered by: Us Purpose: These Cookies allow us to remember choices You make when You use the Website, such as remembering your login details or language preference.",cgbmbohoiaojgjjpolecnamoagdkabgf
19,"Functionality Cookies Type: Persistent Cookies Administered by: Us Purpose: These Cookies allow us to remember choices You make when You use the Website, such as remembering your login details or language preference.",cgbmbohoiaojgjjpolecnamoagdkabgf
3,The purpose of these Cookies is to provide You with a more personal experience and to avoid You having to re-enter your preferences every time You use the Website.,cgbmbohoiaojgjjpolecnamoagdkabgf
19,The purpose of these Cookies is to provide You with a more personal experience and to avoid You having to re-enter your preferences every time You use the Website.,cgbmbohoiaojgjjpolecnamoagdkabgf
19,"For more information about the cookies we use and your choices regarding cookies, please visit our Cookies Policy or the Cookies section of our Privacy Policy.",cgbmbohoiaojgjjpolecnamoagdkabgf
3,"Use of Your Personal DataThe Company may use Personal Data for the following purposes:To provide and maintain our Service, including to monitor the usage of our Service.",cgbmbohoiaojgjjpolecnamoagdkabgf
0,To manage Your Account: to manage Your registration as a user of the Service.,cgbmbohoiaojgjjpolecnamoagdkabgf
0,The Personal Data You provide can give You access to different functionalities of the Service that are available to You as a registered user.,cgbmbohoiaojgjjpolecnamoagdkabgf
0,"For the performance of a contract: the development, compliance and undertaking of the purchase contract for the products, items or services You have purchased or of any other contract with Us through the Service.",cgbmbohoiaojgjjpolecnamoagdkabgf
1,"To contact You: To contact You by email, telephone calls, SMS, or other equivalent forms of electronic communication, such as a mobile application's push notifications regarding updates or informative communications related to the functionalities, products or contracted services, including the security updates, when necessary or reasonable for their implementation.",cgbmbohoiaojgjjpolecnamoagdkabgf
4,"To contact You: To contact You by email, telephone calls, SMS, or other equivalent forms of electronic communication, such as a mobile application's push notifications regarding updates or informative communications related to the functionalities, products or contracted services, including the security updates, when necessary or reasonable for their implementation.",cgbmbohoiaojgjjpolecnamoagdkabgf
0,"To provide You with news, special offers and general information about other goods, services and events which we offer that are similar to those that you have already purchased or enquired about unless You have opted not to receive such information.",cgbmbohoiaojgjjpolecnamoagdkabgf
0,To manage Your requests: To attend and manage Your requests to Us.,cgbmbohoiaojgjjpolecnamoagdkabgf
0,"For business transfers: We may use Your information to evaluate or conduct a merger, divestiture, restructuring, reorganization, dissolution, or other sale or transfer of some or all of Our assets, whether as a going concern or as part of bankruptcy, liquidation, or similar proceeding, in which Personal Data held by Us about our Service users is among the assets transfeed.",cgbmbohoiaojgjjpolecnamoagdkabgf
3,"For other purposes: We may use Your information for other purposes, such as data analysis, identifying usage trends, determining the effectiveness of our promotional campaigns and to evaluate and improve our Service, products, services, marketing and your experience.",cgbmbohoiaojgjjpolecnamoagdkabgf
4,"We may share Your personal information in the following situations:With Service Providers: We may share Your personal information with Service Providers to monitor and analyze the use of our Service,to contact You.",cgbmbohoiaojgjjpolecnamoagdkabgf
0,"For business transfers: We may share or transfer Your personal information in connection with, or during negotiations of, any merger, sale of Company assets, financing, or acquisition of all or a portion of Our business to another company.",cgbmbohoiaojgjjpolecnamoagdkabgf
0,"With Affiliates: We may share Your information with Our affiliates, in which case we will require those affiliates to honor this Privacy Policy.",cgbmbohoiaojgjjpolecnamoagdkabgf
0,"Affiliates include Our parent company and any other subsidiaries, joint venture partners or other companies that We control or that are under common control with Us.",cgbmbohoiaojgjjpolecnamoagdkabgf
0,"With business partners: We may share Your information with Our business partners to offer You certain products, services or promotions.",cgbmbohoiaojgjjpolecnamoagdkabgf
0,"With other users: when You share personal information or otherwise interact in the public areas with other users, such information may be viewed by all users and may be publicly distributed outside.",cgbmbohoiaojgjjpolecnamoagdkabgf
4,"If You interact with other users or register through a Third-Party Social Media Service, Your contacts on the Third-Party Social Media Service may see Your name, profile, pictures and description of Your activity.",cgbmbohoiaojgjjpolecnamoagdkabgf
17,"If You interact with other users or register through a Third-Party Social Media Service, Your contacts on the Third-Party Social Media Service may see Your name, profile, pictures and description of Your activity.",cgbmbohoiaojgjjpolecnamoagdkabgf
17,"Similarly, other users will be able to view descriptions of Your activity, communicate with You and view Your profile.",cgbmbohoiaojgjjpolecnamoagdkabgf
3,With Your consent: We may disclose Your personal information for any other purpose with Your consent.,cgbmbohoiaojgjjpolecnamoagdkabgf
2,Retention of Your Personal Data The Company will retain Your Personal Data only for as long as is necessary for the purposes set out in this Privacy Policy.,cgbmbohoiaojgjjpolecnamoagdkabgf
3,Retention of Your Personal Data The Company will retain Your Personal Data only for as long as is necessary for the purposes set out in this Privacy Policy.,cgbmbohoiaojgjjpolecnamoagdkabgf
3,"We will retain and use Your Personal Data to the extent necessary to comply with our legal obligations (for example, if we are required to retain your data to comply with applicable laws), resolve disputes, and enforce our legal agreements and policies.",cgbmbohoiaojgjjpolecnamoagdkabgf
3,The Company will also retain Usage Data for internal analysis purposes.,cgbmbohoiaojgjjpolecnamoagdkabgf
2,"Usage Data is generally retained for a shorter period of time, except when this data is used to strengthen the security or to improve the functionality of Our Service, or We are legally obligated to retain this data for longer time periods.",cgbmbohoiaojgjjpolecnamoagdkabgf
0,"Transfer of Your Personal DataYour information, including Personal Data, is processed at the Company's operating offices and in any other places where the parties involved in the processing are located.",cgbmbohoiaojgjjpolecnamoagdkabgf
0,"It means that this information may be transferred to and maintained on computers located outside of Your state, province, country or other governmental jurisdiction where the data protection laws may differ than those from Your jurisdiction.",cgbmbohoiaojgjjpolecnamoagdkabgf
0,Your consent to this Privacy Policy followed by Your submission of such information represents Your agreement to that transfer.,cgbmbohoiaojgjjpolecnamoagdkabgf
0,The Company will take all steps reasonably necessary to ensure that Your data is treated securely and in accordance with this Privacy Policy and no transfer of Your Personal Data will take place to an organization or a country unless there are adequate controls in place including the security of Your data and other personal information.,cgbmbohoiaojgjjpolecnamoagdkabgf
0,"Disclosure of Your Personal DataBusiness Transactions If the Company is involved in a merger, acquisition or asset sale, Your Personal Data may be transferred.",cgbmbohoiaojgjjpolecnamoagdkabgf
0,We will provide notice before Your Personal Data is transferred and becomes subject to a different Privacy Policy.,cgbmbohoiaojgjjpolecnamoagdkabgf
0,"Law enforcement Under certain circumstances, the Company may be required to disclose Your Personal Data if required to do so by law or in response to valid requests by public authorities (e.g. a court or a government agency).",cgbmbohoiaojgjjpolecnamoagdkabgf
0,"Other legal requirements The Company may disclose Your Personal Data in the good faith belief that such action is necessary to:Comply with a legal obligation Protect and defend the rights or property of the Company Prevent or investigate possible wrong doing in connection with the Service Protect the personal safety of Users of the Service or the public Protect against legal liability Security of Your Personal DataThe security of Your Personal Data is important to Us, but remember that no method of transmission over the Internet, or method of electronic storage is 100  secure.",cgbmbohoiaojgjjpolecnamoagdkabgf
0,"While We strive to use commercially acceptable means to protect Your Personal Data, We cannot guarantee its absolute security.",cgbmbohoiaojgjjpolecnamoagdkabgf
0,Children's Privacy Our Service does not address anyone under the age of 13.,cgbmbohoiaojgjjpolecnamoagdkabgf
0,We do not knowingly collect personally identifiable information from anyone under the age of 13.,cgbmbohoiaojgjjpolecnamoagdkabgf
4,"If You are a parent or guardian and You are aware that Your child has provided Us with Personal Data, please contact Us.",cgbmbohoiaojgjjpolecnamoagdkabgf
0,"If We become aware that We have collected Personal Data from anyone under the age of 13 without verification of parental consent, We take steps to remove that information from Our servers.",cgbmbohoiaojgjjpolecnamoagdkabgf
0,"If We need to rely on consent as a legal basis for processing Your information and Your country requires consent from a parent, We may require Your parent's consent before We collect and use that information.",cgbmbohoiaojgjjpolecnamoagdkabgf
0,Links to Other Websites Our Service may contain links to other websites that are not operated by Us.,cgbmbohoiaojgjjpolecnamoagdkabgf
0,"If You click on a third party link, You will be directed to that third party's site.",cgbmbohoiaojgjjpolecnamoagdkabgf
0,We strongly advise You to review the Privacy Policy of every site You visit.,cgbmbohoiaojgjjpolecnamoagdkabgf
0,"We have no control over and assume no responsibility for the content, privacy policies or practices of any third party sites or services.",cgbmbohoiaojgjjpolecnamoagdkabgf
0,Changes to this Privacy Policy We may update Our Privacy Policy from time to time.,cgbmbohoiaojgjjpolecnamoagdkabgf
0,We will notify You of any changes by posting the new Privacy Policy on this page.,cgbmbohoiaojgjjpolecnamoagdkabgf
0,"We will let You know via email and/or a prominent notice on Our Service, prior to the change becoming effective and update the ""Last updated"" date at the top of this Privacy Policy.",cgbmbohoiaojgjjpolecnamoagdkabgf
0,You are advised to review this Privacy Policy periodically for any changes.,cgbmbohoiaojgjjpolecnamoagdkabgf
0,Changes to this Privacy Policy are effective when they are posted on this page.,cgbmbohoiaojgjjpolecnamoagdkabgf
0,"Privacy Policy  develops different kinds of software, such as desktop applications and browser extensions (addons).",iijloaojdghegopdahladbajodcgnmgh
0,Each of the projects might have its own privacy policy.,iijloaojdghegopdahladbajodcgnmgh
0,"Home Search this site Skip to main content Skip to navigation Privacy Policy Privacy Policy (Version Date: February 8th, 2016) We take your privacy very seriously.",gnhfapoaghngfhnpjbijebdhfijbpboc
0,"Please read the following to learn more about Wallpaper Model Privacy Policy (""Policy"").",gnhfapoaghngfhnpjbijebdhfijbpboc
0,"This Policy details how Wallpaper Model receives, collects and uses information in connection with our website and software provided on the Wallpaper Model website (the website and software collectively referred to herein as ""Site"", ""We"").",gnhfapoaghngfhnpjbijebdhfijbpboc
1,"Information we collect We may collect two types of information: 1) Personal Information, and 2) Anonymous Information.",gnhfapoaghngfhnpjbijebdhfijbpboc
1,"Personal Information means information that may directly or indirectly identify you, such as your name, address, email address, and telephone number.",gnhfapoaghngfhnpjbijebdhfijbpboc
0,"Anonymous Information means information that does not directly or indirectly identify you, such as the number of page views, link clicks, and login times.",gnhfapoaghngfhnpjbijebdhfijbpboc
0,We may use both Personal and Anonymous Information to create Aggregate Information.,gnhfapoaghngfhnpjbijebdhfijbpboc
0,"Aggregate Information, is the grouping of Personal and Anonymous Information into groups and/or categories, which does not identify you directly or indirectly.",gnhfapoaghngfhnpjbijebdhfijbpboc
1,Through you use of the Site we may collect the following Personal Information: you name; email address; information you provided in public forums and/or social networks; information you provided us including your device identifier or IP address when you use the Site.,gnhfapoaghngfhnpjbijebdhfijbpboc
15,Through you use of the Site we may collect the following Personal Information: you name; email address; information you provided in public forums and/or social networks; information you provided us including your device identifier or IP address when you use the Site.,gnhfapoaghngfhnpjbijebdhfijbpboc
13,Oauth2 credentials The app uses third party services that may collect information used to identify you.,gnhfapoaghngfhnpjbijebdhfijbpboc
17,We use various technologies to collect information from you device and about your activates on the site:Automatically Captured Information.,gnhfapoaghngfhnpjbijebdhfijbpboc
17,We automatically collect information from your computer and/or device when you use the Site.,gnhfapoaghngfhnpjbijebdhfijbpboc
6,"This information may include your IP address, your browser type and language, access times, the content of any undeleted cookies that your browser previously accepted form us (see ""Cookies"" below), software installed upon and/or devices connected to your computer and/or device, and the refeing website address.",gnhfapoaghngfhnpjbijebdhfijbpboc
18,"This information may include your IP address, your browser type and language, access times, the content of any undeleted cookies that your browser previously accepted form us (see ""Cookies"" below), software installed upon and/or devices connected to your computer and/or device, and the refeing website address.",gnhfapoaghngfhnpjbijebdhfijbpboc
19,"This information may include your IP address, your browser type and language, access times, the content of any undeleted cookies that your browser previously accepted form us (see ""Cookies"" below), software installed upon and/or devices connected to your computer and/or device, and the refeing website address.",gnhfapoaghngfhnpjbijebdhfijbpboc
19,"When you use the Site, we may assign your computer one or more cookies, to facilitate access to our Site and to personalize your online experience.",gnhfapoaghngfhnpjbijebdhfijbpboc
3,A cookie is a small piece of data that is stored in a users computer for record keeping purposes.,gnhfapoaghngfhnpjbijebdhfijbpboc
17,"Through the use of a cookie, we may automatically collect information about your online activity in our Site, such as the pages you visit, the links you click, and the actions you take within the Site.",gnhfapoaghngfhnpjbijebdhfijbpboc
19,"Most systems automatically accept cookies, but you can usually modify your browser setting to decline cookies.",gnhfapoaghngfhnpjbijebdhfijbpboc
0,"If you choose to decline cookies, please note that you may not be able to use some of the interactive features offered on or via the Site.",gnhfapoaghngfhnpjbijebdhfijbpboc
0,"The Site may use standard Internet technology, such as web beacons and other similar technologies, to track your use of the Site.",gnhfapoaghngfhnpjbijebdhfijbpboc
0,Web beacons are small pieces of data that are embed in images on the pages of sites.,gnhfapoaghngfhnpjbijebdhfijbpboc
0,The information we obtain in this manner enables us to customize the services we offer through our Site visitors.,gnhfapoaghngfhnpjbijebdhfijbpboc
0,"We may allow third-parties, including our authorized service providers, parent and subsidiary companies, affiliates, advertising companies, and ad networks, to display advertisements or place ad tags or beacons on or via our Site.",gnhfapoaghngfhnpjbijebdhfijbpboc
19,"These companies may use tracking technologies, such as cookies, to collect information about users who view or interact with their advertisements.",gnhfapoaghngfhnpjbijebdhfijbpboc
17,"These companies may use tracking technologies, such as cookies, to collect information about users who view or interact with their advertisements.",gnhfapoaghngfhnpjbijebdhfijbpboc
0,This information allows them to deliver targeted advertisements and gauge their effectiveness.,gnhfapoaghngfhnpjbijebdhfijbpboc
0,"Unless expressly stated otherwise, we do not provide any Personal Information to these third parties.",gnhfapoaghngfhnpjbijebdhfijbpboc
0,"The Site systems are not configured to respond to Web browser ""do not track"" signals or other mechanisms that provide consumers the ability to exercise choice regarding the collection of personally identifiable information about an individual consumers online activities over time and across third-party Web sites or online services.",gnhfapoaghngfhnpjbijebdhfijbpboc
0,Trade marks Our website and browser extensions are fan-made (unofficial).,gnhfapoaghngfhnpjbijebdhfijbpboc
0,We are not affiliated with or sponsored by the entity whose materials are represented in the extensions.,gnhfapoaghngfhnpjbijebdhfijbpboc
0,"By downloading, installing and/or using our extensions, you acknowledge that our website and browser extensions are not affiliated with or sponsored by the entity whose materials are represented in the extensions.",gnhfapoaghngfhnpjbijebdhfijbpboc
0,How we use the information we collect.,gnhfapoaghngfhnpjbijebdhfijbpboc
3,"We may use information that we collect about you to: : (i) deliver the products and services that you have requested; (ii) provide you with customer support; (iii ) perform research and analysis about your use of, or interest in, our products, services, or content, or products, services or content offered by other; (iv) communicate with you by e-mail, postal mail, telephone and/or mobile devices about product or services that may be of interest to you; (v) develop and display content and advertising tailored to your interests; (vi) enforce our terms and conditions; (vii) manage our business (viii) comply with the law or legal process served on the Site; (ix) act in urgent circumstances to protect the personal safety of users of the site or members of the public; and (x) perform functions as otherwise described to you at the time of collection.",gnhfapoaghngfhnpjbijebdhfijbpboc
0,With whom we share your informationWe do not share your Personal Information with others except as indicated below:Authorized service providers: We may share your Personal Information with our authorized service providers that perform certain services on our behalf.,gnhfapoaghngfhnpjbijebdhfijbpboc
0,"These services may include providing customer service and marketing assistance, performing business and sales analysis, supporting our Site functionality, and supporting contests, sweepstakes, surveys and other features offered through our Site.",gnhfapoaghngfhnpjbijebdhfijbpboc
3,"These service providers may have access to Personal Information, which is needed to perform their functions, but are not permitted to share or use such information for any other purposesBusiness partners: When you engage in promotions offered through the Site, we may share Personal Information with the businesses with which we partner to offer you those products, services, promotions, contests and/or sweepstakes.",gnhfapoaghngfhnpjbijebdhfijbpboc
17,"We may disclose your Personal Information (i) in response to a subpoena or similar investigative demand, a court order, or a request for cooperation from a law enforcement or other government agency, (ii) in connection with efforts to investigate, prevent, or take other action regarding illegal activity, suspected fraud or other wrongdoing; (iii) to protect and defend the rights, property or safety of our company, our users, our employees, or others; (iv) to comply with applicable law or cooperate with law enforcement; (v) to enforce our Site terms and conditions or other agreements or policies; and (vi) in connection with a substantial corporate transaction, such as the sale of our business or the Site, a divestiture, merger, consolidation, or asset sale, or in the unlikely event of bankruptcy.",gnhfapoaghngfhnpjbijebdhfijbpboc
3,"In addition, we may share Aggregated Information we collect, under any of the above circumstances, with third parties, including advisors, advertisers and investors, for the purpose of conducting general business analysis.",gnhfapoaghngfhnpjbijebdhfijbpboc
0,"How we protect your Personal InformationThe security and confidentiality of your information is very important to us, thus we take the appropriate security measures (including physical, electronic and procedural measures) to help safeguard your Personal Information from unauthorized access and disclosure.",gnhfapoaghngfhnpjbijebdhfijbpboc
0,"Please know that, despite our best efforts, no security measures are perfect or impenetrable Children's Privacy Our Site is intended for general audiences over the age of 13 years old.",gnhfapoaghngfhnpjbijebdhfijbpboc
0,We do not knowingly collect Personal Information from children under the age of 13 years old.,gnhfapoaghngfhnpjbijebdhfijbpboc
0,"If you are not over 13 years old, DO NOT DOWNLOAD OR USE THE SITE AND MUST LEAVE IMEEDIATLY.",gnhfapoaghngfhnpjbijebdhfijbpboc
0,No rights of third parties This Privacy Policy does not create rights enforceable by third parties or require disclosure of any Personal Information relating to users of the Site.,gnhfapoaghngfhnpjbijebdhfijbpboc
0,"Explicit Content You understand that by using the Site, you may encounter content that may be deemed offensive, indecent, or objectionable, which content may or may not be identified as having explicit language.",gnhfapoaghngfhnpjbijebdhfijbpboc
0,"Nevertheless, you agree to use the Site at your sole risk and that Wallpaper Model shall have no liability to you for content that may be found to be offensive, indecent, or objectionable.",gnhfapoaghngfhnpjbijebdhfijbpboc
0,Wallpaper Model shall have no liability or responsibility to you for any content or materials that may be available in connection with the Site that you might find objectionable.,gnhfapoaghngfhnpjbijebdhfijbpboc
0,Changes to PolicyWe will occasionally update this Privacy Policy to reflect changes in our practices and services.,gnhfapoaghngfhnpjbijebdhfijbpboc
0,"When we post changes to this Privacy Policy, we will revise the ""Version Date"" at the top of this Privacy Policy.",gnhfapoaghngfhnpjbijebdhfijbpboc
0,"If we make any material changes in the way we collect, use, and/or share your Personal Information, we will notify you by prominently posting notice of the changes on the Site.",gnhfapoaghngfhnpjbijebdhfijbpboc
0,We recommend that you check this page from time to time to inform yourself of any changes in this Privacy Policy or any of our other policies.,gnhfapoaghngfhnpjbijebdhfijbpboc
4,"Change or Removal of InformationIf a user's e-mail address changes or you wish you remove your e-mail address, you can contact us at: luinilovlgmail.com with the request or by contacting us at the contact information listed below.",gnhfapoaghngfhnpjbijebdhfijbpboc
0,"This Privacy Policy explains how InsertLearning, Inc., (""we"" or InsertLearning) uses, protects, and discloses the information we collect when you use the InsertLearning services (the Services) through our website (http://insertlearning.com) (Site), browser extensions (Extensions), applications on Devices (Apps), through APIs, and through third parties.",dehajjkfchegiinhcmoclkfbnmpgcahj
0,"A Device is any computer used to access the Services, including (without limitation to) a desktop, laptop, smartphone, tablet, or other consumer electronic device.",dehajjkfchegiinhcmoclkfbnmpgcahj
0,We reserve the right to modify this Privacy Policy effective immediately following posting of the modified version on the Site.,dehajjkfchegiinhcmoclkfbnmpgcahj
0,Your use of our Services following posting will constitute your acceptance of the modified version.,dehajjkfchegiinhcmoclkfbnmpgcahj
0,"If you do not accept the terms of this Privacy Policy, please do not use the Services.",dehajjkfchegiinhcmoclkfbnmpgcahj
0,Changes to this privacy policy must be accepted by users before they can continue using our service.,dehajjkfchegiinhcmoclkfbnmpgcahj
0,InsertLearning may collect and store the following information when running our Services.,dehajjkfchegiinhcmoclkfbnmpgcahj
1,"Information You Provide Depending on how you use the Services, you may be required to provide certain personally identifiable information (""Personal Information""), which may include, but is not limited to, your:Name Google Account (Email address)Your image and likeness if you include it in your google profile You may choose not to provide your Personal Information; however, if you do not provide your Personal Information you may not be able to use all the functions offered by the Services.",dehajjkfchegiinhcmoclkfbnmpgcahj
17,"Information You Provide Depending on how you use the Services, you may be required to provide certain personally identifiable information (""Personal Information""), which may include, but is not limited to, your:Name Google Account (Email address)Your image and likeness if you include it in your google profile You may choose not to provide your Personal Information; however, if you do not provide your Personal Information you may not be able to use all the functions offered by the Services.",dehajjkfchegiinhcmoclkfbnmpgcahj
4,"For questions about your Personal Information on our Services, please contact supportinsertlearning.comWe also collect and store information you generate while using the Services (""User Content"").",dehajjkfchegiinhcmoclkfbnmpgcahj
0,"User Content may include, but is not limited to:Class and lesson informationStudent notes, responses, answers, and gradesIf you submit additional information to us regarding the functionality of the Service or any problems you encounter (Feedback), we may use this Feedback to improve the performance of the Service, provide customer service to you and others, and take any other actions in our business discretion.",dehajjkfchegiinhcmoclkfbnmpgcahj
0,"Usage DataIn addition, when you use our Services, metadata concerning your User Content, and other interactions with our Services may be logged automatically.",dehajjkfchegiinhcmoclkfbnmpgcahj
3,"HOW WE USE YOUR INFORMATIONWe use your information:to provide and improve our Services,to administer your use of our Services,to better understand your needs and interests,to personalize and improve your experienceto provide or offer software updates and product announcements to enhance current, and develop new, products and servicesIf you submit Personal Information to us, we will only use it for the purpose you requested or for which it is collected or for any purpose you subsequently authorize.",dehajjkfchegiinhcmoclkfbnmpgcahj
13,"When you submit Feedback, it will include information necessary to identify you as a user and to help us identify any problems you are having.",dehajjkfchegiinhcmoclkfbnmpgcahj
0,This includes the website you are on when submitting the Feedback.,dehajjkfchegiinhcmoclkfbnmpgcahj
0,"You grant InsertLearning an ievocable, perpetual, royalty-free right and license to use the anonymous information we collect in any way.",dehajjkfchegiinhcmoclkfbnmpgcahj
3,InsertLearning will not use anonymous information for behavioral targeting of advertisements or build a personal profile of a student for use other than supporting authorized educational/school purpose.,dehajjkfchegiinhcmoclkfbnmpgcahj
4,InsertLearning does not access your contact information or address book within your mobile device.,dehajjkfchegiinhcmoclkfbnmpgcahj
0,No does InsertLearning have any access to any of the personal information or credit card information that you have provided to Apple or Google to register for their services.,dehajjkfchegiinhcmoclkfbnmpgcahj
4,You may choose to grant InsertLearning access to their google account contacts list for use in InsertLearning's refeal system.,dehajjkfchegiinhcmoclkfbnmpgcahj
3,Contacts recieved in this way will not be used for purposes other than to send messages you initiate.,dehajjkfchegiinhcmoclkfbnmpgcahj
4,Contacts recieved in this way will not be used for purposes other than to send messages you initiate.,dehajjkfchegiinhcmoclkfbnmpgcahj
0,"INFORMATION SHARING AND DISCLOSUREFurther, you agree that InsertLearning may transfer the anonymous information we collect in the event of any corporate restructuring or any sale, assignment or transfer of substantially all of its rights in the Apps.",dehajjkfchegiinhcmoclkfbnmpgcahj
0,"We may disclose information about you if we become subject to a subpoena or court order, or if we are otherwise legally required to disclose information.",dehajjkfchegiinhcmoclkfbnmpgcahj
0,"We may also use and disclose information about you to establish or exercise our legal rights, to enforce the Terms of Use, to assert and defend against legal claims, or if we believe such disclosure is necessary to investigate, prevent, or take other action regarding actual or suspected illegal or fraudulent activities or potential threats to the physical safety or well-being of any person.",dehajjkfchegiinhcmoclkfbnmpgcahj
18,"If we are involved in a merger, acquisition, or sale of all or a portion of our assets, your information may be transfeed as part of that transaction, but we will notify you (for example, via email and/or a prominent notice on our website) of any change in control or use of your Personal Information or User Content, or if either become subject to a different Privacy Policy.",dehajjkfchegiinhcmoclkfbnmpgcahj
0,We will also notify you of choices you may have regarding the information.,dehajjkfchegiinhcmoclkfbnmpgcahj
0,InsertLearning will display your Personal Information in your profile page and else where on our Services according to the preferences you set in your account.,dehajjkfchegiinhcmoclkfbnmpgcahj
0,Any information you choose to provide should reflect how much you want others to know about you.,dehajjkfchegiinhcmoclkfbnmpgcahj
0,Please consider carefully what information you disclose in your profile page and your desired level of anonymity.,dehajjkfchegiinhcmoclkfbnmpgcahj
0,You can review and revise your profile information at any time.,dehajjkfchegiinhcmoclkfbnmpgcahj
0,We do not sell your personal information to third parties.,dehajjkfchegiinhcmoclkfbnmpgcahj
0,"We may also share or disclose your information with your consent, for example if you use a third party application to access your account.",dehajjkfchegiinhcmoclkfbnmpgcahj
0,"Through certain features of our Services, you may also have the ability to make some of your information public.",dehajjkfchegiinhcmoclkfbnmpgcahj
0,Public information may be broadly and quickly disseminated.,dehajjkfchegiinhcmoclkfbnmpgcahj
0,"Service Providers, Business Partners and Others.",dehajjkfchegiinhcmoclkfbnmpgcahj
0,"InsertLearning may use certain trusted third party companies and individuals to help us provide, analyze, and improve our Services (including but not limited to data storage, maintenance services, database management, web analytics, email communication, payment processing, and improvement of the Services features).",dehajjkfchegiinhcmoclkfbnmpgcahj
3,These third parties may have access to your information only for purposes of performing these tasks on our behalf and under obligations similar to those in this Privacy Policy.,dehajjkfchegiinhcmoclkfbnmpgcahj
14,"As of the date this policy went into effect, we use:Linodes virtual private server platform to host our web server MailChimps marketing platform to perform personalized email communication Intercom to provide chat and email customer support Third-Party Applications.",dehajjkfchegiinhcmoclkfbnmpgcahj
0,"InsertLearning may share your Information with a third party application with your consent, for example when you choose to embed such an application into a lesson with our Services.",dehajjkfchegiinhcmoclkfbnmpgcahj
0,"We are not responsible for what those parties do with your information, so you should make sure you trust the application and that it has a privacy policy acceptable to you.",dehajjkfchegiinhcmoclkfbnmpgcahj
0,Non-private or Non-Personal Information.,dehajjkfchegiinhcmoclkfbnmpgcahj
0,"InsertLearning may disclose your non-private, aggregated, or otherwise non-personal information, such as usage statistics of our Services.",dehajjkfchegiinhcmoclkfbnmpgcahj
0,"However, in such cases, your usage data is aggregated with the usage data of others and does not identify you individually.",dehajjkfchegiinhcmoclkfbnmpgcahj
6,"CHANGING OR DELETING YOUR INFORMATIONTo delete your account, please email supportinsertlearning.com.",dehajjkfchegiinhcmoclkfbnmpgcahj
0,LINKED SITES Our Services may contain links to other Web sites whose privacy practices may differ from those of InsertLearning.,dehajjkfchegiinhcmoclkfbnmpgcahj
0,"If you submit personal Information to any of those sites, your Information is governed by their privacy statements.",dehajjkfchegiinhcmoclkfbnmpgcahj
0,We encourage you to carefully read the privacy statement of any Web site you visit.,dehajjkfchegiinhcmoclkfbnmpgcahj
0,"SECURITY InsertLearning takes reasonable steps to help protect Information against loss, misuse, unauthorized access or disclosure.",dehajjkfchegiinhcmoclkfbnmpgcahj
20,"InsertLearning expressly disclaims any representation or waanty, whether express or implied, with respect to offering any definitive promise of security in connection with The anonymous information we collect.",dehajjkfchegiinhcmoclkfbnmpgcahj
0,"OUR POLICY TOWARD CHILDREN We are required under the Children's Online Privacy Protection Act (COPPA), with limited exceptions, to obtain verifiable parental consent in order to collect, use, or disclose personal information from Children.",dehajjkfchegiinhcmoclkfbnmpgcahj
0,COPPA allows the Childs School to obtain consent for the online collection of personal information from Children who are students of the School.,dehajjkfchegiinhcmoclkfbnmpgcahj
0,"If a Child wants to use our Service, he/she must first obtain an Account from his/her School.",dehajjkfchegiinhcmoclkfbnmpgcahj
0,"Before an Account is provided to a School, we require that the School (on behalf of the Parent) (a) consent to the collection, use and disclosure of personal information of the Child, through the Service, in accordance with this Childrens Privacy Policy, and (b) agree that the Childs online activities are subject to the Terms of Service.",dehajjkfchegiinhcmoclkfbnmpgcahj
0,"As required under COPPA, we allow Parents certain choices regarding the personal information submitted by their Children Parents should make any permitted requests with the School and have the School, as the Parents agent, pass on those requests to Company.",dehajjkfchegiinhcmoclkfbnmpgcahj
0,We may rely on the instructions that we receive from the School that we reasonably believe are given by a Childs Parent to the School.,dehajjkfchegiinhcmoclkfbnmpgcahj
4,"For example, if a representative from the Childs School contacts us and provides the Account information we request, we may assume that the person calling is acting on behalf of the Childs Parent.",dehajjkfchegiinhcmoclkfbnmpgcahj
2,"We provide Parents the following choices with respect to the collection, use, retention and disclosure of Personal Information.",dehajjkfchegiinhcmoclkfbnmpgcahj
0,A Childs registration information is always accessible to him/her.,dehajjkfchegiinhcmoclkfbnmpgcahj
4,"A Parent has the right to review her Childs Personal Information, which the Parent can obtain by contacting her Childs School.",dehajjkfchegiinhcmoclkfbnmpgcahj
6,"After reviewing the Childs Personal Information, the Parent may ask us to update or delete the Childs Personal Information by requesting such changes through the Childs School.",dehajjkfchegiinhcmoclkfbnmpgcahj
0,A Parent may prohibit us from sharing a Childs Personal Information with a third party by requesting such prohibition through the Childs School.,dehajjkfchegiinhcmoclkfbnmpgcahj
3,"Not with standing any such requests, we may continue to share a Childs Personal Information with third parties for the Internal Purposes and Enforcement Purposes (each as described above).",dehajjkfchegiinhcmoclkfbnmpgcahj
8,"If a Parent chooses to prohibit any future collection, use or disclosure of the Childs Personal Information, the Parent may do so by terminating the Childs Account through the School, and requesting the deletion of the Childs Personal Information through the School.",dehajjkfchegiinhcmoclkfbnmpgcahj
6,"Upon receiving such request from the Childs School, we will delete the Childs Account information from our live databases and all the information and data stored for such Account.",dehajjkfchegiinhcmoclkfbnmpgcahj
0,Company will not have any reliability what so ever for any termination of the Account or related deletion of the Childs Personal Information.,dehajjkfchegiinhcmoclkfbnmpgcahj
6,"When we delete Personal Information, it will be deleted from our active databases but may remain in our archives.",dehajjkfchegiinhcmoclkfbnmpgcahj
0,"YOUR CONSENTIf you reside outside the U.S., the anonymous information we collect will be transfeed to the U.S. and processed and stored there under U.S. privacy standards.",dehajjkfchegiinhcmoclkfbnmpgcahj
4,"By using the Services and providing Information to InsertLearning, you consent to the use, transfer and processing of the anonymous information we collect as set forth in this Privacy Policy, all of which activities will take place in the U.S.HOW TO CONTACT USIf you have any questions about this Privacy Policy, please contact us at supportinsertlearning.com.",dehajjkfchegiinhcmoclkfbnmpgcahj
0,"Our tools are free for everyone, but we want to make more and make these ones even better.",ogjfcicbofbobbljgbmkbgehfmkmanpa
0,"If you want amazing technical support, feature requests and a say in what we build next, please consider supporting us.",ogjfcicbofbobbljgbmkbgehfmkmanpa
0,Support The educ.io site is a hosted collection of web tools that integrate with Google Apps.,ogjfcicbofbobbljgbmkbgehfmkmanpa
0,"Together, they form a platform for making complex tasks easier, faster and more intuitive.",ogjfcicbofbobbljgbmkbgehfmkmanpa
0,"Using the Google APIs, these tools enhance the functionality of the G-Suite apps (Drive, Sheets, Docs etc.",ogjfcicbofbobbljgbmkbgehfmkmanpa
0,They are able to do this by requesting programmatic access (using OAuth 2.,ogjfcicbofbobbljgbmkbgehfmkmanpa
0,"0) for you to various parts of your Google data, and then interacting with this data in your browser.",ogjfcicbofbobbljgbmkbgehfmkmanpa
0,"A full list of the permissions that each app requests, and why they request it, can be found on our scopes page.",ogjfcicbofbobbljgbmkbgehfmkmanpa
0,Each of the educ.io apps work independently and provide a particular set of features.,ogjfcicbofbobbljgbmkbgehfmkmanpa
0,Perhaps their most valuable asset is that they act as a transparent layer over the existing Google Services.,ogjfcicbofbobbljgbmkbgehfmkmanpa
0,"All your data remains on your device, and the Google platform, nothing is ever sent to, or stored by, us.",ogjfcicbofbobbljgbmkbgehfmkmanpa
0,"Nothing is specific or accessible only through these tools; they help you, they dont lock you in.",ogjfcicbofbobbljgbmkbgehfmkmanpa
0,"While principally designed for educators and the education sector, many of the tools are useful in all walks of life.",ogjfcicbofbobbljgbmkbgehfmkmanpa
0,"It works on all your devices, requiring nothing more than a modern browser, so jump in and try them out.",ogjfcicbofbobbljgbmkbgehfmkmanpa
0,"Transparency The best technology is open, and the best education thrives in the light.",ogjfcicbofbobbljgbmkbgehfmkmanpa
0,Closed systems do little but perpetuate closed minds.,ogjfcicbofbobbljgbmkbgehfmkmanpa
0,"We passionately believe that everyone should have access to the best possible tools, everywhere.",ogjfcicbofbobbljgbmkbgehfmkmanpa
0,All of our web-apps are subject to copyright (xc2xa9 2015-2021 educ.io) but released under a permissive open-source license.,ogjfcicbofbobbljgbmkbgehfmkmanpa
0,"These apps are free software, meaning you can redistribute them and/or modify them under the terms of the GNU General Public License (Version 3) as published by the Free Software Foundation.",ogjfcicbofbobbljgbmkbgehfmkmanpa
0,"Our branding, including our name, logo and distinctive visual design patterns (such as our use of blocks in our imagery) are not licensed under an open-source agreement.",ogjfcicbofbobbljgbmkbgehfmkmanpa
0,This exclusion means you cannot use them without our permission.,ogjfcicbofbobbljgbmkbgehfmkmanpa
3,"We care about building our brand, and we want to make sure that our users recognise our sites, trusting the quality of what we do and the time and effort that goes into making them.",ogjfcicbofbobbljgbmkbgehfmkmanpa
0,"As such, while we encourage you to make copies (branches or forks) of our code, you cannot pertain to represent us, nor use our name, domain names or logos.",ogjfcicbofbobbljgbmkbgehfmkmanpa
0,"If you wish to use our logo to link back to us, thats fine, but not in a way that implies affiliation or endorsement (without prior permission).",ogjfcicbofbobbljgbmkbgehfmkmanpa
0,"The source code is freely available online, and contributions, comments, and bug reports all welcome.",ogjfcicbofbobbljgbmkbgehfmkmanpa
0,Feel free to have a look!,ogjfcicbofbobbljgbmkbgehfmkmanpa
0,"Like all open-source systems, this site builds upon the work of others.",ogjfcicbofbobbljgbmkbgehfmkmanpa
0,"Our tools wouldnt be possible without these external libraries, but instead of hiding them away, we choose to celebrate them.",ogjfcicbofbobbljgbmkbgehfmkmanpa
0,"You can find a list of all the external libraries we cuently use on our credits page, including a brief description of how they are used and a link to their project website or documentation.",ogjfcicbofbobbljgbmkbgehfmkmanpa
0,"Please take a look, and say thanks if you can.",ogjfcicbofbobbljgbmkbgehfmkmanpa
0,Our site and our tools are continually evolving.,ogjfcicbofbobbljgbmkbgehfmkmanpa
0,New functionality and improvements are regularly added.,ogjfcicbofbobbljgbmkbgehfmkmanpa
0,"To help with this, a change log is maintained for each release, making it easy to see what the latest features are and any reasons for changes & further information.",ogjfcicbofbobbljgbmkbgehfmkmanpa
0,"Privacy As well as an unswerving commitment to transparency, we are determined to protect the privacy, security and confidentiality of your data.",ogjfcicbofbobbljgbmkbgehfmkmanpa
0,"We therefore do not store, process or analyse any of your Google user data.",ogjfcicbofbobbljgbmkbgehfmkmanpa
0,"Your data stays in your Google account and on your device only, our servers and people never see it, and we never touch it.",ogjfcicbofbobbljgbmkbgehfmkmanpa
0,"This data is yours, and that is the way it should always be!",ogjfcicbofbobbljgbmkbgehfmkmanpa
0,"When you use any of our apps in conjunction with your Google account, the app may request scoped access to part of your Google data, so that you can interact with that data (but just within your browser, it doesnt go anywhere else!",ogjfcicbofbobbljgbmkbgehfmkmanpa
0,This request generates a token (think of it like a temporary password) that is only valid for accessing the data that you granted access to.,ogjfcicbofbobbljgbmkbgehfmkmanpa
2,"This token is saved on your device until you log out of Google services or our apps, and it is periodically refreshed.",ogjfcicbofbobbljgbmkbgehfmkmanpa
0,"This means, if you remove the granted permission, the next refresh will fail and the token will no longer be valid (even if you have not signed out).",ogjfcicbofbobbljgbmkbgehfmkmanpa
0,"To most users, these scopes can sometimes appear quite complex, so we have a complete list of all the scopes that may be requested when using each of our apps.",ogjfcicbofbobbljgbmkbgehfmkmanpa
0,"Each of these scopes is accompanied by an explanation of why it may be requested, and what functionality requires it.",ogjfcicbofbobbljgbmkbgehfmkmanpa
0,Any scopes that are not essential for the app (e.g. they may simply give some extra useful functionality) are marked as optional in this list.,ogjfcicbofbobbljgbmkbgehfmkmanpa
0,"Data Protection, US COPPA and the EU GDPRAll the web-apps run from this site are client side apps, meaning that none of your data is transmitted back to our systems.",ogjfcicbofbobbljgbmkbgehfmkmanpa
20,"Apps and their instructions are served up over HTTPS (industry standard encryption, please download or test our SSL Security Score).",ogjfcicbofbobbljgbmkbgehfmkmanpa
0,"Your data, however, is loaded (and saved) directly from Google, again using HTTPS.",ogjfcicbofbobbljgbmkbgehfmkmanpa
0,"Your data stays between you and Google, ensuring it remains secure and governed by your existing data protection agreements.",ogjfcicbofbobbljgbmkbgehfmkmanpa
0,"We never see it, never could see it, and never would want to see it.",ogjfcicbofbobbljgbmkbgehfmkmanpa
0,"We just provide the code, and our tools can even help you with securing your own data!",ogjfcicbofbobbljgbmkbgehfmkmanpa
0,Analytics The only data that we receive from this site is usage information.,ogjfcicbofbobbljgbmkbgehfmkmanpa
0,"This data is handled by via Googe Analytics, which is a widely-used third party service that collects standard internet log information, and behaviour patterns.",ogjfcicbofbobbljgbmkbgehfmkmanpa
0,"The reason we do this is to measure the usage of these apps (e.g. what is frequently used), and also how they are being used (e.g. which buttons or menu-items are clicked most often).",ogjfcicbofbobbljgbmkbgehfmkmanpa
0,This data helps to shape development decisions (e.g. updating and streamlining layout and processes).,ogjfcicbofbobbljgbmkbgehfmkmanpa
0,"None of this data is linked to your account, name or email address in any way.",ogjfcicbofbobbljgbmkbgehfmkmanpa
0,Personally identifiable information is banned from the analytics platform and we would never seek to try to track any individual users.,ogjfcicbofbobbljgbmkbgehfmkmanpa
0,"All data is held in a highly secure state by google, and only accessible by us using industry-standard 2-factor authentication.",ogjfcicbofbobbljgbmkbgehfmkmanpa
0,"While this data is important, and useful to us, your preferences are even more so.",ogjfcicbofbobbljgbmkbgehfmkmanpa
0,"If you would prefer to block these sorts of analytics tools while you are browsing the web, you can enable do not track in your browser.",ogjfcicbofbobbljgbmkbgehfmkmanpa
0,This setting will be read by us and we will not attempt to load the analytics code if it is set.,ogjfcicbofbobbljgbmkbgehfmkmanpa
0,Compliance with this setting is dependent on the website/tool and is not universally honoured across the web.,ogjfcicbofbobbljgbmkbgehfmkmanpa
0,"Alternatively, to force fully block these analytics scripts from loading, you can install a privacy enhancing tool, such as the excellent Ghostery chrome extension.",ogjfcicbofbobbljgbmkbgehfmkmanpa
0,"Browser StorageTo provide functionality to you, we need to store a small amount of information in your browser.",ogjfcicbofbobbljgbmkbgehfmkmanpa
19,"This stored information takes three forms:Cookies Cookies are small pieces of text stored, sent and received by your browser from a website that you are visiting.",ogjfcicbofbobbljgbmkbgehfmkmanpa
0,"Google Analytics uses these cookies (first-party cookies, so they are not shared across sites) to store non-personally identifiable information.",ogjfcicbofbobbljgbmkbgehfmkmanpa
19,These cookies are prefixed with or gid.,ogjfcicbofbobbljgbmkbgehfmkmanpa
0,Our apps also load third-party scripts from a global content delivery network (CDN) for speed and reliability.,ogjfcicbofbobbljgbmkbgehfmkmanpa
19,These CDNs may also use first-party cookies to help deliver their services (e.g. Cloudflare).,ogjfcicbofbobbljgbmkbgehfmkmanpa
0,"Cache StorageIn order to deliver the best possible service, even in challenging connectivity situations (poor wifi stability for example), we make use of Progressive Web Apps technology on compatible platforms.",ogjfcicbofbobbljgbmkbgehfmkmanpa
0,"This technology means we can proactively cache various parts of the site and code in your browser, allowing it to be fetched, even when moving between different pages, without having to communicate over the Internet.",ogjfcicbofbobbljgbmkbgehfmkmanpa
2,"These pages are stored securely in the browser cache, and are periodically updated when updates are released.",ogjfcicbofbobbljgbmkbgehfmkmanpa
0,"Local Storage Finally, we use browser storage functions (such as Indexed DB and Local Storage) to store:Access Tokens: These are the cryptographic tokens which grant access to API Services.",ogjfcicbofbobbljgbmkbgehfmkmanpa
0,"They are stored only in your browser, work only on our site, and are invalidated/cleared when you sign out of the services (e.g. out of one of our apps or the Google platform as a whole).",ogjfcicbofbobbljgbmkbgehfmkmanpa
0,"Recent Items: To save you clicks, and time, we store the most recent commands that you have used on our site (e.g. open a particular file with one of our tools).",ogjfcicbofbobbljgbmkbgehfmkmanpa
0,These recent items become a shortcut list for you on each app.,ogjfcicbofbobbljgbmkbgehfmkmanpa
0,"They are also only stored in your browser, can be removed individually and are cleared when you sign out of the app.",ogjfcicbofbobbljgbmkbgehfmkmanpa
0,"Reliability All of our web-apps are offline-first on compatible browsers, meaning that the code and structure of the apps are saved locally on your device.",ogjfcicbofbobbljgbmkbgehfmkmanpa
0,"Where possible, data is cached briefly to speed things up (but always removed when you sign out).",ogjfcicbofbobbljgbmkbgehfmkmanpa
0,"This means the web-apps will continue to function when you are offline, or when wifi isnt working so well!",ogjfcicbofbobbljgbmkbgehfmkmanpa
0,"Performance To produce simple, reliable and easy to use tools, we believe that the best route is to ensure our code is as lightweight as possible.",ogjfcicbofbobbljgbmkbgehfmkmanpa
0,"We loath long load times, bulky pages and painful waiting.",ogjfcicbofbobbljgbmkbgehfmkmanpa
0,"Instead, we work hard to ensure our apps are efficient and lightweight, delivering excellent features with as small a footprint as possible.",ogjfcicbofbobbljgbmkbgehfmkmanpa
0,"Terms of Service Firstly, thank you for using the apps provided by educ.io, we hope that you find them useful, productive and time-saving!",ogjfcicbofbobbljgbmkbgehfmkmanpa
0,"By accessing or using our apps, you agree to the terms set out below, so please read them carefully.",ogjfcicbofbobbljgbmkbgehfmkmanpa
0,"These terms refer to, and govern, your use of these apps, and of this website in general.",ogjfcicbofbobbljgbmkbgehfmkmanpa
0,The code used on this site (and your rights to view and modify it) is subject to copyright and governed by a separate license agreement.,ogjfcicbofbobbljgbmkbgehfmkmanpa
0,"Under these terms, we may refer to educ.io as we, our, or us.",ogjfcicbofbobbljgbmkbgehfmkmanpa
19,We use a small number of cookies and store some local data in your browser cache.,ogjfcicbofbobbljgbmkbgehfmkmanpa
19,"In using this site, and apps, you, therefore, consent to our use of cookies under the terms set out in our privacy and cookie policies.",ogjfcicbofbobbljgbmkbgehfmkmanpa
20,"No Warranties This website is, and the apps containing within are, provided as is without any representations or warranties, expressly stated or implied.",ogjfcicbofbobbljgbmkbgehfmkmanpa
0,We make absolutely no representations or waanties concerning this website or the information and materials provided within.,ogjfcicbofbobbljgbmkbgehfmkmanpa
0,"While every reasonable effort will be made to ensure the reliability and continued operation of this site, we depend entirely on the availability of other APIs, over which we have no control.",ogjfcicbofbobbljgbmkbgehfmkmanpa
0,"As such, we cannot waant that these apps will be continuously available, or that they will be fully functional at all times.",ogjfcicbofbobbljgbmkbgehfmkmanpa
4,"Limitations of Liability We will not be liable to you (whether under the law of contact, the law of torts or otherwise) concerning the contents of, or use of, or otherwise in connection with, this website or these apps.",ogjfcicbofbobbljgbmkbgehfmkmanpa
18,"Limitations of Liability We will not be liable to you (whether under the law of contact, the law of torts or otherwise) concerning the contents of, or use of, or otherwise in connection with, this website or these apps.",ogjfcicbofbobbljgbmkbgehfmkmanpa
0,"This includes, but shall not be strictly limited to, any indirect, special or consequential loss; or any business losses, loss of revenue, income, profits or anticipated savings, loss of contracts or business relationships, loss of reputation or goodwill, or loss or couption of information or data.",ogjfcicbofbobbljgbmkbgehfmkmanpa
0,"By using this website, and apps contained within, you agree that the limitations of liability set out above, and the absences of any waanty, are reasonable.",ogjfcicbofbobbljgbmkbgehfmkmanpa
0,"If you do not think they are reasonable, then you must not use this website or these apps.",ogjfcicbofbobbljgbmkbgehfmkmanpa
0,"Enforceability, Assignment & Agreement Should any provision of these terms of service be, or be found to be, unenforceable under applicable law (or deemed unlawful), by any court or duly designation competent legal authority, then that will not impact the enforceability of any other provisions contained herewithin.",ogjfcicbofbobbljgbmkbgehfmkmanpa
0,"From time to time, we may need to revise or alter these terms of service, or other policies related to them.",ogjfcicbofbobbljgbmkbgehfmkmanpa
0,"These revisions will apply from their date of publication on this website, so please do check this document regularly to ensure you are aware of any changes.",ogjfcicbofbobbljgbmkbgehfmkmanpa
0,"We may transfer, sub-contract, or deal with our rights and our obligations under these terms or service without needing to inform you or obtain your consent.",ogjfcicbofbobbljgbmkbgehfmkmanpa
0,"These terms of service, taken in conjunction with the license and other related policies accessible from this page constitute the entire agreement between you and us in governing your use of this website.",ogjfcicbofbobbljgbmkbgehfmkmanpa
0,The cuent version published here should be considered to supersede all previous agreements in respect of your use of this site and the apps.,ogjfcicbofbobbljgbmkbgehfmkmanpa
0,"Terms of Service and Privacy Policy - Google Docs JavaScript isn't enabled in your browser, so this file can't be opened.",bppomkjjnljldamdoaofnlmgdcmjcomi
0,Terms of Service and Privacy Policy Share Sign in The version of the browser you are using is no longer supported.,bppomkjjnljldamdoaofnlmgdcmjcomi
0,Please upgrade to a supported browser.,bppomkjjnljldamdoaofnlmgdcmjcomi
0,Cisco respects and is committed to protecting personal information.,jonckgamcbbnkkoagphccopgcjocaggf
0,"Our Privacy Statement reflects cuent global principles and standards on handling personal information xe2x80x93 transparency, fairness, and accountability.",jonckgamcbbnkkoagphccopgcjocaggf
0,Below are some of the highlights of the Cisco Online Privacy Statement.,jonckgamcbbnkkoagphccopgcjocaggf
0,"Note, more specific information on how Cisco processes personal information may be found in Privacy Data Sheets, offer descriptions, or other notices provided prior to or at the time of data collection.",jonckgamcbbnkkoagphccopgcjocaggf
3,"Personal informationWe collect personal information for a variety of reasons, such as processing your order, provisioning websites and Solutions and enabling their functionality, providing you with a newsletter subscription, sending business and marketing communications, personalizing your experience, or managing job applications.",jonckgamcbbnkkoagphccopgcjocaggf
3,We will inform you of the purpose for collecting personal information when we collect it from you and keep it to fulfill the purposes for which it was collected or as required by applicable laws or for legitimate purposes.,jonckgamcbbnkkoagphccopgcjocaggf
3,"We may combine the information we collect from you with information obtained from other sources to help us improve its overall accuracy and completeness, and to help us improve and better tailor our interactions and performance with you.",jonckgamcbbnkkoagphccopgcjocaggf
17,"We may also collect information relating to your use of our websites and web-based Solutions through the use of various technologies, including cookies.",jonckgamcbbnkkoagphccopgcjocaggf
19,"We may also collect information relating to your use of our websites and web-based Solutions through the use of various technologies, including cookies.",jonckgamcbbnkkoagphccopgcjocaggf
3,Notice and your choices of data use.We will use your personal information for the purpose for which it was collected and will not use it for a different purpose without first asking for your permission or having a legal basis for the use.,jonckgamcbbnkkoagphccopgcjocaggf
3,We will ask your permission before we share your personal information with third parties for any purpose other than the reason you provided it or as otherwise stated in our Online Privacy Statement.,jonckgamcbbnkkoagphccopgcjocaggf
19,"For more information on your choices about how Cisco may process your personal information or regarding our use of cookies or other web technologies, see our full Online Privacy Statement.",jonckgamcbbnkkoagphccopgcjocaggf
14,"Data access and integrity To update your personal information and communication preference, click here or visit the specific product or service web site.",jonckgamcbbnkkoagphccopgcjocaggf
0,Data security. We are committed to protecting your personal information against unauthorized use or disclosure.,jonckgamcbbnkkoagphccopgcjocaggf
0,"Onward transfer As a global company, we may transfer your personal information to Cisco in the United States, to any Cisco subsidiary worldwide or to third parties acting on our behalf located outside of the country where the data is collected where data protection standards may be different.",jonckgamcbbnkkoagphccopgcjocaggf
0,We do not transfer your personal information to third parties unless those third parties promise to give the information at least the equivalent level of protection that we provide.,jonckgamcbbnkkoagphccopgcjocaggf
0,Important information Our personal data protection and privacy policies and practices are designed to comply with applicable laws around the world and to earn and maintain your trust in Cisco.,jonckgamcbbnkkoagphccopgcjocaggf
0,Cisco is certified under the APEC Cross Border Privacy Rules system and Privacy Recognition for Processors regarding personal data handling and transfers to/from the APEC member economies.,jonckgamcbbnkkoagphccopgcjocaggf
0,"For more information on the scope of our participation, or to submit a privacy inquiry through BBB National Programs, our Accountability Agent, please click on the official seal below:Ciscos Binding Corporate Rules Controller (BCR-C) provide that transfers made by Cisco as a controller worldwide of European personal information benefit from adequate safeguards.",jonckgamcbbnkkoagphccopgcjocaggf
0,"Cisco is also certified and adheres to the EU-US and Swiss-US Privacy Shield frameworks as set forth by the U.S. Department of Commerce regarding the collection, use, and processing of personal data from the EU/EEA, the UK, and Switzerland.",jonckgamcbbnkkoagphccopgcjocaggf
0,"Should you have questions, comments or concerns related to this Privacy Statement or the treatment of your personal information, please click here.",jonckgamcbbnkkoagphccopgcjocaggf
4,"If you have an unresolved privacy or data use concern that we have not addressed satisfactorily, please contact our U.S.-based third party dispute resolution provider (free of charge).",jonckgamcbbnkkoagphccopgcjocaggf
0,"References To find out more about our privacy practices, see the full version of the Cisco Online Privacy Statement.",jonckgamcbbnkkoagphccopgcjocaggf
4," Extension Privacy Policy Gallery provides this Privacy Policy to inform users who download a Browser Extension from our websites, www.",jpfagaihdplonlambjleihbjjcpnnked
0,"newtabgallery.com and the various extension galleries and web-stores, (the Sites), about the limited use and disclosure of information generated by the Extension.",jpfagaihdplonlambjleihbjjcpnnked
0,The Extension may include links or otherwise allow you to access and perhaps submit information to third-party applications or sites.,jpfagaihdplonlambjleihbjjcpnnked
0,This Privacy Policy applies to the Extension only.,jpfagaihdplonlambjleihbjjcpnnked
0,"Any information you submit to linked sites or other applications that may be accessible from the Extension will be subject to the privacy policies of those sites or applications, if any.",jpfagaihdplonlambjleihbjjcpnnked
0,"You are not required to register with us to download a Extension, and may do so anonymously.",jpfagaihdplonlambjleihbjjcpnnked
0,"No Spyware, No Adware The Extension does not collect any personal information about you (such as your name, email address, etc.",jpfagaihdplonlambjleihbjjcpnnked
0,"Further, it does not collect or report back to us (or anyone else) any data regarding your computer keystrokes or other data unrelated to the services the Extension provides.",jpfagaihdplonlambjleihbjjcpnnked
0,Anonymous Extension Usage Statistics.,jpfagaihdplonlambjleihbjjcpnnked
0,"In order to continue to provide the high-quality Extensions to you and to other Users, we do need certain statistics about how our Extensions are used.",jpfagaihdplonlambjleihbjjcpnnked
0,"To facilitate this, the Extension includes one or more unique application numbers that are not associated with you or your Gallery account (if you have chosen to register with us).",jpfagaihdplonlambjleihbjjcpnnked
4,"These numbers are sent to us when you install or uninstall the Extension and when the Extension periodically contacts our servers, for example, to request automatic updates or to provide us with usage statistics about that Extension, such as whether it is active, default settings and total usage of other features of the Extension, including links to third-party applications or sites (Usage Statistics).",jpfagaihdplonlambjleihbjjcpnnked
0,All Usage Statistics are recorded on a non-personally identifiable basis and is kept strictly anonymous.,jpfagaihdplonlambjleihbjjcpnnked
0,We do not use the Service to knowingly solicit data from or market to children under the age of 13.,jpfagaihdplonlambjleihbjjcpnnked
4,"If a parent or guardian becomes aware that his or her child has provided us with personally identifiable information without their consent, he or she should contact us at infobrandthunder.com.",jpfagaihdplonlambjleihbjjcpnnked
6,We will delete such information from our files.,jpfagaihdplonlambjleihbjjcpnnked
0,Our website and browser extensions are unofficial.,jpfagaihdplonlambjleihbjjcpnnked
0,We are not affiliated with or sponsored by the entity whose materials are represented in the extensions.,jpfagaihdplonlambjleihbjjcpnnked
0,"By downloading, installing and/or using our extensions, you acknowledge that our website and browser extensions are not affiliated with or sponsored by the entity whose materials are represented in the extensions.",jpfagaihdplonlambjleihbjjcpnnked
4,"If you have any questions or concerns about this Privacy Policy or its implementation, or if you believe there are inaccuracies in your account information you may contact us as follows: LLCPO BOX 121Columbus, Ohio 43002 Email: info at gallery.com Last Updated: DECEMBER 2018 Find Us Address Chrome Hours About This Site We have been creating browser extensions for 10 years.",jpfagaihdplonlambjleihbjjcpnnked
0,we love making your browsing experience more enjoyable!,jpfagaihdplonlambjleihbjjcpnnked
0,All My Faves  My Homepage Your browser does not support iframe.,npklbnjanghgplhmccbfjapmmfdmajkn
0,Your browser does not support iframe.,npklbnjanghgplhmccbfjapmmfdmajkn
0,Would you like to view content customized to ?,npklbnjanghgplhmccbfjapmmfdmajkn
0,Privacy Statement of All My Faves Inc. Information regarding the All My Faves organization and web site: All My Faves Inc. recognizes that your privacy is very important.,npklbnjanghgplhmccbfjapmmfdmajkn
0,Please read the information below to learn more about our privacy policy guidelines.,npklbnjanghgplhmccbfjapmmfdmajkn
0,"Since this is a website in progress with continual additions and expansions, and because Internet technologies are constantly evolving, these guidelines are subject to change.",npklbnjanghgplhmccbfjapmmfdmajkn
0,"It is up to All My Faves' discretion to make any changes as it sees fit, and any such changes shall be posted on this page.",npklbnjanghgplhmccbfjapmmfdmajkn
0,You are advised to consult this Privacy Policy regularly for any changes.,npklbnjanghgplhmccbfjapmmfdmajkn
18,All My Faves Inc. is not responsible for the content or the privacy policies of websites to which the site may link.,npklbnjanghgplhmccbfjapmmfdmajkn
0,Our principal activity entails a visual portal and bookmark manager.,npklbnjanghgplhmccbfjapmmfdmajkn
0,"Our privacy policy covers All My Faves Inc. and its website:  Organisation Name:  All My Faves Inc. City: Tel Aviv, Bilu 39  Country: Israel   Tel: +972-3-5250755  Web Sites(s):  http://www.",npklbnjanghgplhmccbfjapmmfdmajkn
0,"allmyfaves.com At All My Faves, we recognize that your privacy and that of your personal information is important.",npklbnjanghgplhmccbfjapmmfdmajkn
0,"Below we provide information on what types of personal information we receive and maintain in our company's records when you use/visit All My Faves, and how we safeguard that information.",npklbnjanghgplhmccbfjapmmfdmajkn
3,"All My Faves collects and uses personally identifiable information for the following reasons and purposes only: providing users with the services made available through the allmyfaves.com including, but not limited to the service, to communicate with users, and to manage users' registered accounts, if and when applicable.",npklbnjanghgplhmccbfjapmmfdmajkn
0,"As with most other websites, our servers automatically record information that your browser sends whenever you visit a website (""Log Data"" ).",npklbnjanghgplhmccbfjapmmfdmajkn
0,"The information in the log files may include your IP address (Internet Protocol) , your ISP (Internet Service Provider, such as AOL or Shaw Cable), the browser through which you visit our site (such as Internet Explorer or Firefox), the time at which you visited our site, and which pages you visited within the entire All My Faves site.",npklbnjanghgplhmccbfjapmmfdmajkn
2,We use Log Data to monitor the use of the Site and of our Service.,npklbnjanghgplhmccbfjapmmfdmajkn
0,"We do not associate your IP address with any other personally identifiable information to identify you personally, except in case of violation of the Terms of Use.",npklbnjanghgplhmccbfjapmmfdmajkn
19,Cookies and Web Beacons All My Faves uses cookies to store information such as your personal preferences when you visit our site.,npklbnjanghgplhmccbfjapmmfdmajkn
0,"If you are not familiar with what cookies are, here is a brief explanation: A cookie is a small data file many websites (AllMyFaves.com included) cay to your computer's hard disk.",npklbnjanghgplhmccbfjapmmfdmajkn
0,All My Faves does not use cookies to collect users' personally identifiable information.,npklbnjanghgplhmccbfjapmmfdmajkn
19,"We use cookies as an improvement tool for the Company, the AllMyFaves.com website and our offered services.",npklbnjanghgplhmccbfjapmmfdmajkn
19,"More specifically, we use cookies as data information regarding users' site preferences and navigation behavior, and website traffic and refeed visitor statistics (navigation between AllMyFaves.com and other websites).",npklbnjanghgplhmccbfjapmmfdmajkn
19,"A session cookie makes certain site features and services possible, yet is only a session long, meaning once you log out or turn your computer off, the cookie ceases its activity and is removed from your computer.",npklbnjanghgplhmccbfjapmmfdmajkn
19,"A persistent cookie stays in your computer despite disconnecting from your browser, and is used by the browser in re-visits to the web site.",npklbnjanghgplhmccbfjapmmfdmajkn
19,You can remove persistent cookies by consulting your browser support/help service.,npklbnjanghgplhmccbfjapmmfdmajkn
19,Most Internet browsers automatically accept cookies.,npklbnjanghgplhmccbfjapmmfdmajkn
6,"You can chose to disable or selectively turn off our cookies or third-party cookies in your browser settings, or manage your preferences in programs such as Norton Internet Security.",npklbnjanghgplhmccbfjapmmfdmajkn
19,"You can chose to disable or selectively turn off our cookies or third-party cookies in your browser settings, or manage your preferences in programs such as Norton Internet Security.",npklbnjanghgplhmccbfjapmmfdmajkn
0,"However, this can affect how you are able to interact with our site as well as other websites.",npklbnjanghgplhmccbfjapmmfdmajkn
0,"One of the consequences might be users' inability to log in to services or programs, such as logging into forums or accounts.",npklbnjanghgplhmccbfjapmmfdmajkn
0,AdvertismentAll My Faves uses third party advertisements on All My Faves to support our web site.,npklbnjanghgplhmccbfjapmmfdmajkn
19,Some of these advertisers may use web technologies such as cookies and web beacons on our site.,npklbnjanghgplhmccbfjapmmfdmajkn
0,"These technological tools send participating advertisers (such as Google through the Google AdSense program) information such as your IP address, your ISP , the browser you used to visit our site, and in some cases, information regarding your installed Flash software.",npklbnjanghgplhmccbfjapmmfdmajkn
3,"This is generally used for geo-targeting purposes (showing New York real estate ads to someone in New York, for example) or for showing certain ads based on specific sites visited (such as showing cooking ads to someone who frequents cooking sites).",npklbnjanghgplhmccbfjapmmfdmajkn
0,"Information Collected by AllMyFaves Although using AllMyFaves.com is free for everyone, users need to register in order to take advantage of certain services and features on AllMyFaves.com, such as the MiniFaves feature.",npklbnjanghgplhmccbfjapmmfdmajkn
0,"As a registered user, you will be asked to provide us with certain personally identifiable information.",npklbnjanghgplhmccbfjapmmfdmajkn
1,"Such information may include your computer's IP address, user name, password, email address, geographic location and local time, phone number, and any other details you choose to submit to us or include in your personalized MiniFaves page.",npklbnjanghgplhmccbfjapmmfdmajkn
15,"Such information may include your computer's IP address, user name, password, email address, geographic location and local time, phone number, and any other details you choose to submit to us or include in your personalized MiniFaves page.",npklbnjanghgplhmccbfjapmmfdmajkn
0,"By adding your own choice of sites to your personalized All My Faves homepage, you allow All My Faves and others to access and use it in connection with All My Faves and otherwise in connection with its affiliates businesses.",npklbnjanghgplhmccbfjapmmfdmajkn
0,You can mark content as private to restrict access and use to those users to whom you explicitly grant access.,npklbnjanghgplhmccbfjapmmfdmajkn
0,Your use of the content does not affect All My Faves' right to access and use it in connection with All My Faves or otherwise in connection with its affiliates businesses.,npklbnjanghgplhmccbfjapmmfdmajkn
0,Data deletionWe greatly value your privacy.,npklbnjanghgplhmccbfjapmmfdmajkn
0,At any time you may request the deletion of your data from the wibki site and server.,npklbnjanghgplhmccbfjapmmfdmajkn
4,To do so you may contact us at infoallmyfaves.com from the same email which you have registered on our site.,npklbnjanghgplhmccbfjapmmfdmajkn
0,Before requesting deletion we recommend using the export bookmarks option available at the settings page.,npklbnjanghgplhmccbfjapmmfdmajkn
4,Use of Contact InformationWe may use your contact information to send you updates and promotions of cuent and future All My Faves features and offered services.,npklbnjanghgplhmccbfjapmmfdmajkn
0,"Should you decide to discontinue the recipt of such information, you are welcome to unsubscibe via our updates and/or promotion messages sent to your email.",npklbnjanghgplhmccbfjapmmfdmajkn
0,Service ProvidersAll My Faves has agreements with certain external service providers and other reliable and safe third parties for the Company and website's managment and maintenance.,npklbnjanghgplhmccbfjapmmfdmajkn
0,"These include but are not limited to hosting and maintenance providers, database storage and management services, and marketing projects.",npklbnjanghgplhmccbfjapmmfdmajkn
3,"As an AllMyFaves.com's user, your personally identifiable information may be shared with these third parties on a limited basis, meaning only for the purpose of performing and providing AllMyFaves.com's services and features.",npklbnjanghgplhmccbfjapmmfdmajkn
0,"In addition, sharing that personally identifiable information shall occur, if at all, only after those third parties have made an explicit obligation to safeguard your privacy andensure the security of your data.",npklbnjanghgplhmccbfjapmmfdmajkn
1,"ConfidentialityFeedback and other comments and statements that you chose to submit to All My Faves by any means - whether by e-mail to All My Faves Customer Service, telephone, letter, or any other communication method - shall be considered nonconfidential.",npklbnjanghgplhmccbfjapmmfdmajkn
14,"ConfidentialityFeedback and other comments and statements that you chose to submit to All My Faves by any means - whether by e-mail to All My Faves Customer Service, telephone, letter, or any other communication method - shall be considered nonconfidential.",npklbnjanghgplhmccbfjapmmfdmajkn
0,All My Faves is free to use such information on an unrestricted basis.,npklbnjanghgplhmccbfjapmmfdmajkn
3,"The ways in which we may use your informationWe use users' collected information to improve our marketing and promotional efforts; to analyze site usage with statistics and data; to improve our content and product offerings, and;to customize the All My Faves web site's content, layout and services, for the benefit of our users.",npklbnjanghgplhmccbfjapmmfdmajkn
0,"We may use your collected information to service your account with us, including but not limited to investigating problems, resolving disputes and enforcing agreements with us.",npklbnjanghgplhmccbfjapmmfdmajkn
13,"We do not sell, rent, trade or exchange any personally-identifying information of our users.",npklbnjanghgplhmccbfjapmmfdmajkn
0,"We may share certain aggregate information based on analysis of collected information with our partners, customers, advertisers or potential users.",npklbnjanghgplhmccbfjapmmfdmajkn
3,"We may use your collected information to execute marketing campaigns, promotions or advertising messages on behalf of third parties.",npklbnjanghgplhmccbfjapmmfdmajkn
0,Information submitted through the 'Tell a Friend' feature is collected and used in the mail which is sent to the refeed person or 'friend' who was listed in the submission.,npklbnjanghgplhmccbfjapmmfdmajkn
0,"By posting content, you are granting permission to All My Faves and others to access and use it in connection with All My Faves and otherwise in connection with its affiliates businesses.",npklbnjanghgplhmccbfjapmmfdmajkn
0,You can mark content as private to restrict access and use to those users to whom you explicitly grant access.,npklbnjanghgplhmccbfjapmmfdmajkn
0,Your use of the content does not affect All My Faves' right to access and use it in connection with All My Faves or otherwise in connection with its affiliates businesses.,npklbnjanghgplhmccbfjapmmfdmajkn
0,"Links to other sitesAlthough All My Faves provides numerous links to websites, this action is by no means any endorsement, advertisement for profit, authorization or representation of our affiliation with those third parties or featured sites, excluding sites and parties with which All My Faves has a contracted agreement.",npklbnjanghgplhmccbfjapmmfdmajkn
0,All My Faves has no control over any of the sites we feature anywhere on the website.,npklbnjanghgplhmccbfjapmmfdmajkn
19,"Featured sites on All My Faves may use cookies of their own or other files on your computer, collect data or solicit personally identifiable information from you.",npklbnjanghgplhmccbfjapmmfdmajkn
1,"Featured sites on All My Faves may use cookies of their own or other files on your computer, collect data or solicit personally identifiable information from you.",npklbnjanghgplhmccbfjapmmfdmajkn
0,Other sites comply with different rules regarding the use or disclosure of the personally identifiable information submitted to them by users.,npklbnjanghgplhmccbfjapmmfdmajkn
0,Please consult the privacy policies and/or statements of the other websites you visit.,npklbnjanghgplhmccbfjapmmfdmajkn
0,All My Faves' Policy Regarding ChildrenOnly users at least 13 years old or older may use AllMyFaves.com.,npklbnjanghgplhmccbfjapmmfdmajkn
0,"Children under 13 are welcome to use the website under the supervision of their parents, legal gurdian or other authorized adult.",npklbnjanghgplhmccbfjapmmfdmajkn
0,"However, Children may not sign or provide any perosnally identifiable information to AllMyFaves.com.",npklbnjanghgplhmccbfjapmmfdmajkn
4,"If you are a parent or legal guardian who has learned that the child under your care is or has provided us with personally identifiable information without your knowledge and/or concent, contact us at infoallmyfaves.com.",npklbnjanghgplhmccbfjapmmfdmajkn
0,AllMyFaves.com does not knowingly collect personally identifiable information from children under 13.,npklbnjanghgplhmccbfjapmmfdmajkn
0,"Should we learn of such a case, his or her information shall be removed immediately from our records.",npklbnjanghgplhmccbfjapmmfdmajkn
0,Your FeedbackAll My Faves welcomes your continuous input regarding our Privacy Policy or our services provided to you.,npklbnjanghgplhmccbfjapmmfdmajkn
0,You may send us your comments and responses to infoallmyfaves.com.,npklbnjanghgplhmccbfjapmmfdmajkn
0,Privacy PolicyTerms of Use AllMyFaves.,npklbnjanghgplhmccbfjapmmfdmajkn
4,"EXTENSION PRIVACY POLICY Gallery provides this Privacy Policy to inform users who download a Browser Extension from our websites, www.",hkaikbhjipngadnacfnhncidpnoaajcd
0,"newtabgallery.com and the various extension galleries and web-stores, (the Sites), about the limited use and disclosure of information generated by the Extension.",hkaikbhjipngadnacfnhncidpnoaajcd
0,The Extension may include links or otherwise allow you to access and perhaps submit information to third-party applications or sites.,hkaikbhjipngadnacfnhncidpnoaajcd
0,This Privacy Policy applies to the Extension only.,hkaikbhjipngadnacfnhncidpnoaajcd
0,"Any information you submit to linked sites or other applications that may be accessible from the Extension will be subject to the privacy policies of those sites or applications, if any.",hkaikbhjipngadnacfnhncidpnoaajcd
0,"You are not required to register with us to download a Extension, and may do so anonymously.",hkaikbhjipngadnacfnhncidpnoaajcd
0,"No Spyware, No AdwareThe Extension does not collect any personal information about you (such as your name, email address, etc.",hkaikbhjipngadnacfnhncidpnoaajcd
0,"Further, it does not collect or report back to us (or anyone else) any data regarding your computer keystrokes or other data unrelated to the services the Extension provides.",hkaikbhjipngadnacfnhncidpnoaajcd
0,Anonymous Extension Usage Statistics.,hkaikbhjipngadnacfnhncidpnoaajcd
0,"In order to continue to provide the high-quality Extensions to you and to other Users, we do need certain statistics about how our Extensions are used.",hkaikbhjipngadnacfnhncidpnoaajcd
0,"To facilitate this, the Extension includes one or more unique application numbers that are not associated with you or your NewTabGallery account (if you have chosen to register with us).",hkaikbhjipngadnacfnhncidpnoaajcd
4,"These numbers are sent to us when you install or uninstall the Extension and when the Extension periodically contacts our servers, for example, to request automatic updates or to provide us with usage statistics about that Extension, such as whether it is active, default settings and total usage of other features of the Extension, including links to third-party applications or sites (Usage Statistics).",hkaikbhjipngadnacfnhncidpnoaajcd
0,All Usage Statistics are recorded on a non-personally identifiable basis and is kept strictly anonymous.,hkaikbhjipngadnacfnhncidpnoaajcd
0,We do not use the Service to knowingly solicit data from or market to children under the age of 13.,hkaikbhjipngadnacfnhncidpnoaajcd
4,"If a parent or guardian becomes aware that his or her child has provided us with personally identifiable information without their consent, he or she should contact us at infobrandthunder.com.",hkaikbhjipngadnacfnhncidpnoaajcd
6,We will delete such information from our files.,hkaikbhjipngadnacfnhncidpnoaajcd
0,Our website and browser extensions are unofficial.,hkaikbhjipngadnacfnhncidpnoaajcd
0,We are not affiliated with or sponsored by the entity whose materials are represented in the extensions.,hkaikbhjipngadnacfnhncidpnoaajcd
0,"By downloading, installing and/or using our extensions, you acknowledge that our website and browser extensions are not affiliated with or sponsored by the entity whose materials are represented in the extensions.",hkaikbhjipngadnacfnhncidpnoaajcd
4,"If you have any questions or concerns about this Privacy Policy or its implementation, or if you believe there are inaccuracies in your account information you may contact us as follows: LLCPO BOX 121Columbus, Ohio 43002 Email: infonewtabgallery.com Last Updated: DECEMBER 2018 Find Us Address Chrome Hours About This SiteWe have been creating browser extensions for 10 years.",hkaikbhjipngadnacfnhncidpnoaajcd
0,we love making your browsing experience more enjoyable!,hkaikbhjipngadnacfnhncidpnoaajcd
0,"Privacy By using the Lovely Tab and any features, services and websites available through Lovely Tab you agree to the terms of our Privacy Policy, which are incorporated into this EULA and which set out the practices concerning the information processed by the Girema Holdings Limited.",hbjjkdopdpfganljciogbaaeoaljgjaj
17,"As with most other websites, we collect and use the data contained in log files.",hbjjkdopdpfganljciogbaaeoaljgjaj
17,"The information in the log files include your IP (internet protocol) address, the type of browser you used to visit our site (such as Google Chrome, Internet Explorer or Mozilla Firefox), the time at which you visited our site and which pages you visited throughout our site.",hbjjkdopdpfganljciogbaaeoaljgjaj
1,We may collect personal information at various times when you use our website or plugin.,hbjjkdopdpfganljciogbaaeoaljgjaj
0,"The more information you volunteer (and the more accurate it is), the better we are able to customize your experience.",hbjjkdopdpfganljciogbaaeoaljgjaj
0,Your participation is voluntary and you have the choice not to disclose any information that we request.,hbjjkdopdpfganljciogbaaeoaljgjaj
0,rThe types of information we gather:Information you provide: We receive and store any information you enter on the Lovely Tab Domains or give us in any other way.,hbjjkdopdpfganljciogbaaeoaljgjaj
0,You provide most such information when you use the Lovely Tab or bundled plugins.,hbjjkdopdpfganljciogbaaeoaljgjaj
1,"For instance, if you register for an account with us, we may collect your name, email address, country of origin, and, if you choose, your nickname, telephone number, website, company, and title.",hbjjkdopdpfganljciogbaaeoaljgjaj
1,"If you download and install the plugin, we collect any information voluntarily provided by you during the installation and registration process, which can include demographic information such as gender, age, occupation, household income, zip code and country.",hbjjkdopdpfganljciogbaaeoaljgjaj
17,Demographic information may be coelated to web usage information collected during your use of the service.,hbjjkdopdpfganljciogbaaeoaljgjaj
1,"In addition, you might provide us with personal identifying information, such as mobile telephone number, when you communicate with us by phone, e-mail or otherwise, or complete a questionnaire, subscription form or a contest entry form.",hbjjkdopdpfganljciogbaaeoaljgjaj
0,"You can choose not to provide certain information, but then you might not be able to take advantage of many of our features.",hbjjkdopdpfganljciogbaaeoaljgjaj
3,"We use the information that you provide for such purposes as responding to your requests, customizing and improving our services, delivering targeted content and advertisements that may be of interest to you, and communicating with you.",hbjjkdopdpfganljciogbaaeoaljgjaj
1,"Automatic information we collect from the plugin: When you use Lovely Tab plugin, the searches you perform using our domains, the ways in which you use various features, and the pages you view on our domains.",hbjjkdopdpfganljciogbaaeoaljgjaj
17,"For example, we may collect information about page views, impressions and clicks, as well as similar web usage information on our domains.",hbjjkdopdpfganljciogbaaeoaljgjaj
17,We also may periodically collect usage statistics from users that describe the frequency of use of each feature.,hbjjkdopdpfganljciogbaaeoaljgjaj
17,Automatic information we collect from the site: We receive and store certain types of information whenever you interact with our site.,hbjjkdopdpfganljciogbaaeoaljgjaj
19,"For example, like many websites, we use ""cookies,"" and we obtain certain types of information when your Web browser accesses the Site, when you use the plugin.",hbjjkdopdpfganljciogbaaeoaljgjaj
0,"If you are not yet 18, you are not allowed to use our services.",hbjjkdopdpfganljciogbaaeoaljgjaj
0,"Further, if we learn that we have collected personal information from a child under age 13, we will delete that information as quickly as possible.",hbjjkdopdpfganljciogbaaeoaljgjaj
3,"We may use information (whether personal identifying information or not) that we collect about you to:Deliver the products and services that you have requested Manage your relationship with us and provide you with customer support If you specifically requested that we communicate with you by e-mail, postal mail, telephone and/or mobile devices about products or services that may be of interest to you either from us or third parties Enforce our Agreement Protect our plugin, our websites, our customers and/or our other users from fraud, hacking or other harmrUse of Cookies In computer language, a cookie is used to store data on a computer's hard drive.",hbjjkdopdpfganljciogbaaeoaljgjaj
14,"We may use information (whether personal identifying information or not) that we collect about you to:Deliver the products and services that you have requested Manage your relationship with us and provide you with customer support If you specifically requested that we communicate with you by e-mail, postal mail, telephone and/or mobile devices about products or services that may be of interest to you either from us or third parties Enforce our Agreement Protect our plugin, our websites, our customers and/or our other users from fraud, hacking or other harmrUse of Cookies In computer language, a cookie is used to store data on a computer's hard drive.",hbjjkdopdpfganljciogbaaeoaljgjaj
19,We sometimes use cookies on our domains to save information but only non-private and non-identifiable information.,hbjjkdopdpfganljciogbaaeoaljgjaj
0,"links to Other WebsitesOur Site includes links to other third-party Websites (such as Google, Facebook, Instagram, Tweeter, etc.",hbjjkdopdpfganljciogbaaeoaljgjaj
0,whose privacy practices may differ from those of Lovely Tab.,hbjjkdopdpfganljciogbaaeoaljgjaj
0,"Our service may also be linked to sites or services operated by the Lovely Tab affiliates or third parties, and may carry advertisements or offer content, functionality, games, rewards programs, newsletters, contests or sweepstakes, or applications developed and maintained by third parties including, any online store.",hbjjkdopdpfganljciogbaaeoaljgjaj
0,"Lovely Tab is not responsible for the privacy practices of any such third parties, and once you leave the Services via a link, enable a third-party service, you should check the applicable privacy policy of the third-party site.",hbjjkdopdpfganljciogbaaeoaljgjaj
0,"If you submit personal information to any of those sites, your information is governed by their privacy statements.",hbjjkdopdpfganljciogbaaeoaljgjaj
0,We encourage you to carefully read the privacy statement of any Website you visit.,hbjjkdopdpfganljciogbaaeoaljgjaj
0,"Lovely Tab Girema Holdings, Karaiskaki 13 Limassol, Cyprus r3032 Cyprus supportlovelytab.com +357 99 622312",hbjjkdopdpfganljciogbaaeoaljgjaj
0,"Welcome shawnrieger.com - BlueHost.com Affordable, ReliableWeb Hosting SolutionsWeb Hosting - courtesy of www.",klkbojfnmhkkndffnedlcndgiadngbbj
4,bluehost.com Help Center Contact Us About Us Affiliates Terms 2012 Bluehost.com.,klkbojfnmhkkndffnedlcndgiadngbbj
4,"PolicyPrivacy Policy for Zillak Games If you require any more information or have any questions about our privacy policy, please feel free to contact us by email at zillakgamesgmail.com At Zillak Games we consider the privacy of our visitors to be extremely important.",ghabmoobnekiapiffifjdhgccbfbdgek
0,This privacy policy document describes in detail the types of personal information is collected and recorded by Zillak Games and how we use it.,ghabmoobnekiapiffifjdhgccbfbdgek
0,"Log Files Like many other Web sites, Zillak Games makes use of log files.",ghabmoobnekiapiffifjdhgccbfbdgek
0,These files merely logs visitors to the site usually a standard procedure for hosting companies and a part of hosting servicess analytics.,ghabmoobnekiapiffifjdhgccbfbdgek
0,"The information inside the log files includes internet protocol (IP) addresses, browser type,Internet Service Provider (ISP), date/time stamp, refeing/exit pages, and possibly the number of clicks.",ghabmoobnekiapiffifjdhgccbfbdgek
0,"This information is used to analyze trends,administer the site, track users movement around the site, and gather demographic information.",ghabmoobnekiapiffifjdhgccbfbdgek
0,"IP addresses, and other such information are not linked to any information that is personally identifiable.",ghabmoobnekiapiffifjdhgccbfbdgek
19,"Cookies and Web Beacons Zillak Games uses cookies to store information about visitors preferences, to record user-specific information on which pages the site visitor accesses or visits,and to personalize or customize our web page content based upon visitors browser type or other information that the visitor sends via their browser.",ghabmoobnekiapiffifjdhgccbfbdgek
19,"DoubleClick DART Cookie Google, as a third party vendor, uses cookies to serve ads on Zillak Games.",ghabmoobnekiapiffifjdhgccbfbdgek
19, Googles use of the DART cookie enables it to serve ads to our sites visitors based upon their visit to Zillak Games and other sites on the Internet.,ghabmoobnekiapiffifjdhgccbfbdgek
19, Users may opt out of the use of the DART cookie by visiting the Google ad and content network privacy policy at the following URL http://www.,ghabmoobnekiapiffifjdhgccbfbdgek
0,google.com/privacy_ads.,ghabmoobnekiapiffifjdhgccbfbdgek
19,Our Advertising PartnersSome of our advertising partners may use cookies and web beacons on our site.,ghabmoobnekiapiffifjdhgccbfbdgek
0,Our advertising partners include.,ghabmoobnekiapiffifjdhgccbfbdgek
0,"Google While each of these advertising partners has their own Privacy Policy for their site, an updated and hyperlinked resource is maintained here: Privacy Policies.",ghabmoobnekiapiffifjdhgccbfbdgek
0,You may consult this listing to find the privacy policy for each of the advertising partners of Zillak Games.,ghabmoobnekiapiffifjdhgccbfbdgek
0,These third-party ad servers or ad networks use technologyin their respective advertisements and links that appear on Zillak Games and which are sent directly to your browser.,ghabmoobnekiapiffifjdhgccbfbdgek
0,They automatically receive your IP address whenthis occurs.,ghabmoobnekiapiffifjdhgccbfbdgek
19,"Other technologies (such as cookies, JavaScript, or Web Beacons) may also be used by our sites third-party ad networks to measure the effectiveness oftheir advertising campaigns and/or to personalize the advertising content that you see on the site.",ghabmoobnekiapiffifjdhgccbfbdgek
19,Zillak Games has no access to or control over these cookies that areused by third-party advertisers.,ghabmoobnekiapiffifjdhgccbfbdgek
0,Third Party Privacy PoliciesYou should consult the respective privacy policies of these third-party ad servers for more detailed information on their practices as well as for instructions about how to opt-out of certain practices.,ghabmoobnekiapiffifjdhgccbfbdgek
0,"privacy policy does not apply to, and we cannot control the activities of, such other advertisers or web sites.",ghabmoobnekiapiffifjdhgccbfbdgek
0,You may find a comprehensive listing of these privacy policies and their links here: Privacy Policy Links.,ghabmoobnekiapiffifjdhgccbfbdgek
6,"If you wish to disable cookies, you may do so through your individual browser options.",ghabmoobnekiapiffifjdhgccbfbdgek
19,"If you wish to disable cookies, you may do so through your individual browser options.",ghabmoobnekiapiffifjdhgccbfbdgek
19,More detailed information about cookie management with specific web browsers can befound at the browsers respective websites.,ghabmoobnekiapiffifjdhgccbfbdgek
0,Childrens Information We believe it is important to provide added protection for children online.,ghabmoobnekiapiffifjdhgccbfbdgek
0,"We encourage parents and guardians to spend time online with their children to observe, participatein and/or monitor and guide their online activity.",ghabmoobnekiapiffifjdhgccbfbdgek
0,Zillak Games does not knowingly collect any personally identifiable information from children under the age of 13.,ghabmoobnekiapiffifjdhgccbfbdgek
4,"If a parent or guardian believes that Zillak Games has in its database the personally-identifiable information of a child under the age of 13, please contact us immediately(using the contact in the first paragraph) and we will use our best efforts to promptly remove such information from our records.",ghabmoobnekiapiffifjdhgccbfbdgek
0,Online Privacy Policy Only This privacy policy applies only to our online activities and is valid for visitors to our website and regarding information shared and/or collected there.,ghabmoobnekiapiffifjdhgccbfbdgek
0,This policydoes not apply to any information collected offline or via channels other than this website.,ghabmoobnekiapiffifjdhgccbfbdgek
0,"Consent By using our website, you hereby consent to our privacy policy and agree to its terms.",ghabmoobnekiapiffifjdhgccbfbdgek
0,"Privacy Policy Online Approved Site UpdateThis Privacy Policy was last updated on: Tuesday, August 16th, 2016.",ghabmoobnekiapiffifjdhgccbfbdgek
0,"Should we update, amend or make any changes to our privacy policy, those changes will be posted here.",ghabmoobnekiapiffifjdhgccbfbdgek
4,"Support EXTENSION PRIVACY POLICY Gallery provides this Privacy Policy to inform users who download a Browser Extension from our websites, www.",gelfempdamplnmphkgpmpjgkaoagghoh
0,"newtabgallery.com and the various extension galleries and web-stores, (the Sites), about the limited use and disclosure of information generated by the Extension.",gelfempdamplnmphkgpmpjgkaoagghoh
0,The Extension may include links or otherwise allow you to access and perhaps submit information to third-party applications or sites.,gelfempdamplnmphkgpmpjgkaoagghoh
0,This Privacy Policy applies to the Extension only.,gelfempdamplnmphkgpmpjgkaoagghoh
0,"Any information you submit to linked sites or other applications that may be accessible from the Extension will be subject to the privacy policies of those sites or applications, if any.",gelfempdamplnmphkgpmpjgkaoagghoh
0,"You are not required to register with us to download a Extension, and may do so anonymously.",gelfempdamplnmphkgpmpjgkaoagghoh
0,"No Spyware, No AdwareThe Extension does not collect any personal information about you (such as your name, email address, etc.",gelfempdamplnmphkgpmpjgkaoagghoh
0,"Further, it does not collect or report back to us (or anyone else) any data regarding your computer keystrokes or other data unrelated to the services the Extension provides.",gelfempdamplnmphkgpmpjgkaoagghoh
0,Anonymous Extension Usage Statistics.,gelfempdamplnmphkgpmpjgkaoagghoh
0,"In order to continue to provide the high-quality Extensions to you and to other Users, we do need certain statistics about how our Extensions are used.",gelfempdamplnmphkgpmpjgkaoagghoh
0,"To facilitate this, the Extension includes one or more unique application numbers that are not associated with you or your NewTabGallery account (if you have chosen to register with us).",gelfempdamplnmphkgpmpjgkaoagghoh
4,"These numbers are sent to us when you install or uninstall the Extension and when the Extension periodically contacts our servers, for example, to request automatic updates or to provide us with usage statistics about that Extension, such as whether it is active, default settings and total usage of other features of the Extension, including links to third-party applications or sites (Usage Statistics).",gelfempdamplnmphkgpmpjgkaoagghoh
0,All Usage Statistics are recorded on a non-personally identifiable basis and is kept strictly anonymous.,gelfempdamplnmphkgpmpjgkaoagghoh
0,We do not use the Service to knowingly solicit data from or market to children under the age of 13.,gelfempdamplnmphkgpmpjgkaoagghoh
4,"If a parent or guardian becomes aware that his or her child has provided us with personally identifiable information without their consent, he or she should contact us at infobrandthunder.com.",gelfempdamplnmphkgpmpjgkaoagghoh
6,We will delete such information from our files.,gelfempdamplnmphkgpmpjgkaoagghoh
0,Our website and browser extensions are unofficial.,gelfempdamplnmphkgpmpjgkaoagghoh
0,We are not affiliated with or sponsored by the entity whose materials are represented in the extensions.,gelfempdamplnmphkgpmpjgkaoagghoh
0,"By downloading, installing and/or using our extensions, you acknowledge that our website and browser extensions are not affiliated with or sponsored by the entity whose materials are represented in the extensions.",gelfempdamplnmphkgpmpjgkaoagghoh
4,"If you have any questions or concerns about this Privacy Policy or its implementation, or if you believe there are inaccuracies in your account information you may contact us as follows:New Tab Group, LLCPO BOX 121Columbus, Ohio 43002 Email: infonewtabgallery.comLast Updated: DECEMBER 2018 Find Us Address Chrome Hours About This SiteWe have been creating browser extensions for 10 years.",gelfempdamplnmphkgpmpjgkaoagghoh
0,we love making your browsing experience more enjoyable!,gelfempdamplnmphkgpmpjgkaoagghoh
0,The whole process is happened locally.,jklfcpboamajpiikgkbjcnnnnooefbhh
0,"We NEVER store or upload your personal information, including: - Information about your bilibili.com account (e.g. nickname, UID, level, cookies) - Your watching, searching and browsing history - Your extension settings - Content you have posted (e.g. danmaku, comment, article).",jklfcpboamajpiikgkbjcnnnnooefbhh
0,and we DO NOT allow third-party services to collect them.,jklfcpboamajpiikgkbjcnnnnooefbhh
0,"To know more about our users and ensure the compatibility of this extension, we collect following information using CNZZ analytics service: - Version information about your browser and OS - Your region, ISP (based on IP address) and locale - Information about your device (e.g. screen resolution) - Refeing URL of the statistics page.",jklfcpboamajpiikgkbjcnnnnooefbhh
0,"when: - The extension loads - You visit bilibili.com for the first time of the day - You visit the settings page. Also, when you visit the settings page, we automatically check for the latest version number from shields.io.",jklfcpboamajpiikgkbjcnnnnooefbhh
0,Privacy Policies You are using the vpn with the help of proxy that's why we cant collect any user information.,meoljjdfeoedpnibdhaecldfgeffhdbi
0,Just click theextension and install in your pc and enjoy the vpn for free .,meoljjdfeoedpnibdhaecldfgeffhdbi
0,We and our team can not collect any type of and user information just click and install.,meoljjdfeoedpnibdhaecldfgeffhdbi
0,And Whenever you want to uninstall the extension we will easy to remove it.,meoljjdfeoedpnibdhaecldfgeffhdbi
0,We are committed to protecting your personal information and your right to privacy.,nipolikmhmhniahijelnkdankpdgooma
4,"If you have any questions or concerns about this privacy notice, or our practices with regards to your personal information, please contact us at hellohautepursuit.",nipolikmhmhniahijelnkdankpdgooma
0,When you visit our website haute pursuit.,nipolikmhmhniahijelnkdankpdgooma
0,"co (the ""Website""),and more generally, use any of our services (the ""Services"", which include theWebsite), we appreciate that you are trusting us with your personal information.",nipolikmhmhniahijelnkdankpdgooma
0,We take your privacy very seriously.,nipolikmhmhniahijelnkdankpdgooma
0,"In this privacy notice, we seek to explain to you in the clearest way possible what information we collect, how we use it and what rights you have in relation to it.",nipolikmhmhniahijelnkdankpdgooma
0,"We hope you take some time to read through it carefully, as it is important.",nipolikmhmhniahijelnkdankpdgooma
0,"If there are any terms in this privacy notice that you do not agree with, please discontinue use of our Services immediately.",nipolikmhmhniahijelnkdankpdgooma
0,"This privacy notice applies to all information collected through our Services (which, as described above, includes ourWebsite), as well as, any related services, sales, marketing or events.",nipolikmhmhniahijelnkdankpdgooma
0,Please read this privacy notice carefully as it will help you understand what we do with the information that we collect.,nipolikmhmhniahijelnkdankpdgooma
17,Information automatically collectedIn Short: Some information such as your Internet Protocol (IP) address and/or browser and device characteristics is collected automatically when you visit our Website.,nipolikmhmhniahijelnkdankpdgooma
15,Information automatically collectedIn Short: Some information such as your Internet Protocol (IP) address and/or browser and device characteristics is collected automatically when you visit our Website.,nipolikmhmhniahijelnkdankpdgooma
17,"We automatically collect certain information when you visit, use or navigate the Website.",nipolikmhmhniahijelnkdankpdgooma
0,"This information does not reveal your specific identity (like your name or contact information) but may include device and usage information, such as your IP address, browser and device characteristics, operating system, language preferences, refeing URLs, device name, country, location, information about how and when you use our Website and other technical information.",nipolikmhmhniahijelnkdankpdgooma
3,"This information is primarily needed to maintain the security and operation of our Website, and for our internal analytics and reporting purposes.",nipolikmhmhniahijelnkdankpdgooma
19,"Like many businesses, we also collect information through cookies and similar technologies.",nipolikmhmhniahijelnkdankpdgooma
17,The information we collect includes:Log and Usage Data.,nipolikmhmhniahijelnkdankpdgooma
17,"Log and usage data is service-related, diagnostic, usage and performance information our servers automatically collect when you access or use our Website and which we record in log files.",nipolikmhmhniahijelnkdankpdgooma
17,"Depending on how you interact with us, this log data may include your IP address, device information, browser type and settings and information about your activity in the Website(such as the date/time stamps associated with your usage, pages and files viewed, searches and other actions you take such as which features you use), device event information (such as system activity, eor reports (sometimes called 'crash dumps') and hardware settings).",nipolikmhmhniahijelnkdankpdgooma
1,"We collect device data such as information about your computer, phone, tablet or other device you use to access the Website.",nipolikmhmhniahijelnkdankpdgooma
15,"Depending on the device used, this device data may include information such as your IP address (or proxy server), device and application identification numbers, location, browser type, hardware model Internet service provider and/or mobile caier, operating system and system configuration information.",nipolikmhmhniahijelnkdankpdgooma
15,"We collect location data such as information about your device's location, which can be either precise or imprecise.",nipolikmhmhniahijelnkdankpdgooma
0,How much information we collect depends on the type and settings of the device you use to access the Website.,nipolikmhmhniahijelnkdankpdgooma
15,"For example, we may use GPS and other technologies to collect geolocation data that tells us your cuent location (based on your IP address).",nipolikmhmhniahijelnkdankpdgooma
8,You can opt out of allowing us to collect this information either by refusing access to the information or by disabling your Location setting on your device.,nipolikmhmhniahijelnkdankpdgooma
0,"Note however, if you choose to opt out, you may not be able to use certain aspects of the Services.",nipolikmhmhniahijelnkdankpdgooma
3,"In Short: We process your information for purposes based on legitimate business interests, the fulfillment of our contract with you, compliance with our legal obligations, and/or your consent.",nipolikmhmhniahijelnkdankpdgooma
3,We use personal information collected via our Website for a variety of business purposes described below.,nipolikmhmhniahijelnkdankpdgooma
3,"We process your personal information for these purposes in reliance on our legitimate business interests, in order to enter into or perform a contract with you, with your consent, and/or for compliance with our legal obligations.",nipolikmhmhniahijelnkdankpdgooma
3,We indicate the specific processing grounds we rely on next to each purpose listed below.,nipolikmhmhniahijelnkdankpdgooma
0,We use the information we collect or receive:To send administrative information to you.,nipolikmhmhniahijelnkdankpdgooma
0,"We may use your personal information to send you product, service and new feature information and/or information about changes to our terms, conditions, and policies.",nipolikmhmhniahijelnkdankpdgooma
0,To protect our Services.,nipolikmhmhniahijelnkdankpdgooma
0,"We may use your information as part of our efforts to keep our Website safe and secure (for example, for fraud monitoring and prevention).",nipolikmhmhniahijelnkdankpdgooma
3,"To enforce our terms, conditions and policies for business purposes, to comply with legal and regulatory requirements or in connection with our contract.",nipolikmhmhniahijelnkdankpdgooma
0,To respond to legal requests and prevent harm.,nipolikmhmhniahijelnkdankpdgooma
0,"If we receive a subpoena or other legal request, we may need to inspect the data we hold to determine how to respond.",nipolikmhmhniahijelnkdankpdgooma
14,To send you marketing and promotional communications.,nipolikmhmhniahijelnkdankpdgooma
3,"We and/or our third-party marketing partners may use the personal information you send to us for our marketing purposes, if this is in accordance with your marketing preferences.",nipolikmhmhniahijelnkdankpdgooma
1,"For example, when expressing an interest in obtaining information about us or our Website, subscribing to marketing or otherwise contacting us, we will collect personal information from you.",nipolikmhmhniahijelnkdankpdgooma
0,"You can opt-out of our marketing emails at any time (see the ""WHAT ARE YOUR PRIVACY RIGHTS"" below).",nipolikmhmhniahijelnkdankpdgooma
0,Deliver targeted advertising to you.,nipolikmhmhniahijelnkdankpdgooma
15,We may use your information to develop and display personalized content and advertising (and work with third parties who do so) tailored to your interests and/or location and to measure its effectiveness.,nipolikmhmhniahijelnkdankpdgooma
3,For other business purposes.,nipolikmhmhniahijelnkdankpdgooma
3,"We may use your information for other business purposes, such as data analysis, identifying usage trends, determining the effectiveness of our promotional campaigns and to evaluate and improve our Website, products, marketing and your experience.",nipolikmhmhniahijelnkdankpdgooma
0,We may use and store this information in aggregated and anonymized form so that it is not associated with individual end users and does not include personal information.,nipolikmhmhniahijelnkdankpdgooma
0,We will not use identifiable personal information without your consent.,nipolikmhmhniahijelnkdankpdgooma
0,WILL YOUR INFORMATION BE SHARED WITH ANYONE?,nipolikmhmhniahijelnkdankpdgooma
0,"In Short: We only share information with your consent, to comply with laws, to provide you with services, to protect your rights, or to fulfill business obligations.",nipolikmhmhniahijelnkdankpdgooma
3,We may process or share your data that we hold based on the following legal basis:Consent: We may process your data if you have given us specific consent to use your personal information for a specific purpose.,nipolikmhmhniahijelnkdankpdgooma
0,Legitimate Interests: We may process your data when it is reasonably necessary to achieve our legitimate business interests.,nipolikmhmhniahijelnkdankpdgooma
0,"Performance of a Contract: Where we have entered into a contract with you, we may process your personal information to fulfill the terms of our contract.",nipolikmhmhniahijelnkdankpdgooma
0,"Legal Obligations: We may disclose your information where we are legally required to do so in order to comply with applicable law, governmental requests, a judicial proceeding, court order, or legal process, such as in response to a court order or a subpoena (including in response to public authorities to meet national security or law enforcement requirements).",nipolikmhmhniahijelnkdankpdgooma
0,"Vital Interests: We may disclose your information where we believe it is necessary to investigate, prevent, or take action regarding potential violations of our policies, suspected fraud, situations involving potential threats to the safety of any person and illegal activities, or as evidence in litigation in which we are involved.",nipolikmhmhniahijelnkdankpdgooma
0,"More specifically, we may need to process your data or share your personal information in the following situations:Business Transfers.",nipolikmhmhniahijelnkdankpdgooma
0,"We may share or transfer your information in connection with, or during negotiations of, any merger, sale of company assets, financing, or acquisition of all or a portion of our business to another company.",nipolikmhmhniahijelnkdankpdgooma
0,"We may share your information with our affiliates, in which case we will require those affiliates to honor this privacy notice.",nipolikmhmhniahijelnkdankpdgooma
0,"Affiliates include our parent company and any subsidiaries, joint venture partners or other companies that we control or that are under common control with us.",nipolikmhmhniahijelnkdankpdgooma
0,"We may share your information with our business partners to offer you certain products, services or promotions.",nipolikmhmhniahijelnkdankpdgooma
19,DO WE USE COOKIES AND OTHER TRACKING TECHNOLOGIES?,nipolikmhmhniahijelnkdankpdgooma
19,In Short:We may use cookies and other tracking technologies to collect and store your information.,nipolikmhmhniahijelnkdankpdgooma
19,We may use cookies and similar tracking technologies (like web beacons and pixels) to access or store information.,nipolikmhmhniahijelnkdankpdgooma
0,Specific information about how we use such technologies and how you can refuse certain cookies is set out in our Cookie Notice.,nipolikmhmhniahijelnkdankpdgooma
0,IS YOUR INFORMATION TRANSFERRED INTERNATIONALLY?,nipolikmhmhniahijelnkdankpdgooma
0,"We may transfer, store, and process your information in countries other than your own.",nipolikmhmhniahijelnkdankpdgooma
0,Our servers are located in.,nipolikmhmhniahijelnkdankpdgooma
0,"If you are accessing our Website from outside, please be aware that your information may be transfeed to, stored, and processed by us in our facilities and by those third parties with whom we may share your personal information (see ""WILL YOUR INFORMATION BE SHARED WITH ANYONE""?",nipolikmhmhniahijelnkdankpdgooma
0,"If you are a resident in the European Economic Area, then these countries may not necessarily have data protection laws or other similar laws as comprehensive as those in your country.",nipolikmhmhniahijelnkdankpdgooma
0,We will however take all necessary measures to protect your personal information in accordance with this privacy notice and applicable law.,nipolikmhmhniahijelnkdankpdgooma
3,In Short:We keep your information for as long as necessary to fulfill the purposes outlined in this privacy notice unless otherwise required by law.,nipolikmhmhniahijelnkdankpdgooma
2,"We will only keep your personal information for as long as it is necessary for the purposes set out in this privacy notice, unless a longer retention period is required or permitted by law (such as tax, accounting or other legal requirements).",nipolikmhmhniahijelnkdankpdgooma
3,"We will only keep your personal information for as long as it is necessary for the purposes set out in this privacy notice, unless a longer retention period is required or permitted by law (such as tax, accounting or other legal requirements).",nipolikmhmhniahijelnkdankpdgooma
3,No purpose in this notice will require us keeping your personal information for longer than 2 years.,nipolikmhmhniahijelnkdankpdgooma
0,"When we have no ongoing legitimate business need to process your personal information, we will either delete or anonymize such information, or, if this is not possible (for example, because your personal information has been stored in backup archives), then we will securely store your personal information and isolate it from any further processing until deletion is possible.",nipolikmhmhniahijelnkdankpdgooma
0,HOW DO WE KEEP YOUR INFORMATION SAFE?,nipolikmhmhniahijelnkdankpdgooma
0,In Short:We aim to protect your personal information through a system of organizational and technical security measures.,nipolikmhmhniahijelnkdankpdgooma
0,We have implemented appropriate technical and organizational security measures designed to protect the security of any personal information we process.,nipolikmhmhniahijelnkdankpdgooma
0,"However, despite our safeguards and efforts to secure your information, no electronic transmission over the Internet or information storage technology can be guaranteed to be 100  secure, so we cannot promise or guarantee that hackers, cybercriminals, or other unauthorized third parties will not be able to defeat our security, and improperly collect, access, steal, or modify your information.",nipolikmhmhniahijelnkdankpdgooma
0,"Although we will do our best to protect your personal information, transmission of personal information to and from our Website is at your own risk.",nipolikmhmhniahijelnkdankpdgooma
0,You should only access the Website within a secure environment.,nipolikmhmhniahijelnkdankpdgooma
0,WHAT ARE YOUR PRIVACY RIGHTS?,nipolikmhmhniahijelnkdankpdgooma
0,"In Short: You may review, change, or terminate your account at any time.",nipolikmhmhniahijelnkdankpdgooma
0,"If you are a resident in the European Economic Area and you believe we are unlawfully processing your personal information, you also have the right to complain to your local data protection supervisory authority.",nipolikmhmhniahijelnkdankpdgooma
4,You can find their contact details here: http://ec.europa.eu/justice/data-protection/bodies/authorities/index_en.html,nipolikmhmhniahijelnkdankpdgooma
4,"If you are a resident in Switzerland, the contact details for the data protection authorities are available here: https://www.edoeb.admin.ch/edoeb/en/home.html",nipolikmhmhniahijelnkdankpdgooma
19,Cookies and similar technologies: Most Web browsers are set to accept cookies by default.,nipolikmhmhniahijelnkdankpdgooma
19,"If you prefer, you can usually choose to set your browser to remove cookies and to reject cookies.",nipolikmhmhniahijelnkdankpdgooma
19,"If you choose to remove cookies or reject cookies, this could affect certain features or services of our Website.",nipolikmhmhniahijelnkdankpdgooma
8,To opt-out of interest-based advertising by advertisers on our Website visit http://www.aboutads.info/choices/.,nipolikmhmhniahijelnkdankpdgooma
0,"CONTROLS FOR DO-NOT-TRACK FEATURES Most web browsers and some mobile operating systems and mobile applications include a Do-Not-Track (""DNT"") feature or setting you can activate to signal your privacy preference not to have data about your online browsing activities monitored and collected.",nipolikmhmhniahijelnkdankpdgooma
0,At this stage no uniform technology standard for recognizing and implementing DNT signals has been finalized.,nipolikmhmhniahijelnkdankpdgooma
0,"As such, we do not cuently respond to DNT browser signals or any other mechanism that automatically communicates your choice not to be tracked online.",nipolikmhmhniahijelnkdankpdgooma
0,"If a standard for online tracking is adopted that we must follow in the future, we will inform you about that practice in a revised version of this privacy notice.",nipolikmhmhniahijelnkdankpdgooma
0,DO CALIFORNIA RESIDENTS HAVE SPECIFIC PRIVACY RIGHTS?,nipolikmhmhniahijelnkdankpdgooma
0,"In Short:Yes, if you are a resident of California, you are granted specific rights regarding access to your personal information.",nipolikmhmhniahijelnkdankpdgooma
0,California Civil Code Section 1798.,nipolikmhmhniahijelnkdankpdgooma
3,"83, also known as the ""Shine The Light"" law, permits our users who are California residents to request and obtain from us, once a year and free of charge, information about categories of personal information (if any) we disclosed to third parties for direct marketing purposes and the names and addresses of all third parties with which we shared personal information in the immediately preceding calendar year.",nipolikmhmhniahijelnkdankpdgooma
4,"If you are a California resident and would like to make such a request, please submit your request in writing to us using the contact information provided below.",nipolikmhmhniahijelnkdankpdgooma
0,"If you are under 18 years of age, reside in California, and have a registered account with the Website, you have the right to request removal of unwanted data that you publicly post on the Website.",nipolikmhmhniahijelnkdankpdgooma
4,"To request removal of such data, please contact us using the contact information provided below, and include the email address associated with your account and a statement that you reside in California.",nipolikmhmhniahijelnkdankpdgooma
0,"We will make sure the data is not publicly displayed on the Website, but please be aware that the data may not be completely or comprehensively removed from all our systems (e.g. backups, etc.",nipolikmhmhniahijelnkdankpdgooma
0,DO WE MAKE UPDATES TO THIS NOTICE?,nipolikmhmhniahijelnkdankpdgooma
0,"In Short: Yes, we will update this notice as necessary to stay compliant with relevant laws.",nipolikmhmhniahijelnkdankpdgooma
0,We may update this privacy notice from time to time.,nipolikmhmhniahijelnkdankpdgooma
0,"The updated version will be indicated by an updated ""Revised"" date and the updated version will be effective as soon as it is accessible.",nipolikmhmhniahijelnkdankpdgooma
0,"If we make material changes to this privacy notice, we may notify you either by prominently posting a notice of such changes or by directly sending you a notification.",nipolikmhmhniahijelnkdankpdgooma
0,We encourage you to review this privacy notice frequently to be informed of how we are protecting your information.,nipolikmhmhniahijelnkdankpdgooma
4,HOW CAN YOU CONTACT US ABOUT THIS NOTICE?,nipolikmhmhniahijelnkdankpdgooma
4,"If you have questions or comments about this notice, you may contact our Data Protection Officer (DPO), hayley corwin, by email at hellohautepursuit.",nipolikmhmhniahijelnkdankpdgooma
0,"co, or by post to:StormPorte LLChayley corwin5 E 67th Stnew york 1006513.",nipolikmhmhniahijelnkdankpdgooma
6,"HOW CAN YOU REVIEW, UPDATE, OR DELETE THE DATA WE COLLECT FROM YOU?",nipolikmhmhniahijelnkdankpdgooma
6,"ased on the applicable laws of your country, you may have the right to request access to the personal information we collect from you, change that information, or delete it in some circumstances.",nipolikmhmhniahijelnkdankpdgooma
4,"To request to review, update, or delete your personal information, please submit a request form by clicking here.",nipolikmhmhniahijelnkdankpdgooma
6,"To request to review, update, or delete your personal information, please submit a request form by clicking here.",nipolikmhmhniahijelnkdankpdgooma
0,We will respond to your request within 30 days.,nipolikmhmhniahijelnkdankpdgooma
0,This privacy policy was created using Termlys Privacy Policy Generator.,nipolikmhmhniahijelnkdankpdgooma
0,Embed BlockAdd an embed URL or code.,nipolikmhmhniahijelnkdankpdgooma
4,Learn more Haute Pursuit About Contact Privacy hellohautepursuit.,nipolikmhmhniahijelnkdankpdgooma
0,"This policy covers data usage for the whole Newstream community, including data collected through the use of the Newstream website as well as the browser extension that powers our community.",pcpblbaphpngepnmihnboflfjaibgoek
0,The browser extension collects data from browsing activity to be aggregated and algorithmically explored to reveal interesting trends in internet activity.,pcpblbaphpngepnmihnboflfjaibgoek
0,IP addresses are internally recorded to prevent abuse and ensure visits are not over counted.,pcpblbaphpngepnmihnboflfjaibgoek
0,Under no circumstances will data be sold.,pcpblbaphpngepnmihnboflfjaibgoek
0,"At some point in the future, Newstream may make the web traffic data on the platform publicly available for public benefit, but only of whitelisted URLs and stripped of personally identifiable information.",pcpblbaphpngepnmihnboflfjaibgoek
0,"We are supporters and proponents of the New Deal on Data, and thus will only act as temporary chaperones of your data, to put it to good use for you, the Newstream community, and the wider public.",pcpblbaphpngepnmihnboflfjaibgoek
0,We will handle the use of your data with complete transparency and only so long as you allow us to use it.,pcpblbaphpngepnmihnboflfjaibgoek
0,The owner of any account may reach out to creatormit.,pcpblbaphpngepnmihnboflfjaibgoek
6,edu to have the data associated with the requesting email address deleted at any time.,pcpblbaphpngepnmihnboflfjaibgoek
0,"This may take up to 30 days to process, after which the data will be unrecoverable.",pcpblbaphpngepnmihnboflfjaibgoek
0,"We firmly believe that organizations that are open and honest about the utilization of user information are not only more ethical, but more sustainable and impactful due to their ability to do even more extraordinarily helpful things with data that could only ever be collected on a foundation of respect and mutual trust.",pcpblbaphpngepnmihnboflfjaibgoek
0,"Product: software, content and digital materials created for use in connection with Google Chrome and offered by us via The Google Chrome Web Store.",hlgjppjfojhgojohkpcfaecgnaehajae
0,"Overview The objective of Mythical5th.com in creating Products for use in connection with the Google Chrome browser is to improve users' experience of the browser, not to collect personal information.",hlgjppjfojhgojohkpcfaecgnaehajae
0,"To protect your personal data, we are bound by the terms of our agreement with Google, among which is a requirement that we disclose our use of your data.",hlgjppjfojhgojohkpcfaecgnaehajae
0,Personal information we collect You What?,hlgjppjfojhgojohkpcfaecgnaehajae
0,Browser Extension (delisted from the store)The You What?,hlgjppjfojhgojohkpcfaecgnaehajae
0,"Browser Extension embeds videos from YouTube, which is owned by Google Inc. Regarding the collection,storage and use of personal data, use of the You What?",hlgjppjfojhgojohkpcfaecgnaehajae
0,Browser Extension is similar to use of the YouTube.com website and as such the Google Privacy Policy applies.,hlgjppjfojhgojohkpcfaecgnaehajae
0,Other Products No personal information is collected by any of our other Products.,hlgjppjfojhgojohkpcfaecgnaehajae
0,Notification of Changes This document may be altered at any time.,hlgjppjfojhgojohkpcfaecgnaehajae
0,"If we change our policy and a Product you use is affected, that Product will notify you of the change.",hlgjppjfojhgojohkpcfaecgnaehajae
0,brand TURBO - Privacy Policy StartFeatures Thank you for your interest in our website.,ffjcdbokcfjjicgkjmcjbkjeddeedikd
0,The protection of your privacy is very important to us.,ffjcdbokcfjjicgkjmcjbkjeddeedikd
0,In the following we will inform you in detail about how we handle your data.,ffjcdbokcfjjicgkjmcjbkjeddeedikd
0,BrandTURBO GmbH is the responsible party in terms of the Data Protection Ordinance and other national data protection laws of the member states as well as other data protection regulations.,ffjcdbokcfjjicgkjmcjbkjeddeedikd
0,"This site contains information about the way in which we collect, use and disclose data when you use our service and the options available to you in connection with this data.",ffjcdbokcfjjicgkjmcjbkjeddeedikd
0,We use your information to provide and improve our Service.,ffjcdbokcfjjicgkjmcjbkjeddeedikd
0,"By using the Service, you consent to the collection and use of information by us in accordance with this Policy.",ffjcdbokcfjjicgkjmcjbkjeddeedikd
0,"Unless otherwise stated in this Privacy Policy, terms used in this Privacy Policy have the same meaning as those used in our Terms and Conditions.",ffjcdbokcfjjicgkjmcjbkjeddeedikd
0,"This Privacy Policy is cuent and is effective as of May, 1st 2021.",ffjcdbokcfjjicgkjmcjbkjeddeedikd
0,club operated by the BrandTURBO GmbH and the Mobile Applications and New Tab Extension Platform described on it.,ffjcdbokcfjjicgkjmcjbkjeddeedikd
17,"Non-personal product usage data Non-personal product usage data is data that is collected in the course of using the service or within the service infrastructure itself that does not permit direct association with any specific individual (for example, aggregate counting of product openings).",ffjcdbokcfjjicgkjmcjbkjeddeedikd
19, Cookies Cookies are small files that are stored on your device (computer or mobile device).,ffjcdbokcfjjicgkjmcjbkjeddeedikd
0, Data controller The data controller is a natural or legal person who determines (either alone or together with other persons) the purposes for which and the way in which data are or will be processed.,ffjcdbokcfjjicgkjmcjbkjeddeedikd
0,For the purposes of this Privacy Policy we are the data controller in relation to any collected data.,ffjcdbokcfjjicgkjmcjbkjeddeedikd
0, Data Processor (or Service Provider)A data processor (or service provider) is a natural or legal person who processes data on behalf of the data controller.,ffjcdbokcfjjicgkjmcjbkjeddeedikd
0,We may use the services of different service providers to process your data in a more efficient way.,ffjcdbokcfjjicgkjmcjbkjeddeedikd
0, Data subject (or user)A data subject is a living individual who uses our service and is the subject of personal data.,ffjcdbokcfjjicgkjmcjbkjeddeedikd
3,Collection and Use of DataWe collect various types of information for a variety of purposes to improve the service we provide to you.,ffjcdbokcfjjicgkjmcjbkjeddeedikd
17,"This usage data may include an anonymized Internet Protocol (IP) address of your computer, your browser type, your browser version, the features you use within our service, the time and date of your visit, your country, the total time spent in our service, and other diagnostic data.",ffjcdbokcfjjicgkjmcjbkjeddeedikd
15,"This usage data may include an anonymized Internet Protocol (IP) address of your computer, your browser type, your browser version, the features you use within our service, the time and date of your visit, your country, the total time spent in our service, and other diagnostic data.",ffjcdbokcfjjicgkjmcjbkjeddeedikd
3,"This information is aggregated and used to help us provide more useful information to our customers and to understand which parts of our products, and services are of most interest.",ffjcdbokcfjjicgkjmcjbkjeddeedikd
3,Aggregated data is considered non personal information for the purposes of this Privacy Policy.,ffjcdbokcfjjicgkjmcjbkjeddeedikd
19,CookiesWe may use cookies and similar persistent data technologies to store your preferences and customize your experience based on where you are installing our product from.,ffjcdbokcfjjicgkjmcjbkjeddeedikd
8,You can decide in the settings of your browser whether you wish to reject all cookies or only accept certain cookies.,ffjcdbokcfjjicgkjmcjbkjeddeedikd
0,"However, if you refuse to accept cookies, you may not be able to use parts of our service.",ffjcdbokcfjjicgkjmcjbkjeddeedikd
19,Examples of cookies used by us: Preference cookies.,ffjcdbokcfjjicgkjmcjbkjeddeedikd
19,We use preference cookies to store your preferences and various settings.,ffjcdbokcfjjicgkjmcjbkjeddeedikd
3,We use security cookies for security purposes.,ffjcdbokcfjjicgkjmcjbkjeddeedikd
19,We use security cookies for security purposes.,ffjcdbokcfjjicgkjmcjbkjeddeedikd
3,"Use of DataWe at BrandTURBO GmbH use the collected data for various purposes, for example to to provide you with our service and to maintain it; to inform you about changes regarding our service; to enable you to participate in the interactive parts of our service if you wish; provide customer service; collect aggregate usage data to help us improve our service; monitor the use of our service; identify, prevent and coect technical problems;IV.",ffjcdbokcfjjicgkjmcjbkjeddeedikd
0,We at BrandTURBO GmbH may process your data for the following reasons: We need to fulfil a contract we have entered into with you.,ffjcdbokcfjjicgkjmcjbkjeddeedikd
0, You have given us your consent for this.,ffjcdbokcfjjicgkjmcjbkjeddeedikd
0," The processing serves our legitimate interests, and these are not subordinate to your rights.",ffjcdbokcfjjicgkjmcjbkjeddeedikd
2, The processing serves to comply with the statutory provisions.V. Retention of DataBrandTURBO GmbH will keep data only as long as it is necessary for the purposes of this privacy policy.,ffjcdbokcfjjicgkjmcjbkjeddeedikd
3, The processing serves to comply with the statutory provisions.V. Retention of DataBrandTURBO GmbH will keep data only as long as it is necessary for the purposes of this privacy policy.,ffjcdbokcfjjicgkjmcjbkjeddeedikd
3,"We will retain and use information to the extent necessary to fulfil our legal obligations (for example, if we need to retain your information to comply with applicable laws), to resolve disputes and to enforce our legal agreements and policies.",ffjcdbokcfjjicgkjmcjbkjeddeedikd
3,BrandTURBO GmbH will also retain data for internal analysis purposes.,ffjcdbokcfjjicgkjmcjbkjeddeedikd
2,"Data is usually kept for shorter periods of time, unless it is used to strengthen our security measures or to improve the functionality of our service or unless we are legally obliged to keep it for a longer period of time.",ffjcdbokcfjjicgkjmcjbkjeddeedikd
0,"Transfer of DataData generated by you, may be transfeed to - and stored on - computers located outside your home state, province, country or other jurisdiction and may be subject to privacy laws that differ from the privacy laws in your jurisdiction.",ffjcdbokcfjjicgkjmcjbkjeddeedikd
0,"If you are located outside of Germany and decide to submit data to us, you should note that we will transfer your data to Germany and process it there.",ffjcdbokcfjjicgkjmcjbkjeddeedikd
0,Your consent to this Privacy Policy and any subsequent transfer of data on your part constitutes a declaration of consent on your part to the said transfer.,ffjcdbokcfjjicgkjmcjbkjeddeedikd
0,BrandTURBO GmbH will take all reasonable steps to ensure that your data is treated securely and in accordance with this privacy policy.,ffjcdbokcfjjicgkjmcjbkjeddeedikd
3,"Disclosure for Law Enforcement PurposesUnder certain circumstances, BrandTURBO GmbH may be obliged to disclose data within the scope of a legal obligation or as a result of a court or official request.",ffjcdbokcfjjicgkjmcjbkjeddeedikd
0,"Legal Requirements BrandTURBO GmbH may disclose data under certain circumstances, if it is of the opinion that this is necessary in order to achieve the following objectives in accordance with the principles of good faith: to fulfil a legal obligation to protect and defend the rights or property of BrandTURBO GmbH to prevent or investigate possible misconduct in relation to the service to protect the personal safety of users of the service or the public to avoid liability claimsVIII.",ffjcdbokcfjjicgkjmcjbkjeddeedikd
0,Data SecurityThe security of your data is important to us.,ffjcdbokcfjjicgkjmcjbkjeddeedikd
0,"However, please remember that there are no transmission methods over the Internet and no electronic storage media that are 100  secure.",ffjcdbokcfjjicgkjmcjbkjeddeedikd
0,"Although we make every effort to implement commercially acceptable measures to protect data, we cannot guarantee absolute security.",ffjcdbokcfjjicgkjmcjbkjeddeedikd
3,These third parties may access information only to the extent necessary to perform the aforementioned tasks on our behalf and may not disclose or use it for any other purpose.,ffjcdbokcfjjicgkjmcjbkjeddeedikd
0,AdvertisingWe may commission third party service providers to display advertising.,ffjcdbokcfjjicgkjmcjbkjeddeedikd
0,This helps us to support and further provide our service.,ffjcdbokcfjjicgkjmcjbkjeddeedikd
0," Search turbo Search turbo provides branding, search and advertising solutions at scale for mobile and desktop devices.",ffjcdbokcfjjicgkjmcjbkjeddeedikd
0,Mailchimp Privacy Policy: https://mailchimp.com/legal/privacy/X.,ffjcdbokcfjjicgkjmcjbkjeddeedikd
0,Links to other websites Our service may contain links to other websites that are not operated by us.,ffjcdbokcfjjicgkjmcjbkjeddeedikd
0,"If you click on a third party link, you will be directed to the website of the third party in question.",ffjcdbokcfjjicgkjmcjbkjeddeedikd
0,We strongly encourage you to review the privacy policies of each website you visit.,ffjcdbokcfjjicgkjmcjbkjeddeedikd
18,"We have no control over, and accept no liability for, the content, privacy policies and practices of third party websites or services.",ffjcdbokcfjjicgkjmcjbkjeddeedikd
0,Please read our ToS (link) carefully.,ffjcdbokcfjjicgkjmcjbkjeddeedikd
0,We do not knowingly collect data from persons under the age of 18.,ffjcdbokcfjjicgkjmcjbkjeddeedikd
0,"As we are not legally required to set up an age baier to use our website, we cannot verify the age of users.",ffjcdbokcfjjicgkjmcjbkjeddeedikd
0,"If we become aware that we have collected information from children without verifying parental consent, we will take steps to remove that information from our servers.",ffjcdbokcfjjicgkjmcjbkjeddeedikd
0,"If we are not notified or do not have proof that a user is under 18 years of age, we will not stop collecting information as described in our Privacy Policy.",ffjcdbokcfjjicgkjmcjbkjeddeedikd
0,Changes to this Privacy Policy We may update our privacy policy from time to time.,ffjcdbokcfjjicgkjmcjbkjeddeedikd
0,We will notify you of any such changes by posting the updated version on this page.,ffjcdbokcfjjicgkjmcjbkjeddeedikd
0,We encourage you to periodically review this Privacy Policy for changes.,ffjcdbokcfjjicgkjmcjbkjeddeedikd
0,Changes to this Privacy Policy will take effect at the time they are posted on this page.,ffjcdbokcfjjicgkjmcjbkjeddeedikd
0,"XIII Your rights under the Basic Data Protection Regulation (DSGVO) If your residence is within the European Economic Area (EEA), you have certain data protection rights.",ffjcdbokcfjjicgkjmcjbkjeddeedikd
6,"BrandTURBO GmbH endeavours to implement reasonable measures that allow you to coect, amend, delete or restrict the use of that data.",ffjcdbokcfjjicgkjmcjbkjeddeedikd
4,"If you would like to find out what data we have stored about you and if you wish to have your data deleted from our system, please contact us.",ffjcdbokcfjjicgkjmcjbkjeddeedikd
6,"If you would like to find out what data we have stored about you and if you wish to have your data deleted from our system, please contact us.",ffjcdbokcfjjicgkjmcjbkjeddeedikd
6,Under certain circumstances you have the following data protection rights: The right to access the data we have stored about you and to update or delete it.,ffjcdbokcfjjicgkjmcjbkjeddeedikd
0,"As far as this is possible in each case, you can access your data directly in the section with your account settings and update or request their deletion.",ffjcdbokcfjjicgkjmcjbkjeddeedikd
4,"If it is not possible for you to cay out these actions yourself, please contact us so that we can help you.",ffjcdbokcfjjicgkjmcjbkjeddeedikd
0, The right of rectification.,ffjcdbokcfjjicgkjmcjbkjeddeedikd
0,You have the right to coect your data if it is incoect or incomplete.,ffjcdbokcfjjicgkjmcjbkjeddeedikd
0, The right to object.,ffjcdbokcfjjicgkjmcjbkjeddeedikd
8,You have the right to object to the processing of your data by us.,ffjcdbokcfjjicgkjmcjbkjeddeedikd
0, The right to be limited.,ffjcdbokcfjjicgkjmcjbkjeddeedikd
0,You have the right to limit the processing of your data by us.,ffjcdbokcfjjicgkjmcjbkjeddeedikd
9, The right to data portability.,ffjcdbokcfjjicgkjmcjbkjeddeedikd
0,"You have the right to request that we provide you with a copy of the data we hold about you in a structured, machine-readable and standard format.",ffjcdbokcfjjicgkjmcjbkjeddeedikd
0, The right to withdraw consent.,ffjcdbokcfjjicgkjmcjbkjeddeedikd
0,You also have the right to withdraw your consent at any time in cases where BrandTURBO GmbH has relied on your consent to process your data.,ffjcdbokcfjjicgkjmcjbkjeddeedikd
0,Please note that we may verify your identity before processing such requests.,ffjcdbokcfjjicgkjmcjbkjeddeedikd
10,You have the right to lodge a complaint with a data protection authority regarding the collection and use of your data.,ffjcdbokcfjjicgkjmcjbkjeddeedikd
4,"For further information, please contact your local data protection authority within the European Economic Area (EEA).",ffjcdbokcfjjicgkjmcjbkjeddeedikd
4,"EXTENSION PRIVACY POLICY provides this Privacy Policy to inform users who download a Browser Extension from our websites, www.",enabmmgoplkhhoofkbcgkbdfneffgefd
0,"newtabgallery.com and the various extension galleries and web-stores, (the Sites), about the limited use and disclosure of information generated by the Extension.",enabmmgoplkhhoofkbcgkbdfneffgefd
0,The Extension may include links or otherwise allow you to access and perhaps submit information to third-party applications or sites.,enabmmgoplkhhoofkbcgkbdfneffgefd
0,This Privacy Policy applies to the Extension only.,enabmmgoplkhhoofkbcgkbdfneffgefd
0,"Any information you submit to linked sites or other applications that may be accessible from the Extension will be subject to the privacy policies of those sites or applications, if any.",enabmmgoplkhhoofkbcgkbdfneffgefd
0,"You are not required to register with us to download a Extension, and may do so anonymously.",enabmmgoplkhhoofkbcgkbdfneffgefd
0,"No Spyware, No AdwareThe Extension does not collect any personal information about you (such as your name, email address, etc.",enabmmgoplkhhoofkbcgkbdfneffgefd
0,"Further, it does not collect or report back to us (or anyone else) any data regarding your computer keystrokes or other data unrelated to the services the Extension provides.",enabmmgoplkhhoofkbcgkbdfneffgefd
0,Anonymous Extension Usage Statistics.,enabmmgoplkhhoofkbcgkbdfneffgefd
0,"In order to continue to provide the high-quality Extensions to you and to other Users, we do need certain statistics about how our Extensions are used.",enabmmgoplkhhoofkbcgkbdfneffgefd
0,"To facilitate this, the Extension includes one or more unique application numbers that are not associated with you or your NewTabGallery account (if you have chosen to register with us).",enabmmgoplkhhoofkbcgkbdfneffgefd
4,"These numbers are sent to us when you install or uninstall the Extension and when the Extension periodically contacts our servers, for example, to request automatic updates or to provide us with usage statistics about that Extension, such as whether it is active, default settings and total usage of other features of the Extension, including links to third-party applications or sites (Usage Statistics).",enabmmgoplkhhoofkbcgkbdfneffgefd
0,All Usage Statistics are recorded on a non-personally identifiable basis and is kept strictly anonymous.,enabmmgoplkhhoofkbcgkbdfneffgefd
0,We do not use the Service to knowingly solicit data from or market to children under the age of 13.,enabmmgoplkhhoofkbcgkbdfneffgefd
4,"If a parent or guardian becomes aware that his or her child has provided us with personally identifiable information without their consent, he or she should contact us at infobrandthunder.com.",enabmmgoplkhhoofkbcgkbdfneffgefd
6,We will delete such information from our files.,enabmmgoplkhhoofkbcgkbdfneffgefd
0,Our website and browser extensions are unofficial.,enabmmgoplkhhoofkbcgkbdfneffgefd
0,We are not affiliated with or sponsored by the entity whose materials are represented in the extensions.,enabmmgoplkhhoofkbcgkbdfneffgefd
0,"By downloading, installing and/or using our extensions, you acknowledge that our website and browser extensions are not affiliated with or sponsored by the entity whose materials are represented in the extensions.",enabmmgoplkhhoofkbcgkbdfneffgefd
4,"If you have any questions or concerns about this Privacy Policy or its implementation, or if you believe there are inaccuracies in your account information you may contact us as follows: LLCPO BOX 121Columbus, Ohio 43002 Email: infonewtabgallery.com Last Updated: DECEMBER 2018 Find UsAddress Chrome Hours About This SiteWe have been creating browser extensions for 10 years.",enabmmgoplkhhoofkbcgkbdfneffgefd
0,we love making your browsing experience more enjoyable!,enabmmgoplkhhoofkbcgkbdfneffgefd
0,Privacy Policy Who we are Our website address is: http://supertabthemes.com.,mlikcnogobjmknmjbjopnhpdeejkggnp
15,"What personal data we collect and why we collect it Comments When visitors leave comments on the site we collect the data shown in the comments form, and also the visitors IP address and browser user agent string to help spam detection.",mlikcnogobjmknmjbjopnhpdeejkggnp
0,An anonymized string created from your email address (also called a hash) may be provided to the Gravatar service to see if you are using it.,mlikcnogobjmknmjbjopnhpdeejkggnp
0,The Gravatar service privacy policy is available here: https://automattic.com/privacy/.,mlikcnogobjmknmjbjopnhpdeejkggnp
0,"After approval of your comment, your profile picture is visible to the public in the context of your comment.",mlikcnogobjmknmjbjopnhpdeejkggnp
15,"Media If you upload images to the website, you should avoid uploading images with embedded location data (EXIF GPS) included.",mlikcnogobjmknmjbjopnhpdeejkggnp
15,"Visitors to the website can download and extract any location data from images on the website Cookies If you leave a comment on our site you may opt-in to saving your name, email address and website in cookies.",mlikcnogobjmknmjbjopnhpdeejkggnp
19,"Visitors to the website can download and extract any location data from images on the website Cookies If you leave a comment on our site you may opt-in to saving your name, email address and website in cookies.",mlikcnogobjmknmjbjopnhpdeejkggnp
0,These are for your convenience so that you do not have to fill in your details again when you leave another comment.,mlikcnogobjmknmjbjopnhpdeejkggnp
19,These cookies will last for one year.,mlikcnogobjmknmjbjopnhpdeejkggnp
19,"If you have an account and you log in to this site, we will set a temporary cookie to determine if your browser accepts cookies.",mlikcnogobjmknmjbjopnhpdeejkggnp
19,This cookie contains no personal data and is discarded when you close your browser.,mlikcnogobjmknmjbjopnhpdeejkggnp
19,"When you log in, we will also set up several cookies to save your login information and your screen display choices.",mlikcnogobjmknmjbjopnhpdeejkggnp
19,"Login cookies last for two days, and screen options cookies last for a year.",mlikcnogobjmknmjbjopnhpdeejkggnp
19,"If you log out of your account, the login cookies will be removed.",mlikcnogobjmknmjbjopnhpdeejkggnp
19,"If you edit or publish an article, an additional cookie will be saved in your browser.",mlikcnogobjmknmjbjopnhpdeejkggnp
19,This cookie includes no personal data and simply indicates the post ID of the article you just edited.,mlikcnogobjmknmjbjopnhpdeejkggnp
0,It expires after 1 day.,mlikcnogobjmknmjbjopnhpdeejkggnp
18,"Embedded content from other websites Articles on this site may include embedded content (e.g. videos, images, articles, etc.",mlikcnogobjmknmjbjopnhpdeejkggnp
18,Embedded content from other websites behaves in the exact same way as if the visitor has visited the other website.,mlikcnogobjmknmjbjopnhpdeejkggnp
18,"These websites may collect data about you, use cookies, embed additional third-party tracking, and monitor your interaction with that embedded content, including tracking your interaction with the embedded content if you have an account and are logged in to that website.",mlikcnogobjmknmjbjopnhpdeejkggnp
17,"These websites may collect data about you, use cookies, embed additional third-party tracking, and monitor your interaction with that embedded content, including tracking your interaction with the embedded content if you have an account and are logged in to that website.",mlikcnogobjmknmjbjopnhpdeejkggnp
19,"These websites may collect data about you, use cookies, embed additional third-party tracking, and monitor your interaction with that embedded content, including tracking your interaction with the embedded content if you have an account and are logged in to that website.",mlikcnogobjmknmjbjopnhpdeejkggnp
19,Analytics Who we share your data with Google Adsense Info links MGID Our site use cookies to provide you with relevant and interest based ads.,mlikcnogobjmknmjbjopnhpdeejkggnp
0,We protect your privacy by GDPR and we are commited not to sell or share any personal information that you share with us.,mlikcnogobjmknmjbjopnhpdeejkggnp
0,We share anonymous info with our partner advertisers sou you can have relevant ads on site.,mlikcnogobjmknmjbjopnhpdeejkggnp
4,"If you have any info, please send us mail by visiting Contact page.",mlikcnogobjmknmjbjopnhpdeejkggnp
2,"How long we retain your dataIf you leave a comment, the comment and its metadata are retained indefinitely.",mlikcnogobjmknmjbjopnhpdeejkggnp
0,This is so we can recognize and approve any follow-up comments automatically instead of holding them in a moderation queue.,mlikcnogobjmknmjbjopnhpdeejkggnp
0,"For users that register on our website (if any), we also store the personal information they provide in their user profile.",mlikcnogobjmknmjbjopnhpdeejkggnp
0,"All users can see, edit, or delete their personal information at any time (except they cannot change their username).",mlikcnogobjmknmjbjopnhpdeejkggnp
0,Website administrators can also see and edit that information.,mlikcnogobjmknmjbjopnhpdeejkggnp
0,"What rights you have over your dataIf you have an account on this site, or have left comments, you can request to receive an exported file of the personal data we hold about you, including any data you have provided to us.",mlikcnogobjmknmjbjopnhpdeejkggnp
6,You can also request that we erase any personal data we hold about you.,mlikcnogobjmknmjbjopnhpdeejkggnp
3,"This does not include any data we are obliged to keep for administrative, legal, or security purposes.",mlikcnogobjmknmjbjopnhpdeejkggnp
0,Where we send your data Visitor comments may be checked through an automated spam detection service.,mlikcnogobjmknmjbjopnhpdeejkggnp
0,Privacy policy has been updated 4.,mlikcnogobjmknmjbjopnhpdeejkggnp
0,Search for:Recent Posts How to Get Neymar Jr Fortnite Skin?,mlikcnogobjmknmjbjopnhpdeejkggnp
0,"Email address: Leave this field empty if you're human: Don't worry we don't spam Disclaimer Our themes and extensions are made for fun, by fans and for fans.",mlikcnogobjmknmjbjopnhpdeejkggnp
0,We are not associate of any legal trademarks or persons.,mlikcnogobjmknmjbjopnhpdeejkggnp
0,"Services, as such term is defined in the end user license agreement available here: http://megathemes.",pdmjnofdnokbhhjlcocnejkphdohnjkp
0,"By downloading and installing the Services and/or by accepting this Policy and the EULA, you consent to our access, collection, use and/or disclosure of your information as described in this Policy.",pdmjnofdnokbhhjlcocnejkphdohnjkp
0,Information We Collect and Use We may collect non-personal and technical information from you.,pdmjnofdnokbhhjlcocnejkphdohnjkp
0,We currently use Google Analytics to transfer and save the information which are page views and events while you are interacting with the Software.,pdmjnofdnokbhhjlcocnejkphdohnjkp
17,"Inside the Softwares custom new tab page and background page, we may collect extensions events (install, uninstall, active, update), extensions settings, button clicks, menu clicks, search box inputs, runtime eor messages.",pdmjnofdnokbhhjlcocnejkphdohnjkp
3,"We collect and use this information to enable the Services to work as it is intended, maintain the Services, measure the performance of the Services and improve the Services.",pdmjnofdnokbhhjlcocnejkphdohnjkp
0,We do not collect any information outside scope of the Softwares custom new tab page and background page.,pdmjnofdnokbhhjlcocnejkphdohnjkp
0,"By using Google Analytics, we must comply to Googles Terms of Service: We will not (and will not allow any third party to) use the Service to track, collect or upload any data that personally identifies you (such as a name, email address or billing information), or other data which can be reasonably linked to such information by Google.",pdmjnofdnokbhhjlcocnejkphdohnjkp
0,"We do not rent, sell, or share your information to any third party, in any circumstance.",pdmjnofdnokbhhjlcocnejkphdohnjkp
0,We use Google Analytics to collect information.,pdmjnofdnokbhhjlcocnejkphdohnjkp
0,The information we collect is saved on Googles Data Servers that are safeguarded by Google.,pdmjnofdnokbhhjlcocnejkphdohnjkp
4,"Contact Information If you have any questions or comments about this Policy, please contact us at info megathemes.",pdmjnofdnokbhhjlcocnejkphdohnjkp
0,Recent Comments Mega Themes Personalize your experience!,pdmjnofdnokbhhjlcocnejkphdohnjkp
0,Choose between dozen of great HD wallpaper themes for your browser!,pdmjnofdnokbhhjlcocnejkphdohnjkp
0,"Lightweight, fast and secure, easy to use and updated regulary.",pdmjnofdnokbhhjlcocnejkphdohnjkp
0,Follow us Get the best themes straight into your inbox!,pdmjnofdnokbhhjlcocnejkphdohnjkp
0,Privacy You will be informed each time our Site asks for personal information regarding how we intend to use your information.,hdldelibebbflomniimgiogmddgidadh
1,We may also have access to and collect some other personal information and data that is required to enable you to access the Site and its functionalities (cf.your IP address).,hdldelibebbflomniimgiogmddgidadh
15,We may also have access to and collect some other personal information and data that is required to enable you to access the Site and its functionalities (cf.your IP address).,hdldelibebbflomniimgiogmddgidadh
0,"co may use such personal information to measure visitor usage and interest, and help us improve the content and functionality of our Site.",hdldelibebbflomniimgiogmddgidadh
0,"Unless a user has opted out by modifying his/her preferences, upon registration, we may use any e-mail address that we are provided with to notify users of the existence of new contents in areas concerning which they have expressed an interest.",hdldelibebbflomniimgiogmddgidadh
0,"You may request that we stop sending you such notices, at any time thereafter, by following the instructions mentioned in our e-mails.",hdldelibebbflomniimgiogmddgidadh
19,co uses personal information collected from cookies and IP addresses as described below.,hdldelibebbflomniimgiogmddgidadh
17,co uses personal information collected from cookies and IP addresses as described below.,hdldelibebbflomniimgiogmddgidadh
4,"Information which we do collect about our Sites users is stored at our offices at 6200 Taschereau, suite 304, Brossard QC, Canada, J4W 3J8, and on servers hosted at national-net.com.",hdldelibebbflomniimgiogmddgidadh
0,"Information Sharing and DisclosureWorldOfTravel.co does not and will not rent, sell, or share personal information about you with other people or non affiliated companies, except to provide products or services you have requested, with your permission, or under the following circumstances: From time to time, we may provide some of the personal information that we collected to trusted business partners that work on behalf of or with WorldOfTravel.",hdldelibebbflomniimgiogmddgidadh
0,"As the case may be, such business partners may use your personal information to help WorldOfTravel.",hdldelibebbflomniimgiogmddgidadh
0,co communicate with you about our offers and those of our marketing partners.,hdldelibebbflomniimgiogmddgidadh
0,"However, our business partners do not have any independent right to share or otherwise use your information; We may also share your personal information if we believe it is necessary to share information in order to investigate, prevent, or take action regarding illegal activities, suspected fraud, situations involving potential threats to the physical safety of any person, violations of WorldOfTravel.",hdldelibebbflomniimgiogmddgidadh
0,co is acquired by or merged with another company.,hdldelibebbflomniimgiogmddgidadh
0,"In this event, WorldOfTravel.",hdldelibebbflomniimgiogmddgidadh
0,co will notify you before information about you is transfeed and becomes subject to a different privacy policy.,hdldelibebbflomniimgiogmddgidadh
19,Most browsers are initially set up to accept cookies.,hdldelibebbflomniimgiogmddgidadh
19,"If you prefer, you can set your browser to refuse cookies.",hdldelibebbflomniimgiogmddgidadh
0,"However, if you do this, you may not be able to take full advantage of our Site.",hdldelibebbflomniimgiogmddgidadh
19,"For example, our Site uses cookies to make it easier for users to download graphics from the site.",hdldelibebbflomniimgiogmddgidadh
0,"An IP address is used by your computer every time it connects to the Internet, which is why this number can be used by Web sites to identify your computer.",hdldelibebbflomniimgiogmddgidadh
0,We also use your IP address to help diagnose problems with our server and to administer the Site.,hdldelibebbflomniimgiogmddgidadh
0,"co will not use your IP address to attempt to identify you personally, nor to build a profile concerning who you are and what you search through our Site, otherwise that to provide you with the services and subscriptions that you request through registration or use of the Site.",hdldelibebbflomniimgiogmddgidadh
0,"Advertisers From time to time, we may use an outside advertising provider to display ads on our Site.",hdldelibebbflomniimgiogmddgidadh
19,Such ads may contain or use cookies.,hdldelibebbflomniimgiogmddgidadh
19,"While we use cookies in other parts of our Web Site, cookies received with banner ads, as the case may be, are collected and used by our advertising provider.",hdldelibebbflomniimgiogmddgidadh
0,"Please be advised that aside from allowing advertising providers to place such ads on our Site, we do not control nor have access to the information contained in or generated from the cookies placed on your computer by our advertising providers.",hdldelibebbflomniimgiogmddgidadh
0,"External Links By its very nature, our Site contains links to third-party Web sites.",hdldelibebbflomniimgiogmddgidadh
0,Please be aware that we cannot control and are not responsible for the information collection practices of third-party Web sites.,hdldelibebbflomniimgiogmddgidadh
0,We encourage you to review and understand the privacy policies of these Web sites before visiting them or providing any information to them.,hdldelibebbflomniimgiogmddgidadh
0,"Confidentiality and Security Subject to the foregoing, we limit access to your personal information to employees of WorldOfTravel.",hdldelibebbflomniimgiogmddgidadh
4,co who we reasonably believe need to come into contact with such information either in order to do their jobs or to allow us to provide requested products and services to you.,hdldelibebbflomniimgiogmddgidadh
0,"We have physical, electronic, and procedural safeguards that comply with federal regulations to protect and restrict access to personal information about the users of our Site.",hdldelibebbflomniimgiogmddgidadh
4,"Contacting the SiteIf you have any questions about this privacy statement, the personal information practices of this Site, or your dealings with this Site, please contact storeWorldOfTravel.",hdldelibebbflomniimgiogmddgidadh
1,"co by email, or customer support by regular mail at Visicom Media Inc., 6200 Taschereau, suite 304, Brossard QC, Canada, J4W 3J8 or by phone at 450-672-0401.",hdldelibebbflomniimgiogmddgidadh
0,Privacy Privacy You will be informed each time our Site asks for personal information regarding how we intend to use your information.,pegpifgabpbdembmihhgddeedjihkcfh
1,We may also have access to and collect some other personal information and data that is required to enable you to access the Site and its functionalities (cf.your IP address).,pegpifgabpbdembmihhgddeedjihkcfh
15,We may also have access to and collect some other personal information and data that is required to enable you to access the Site and its functionalities (cf.your IP address).,pegpifgabpbdembmihhgddeedjihkcfh
0,"SportsFanTab.com may use such personal information to measure visitor usage and interest, and help us improve the content and functionality of our Site.",pegpifgabpbdembmihhgddeedjihkcfh
0,"Unless a user has opted out by modifying his/her preferences, upon registration, we may use any e-mail address that we are provided with to notify users of the existence of new contents in areas concerning which they have expressed an interest.",pegpifgabpbdembmihhgddeedjihkcfh
0,"You may request that we stop sending you such notices, at any time thereafter, by following the instructions mentioned in our e-mails.",pegpifgabpbdembmihhgddeedjihkcfh
19,SportsFanTab.com uses personal information collected from cookies and IP addresses as described below.,pegpifgabpbdembmihhgddeedjihkcfh
15,SportsFanTab.com uses personal information collected from cookies and IP addresses as described below.,pegpifgabpbdembmihhgddeedjihkcfh
4,"Information which we do collect about our Sites users is stored at our offices 1010 De La Gauchetixc3xa8re Ouest Suite 1230, Montreal (QC) on servers hosted at national-net.com.",pegpifgabpbdembmihhgddeedjihkcfh
0,"INFORMATION SHARING AND DISCLOSURE SportsFanTab.com does not and will not rent, sell, or share personal information about you with other people or non-affiliated companies, except to provide products or services you have requested, with your permission, or under the following circumstances:From time to time, we may provide some of the personal information that we collected to trusted business partners that work on behalf of or with SportsFanTab.com under confidentiality agreements which cover our users personal information as well as guarantees that our partner provides the same level of protection to your information as our organization does.",pegpifgabpbdembmihhgddeedjihkcfh
0,"As the case may be, such business partners may use your personal information to helpSportsFanTab.com communicate with you about our offers and those of our marketing partners.",pegpifgabpbdembmihhgddeedjihkcfh
0,"However, our business partners do not have any independent right to share or otherwise use your information;We may also share your personal information if we believe it is necessary to share information in order to investigate, prevent, or take action regarding illegal activities, suspected fraud, situations involving potential threats to the physical safety of any person, violations of SportsFanTab.coms terms of use, or as otherwise required by law; We may finally transfer information about you if SportsFanTab.com is acquired by or merged with another company.",pegpifgabpbdembmihhgddeedjihkcfh
0,"In this event, SportsFanTab.com will notify you before information about you is transfeed and becomes subject to a different privacy policy.",pegpifgabpbdembmihhgddeedjihkcfh
3,COOKIES AND IP ADDRESSES Cookies are pieces of information that a web site transfers to your computers hard disk for record-keeping purposes.,pegpifgabpbdembmihhgddeedjihkcfh
19,COOKIES AND IP ADDRESSES Cookies are pieces of information that a web site transfers to your computers hard disk for record-keeping purposes.,pegpifgabpbdembmihhgddeedjihkcfh
13,"Cookies in and of themselves do not personally identify users, although they can be used to identify a users computer.",pegpifgabpbdembmihhgddeedjihkcfh
19,Most browsers are initially set up to accept cookies.,pegpifgabpbdembmihhgddeedjihkcfh
19,"If you prefer, you can set your browser to refuse cookies.",pegpifgabpbdembmihhgddeedjihkcfh
0,"However, if you do this, you may not be able to take full advantage of our Site.",pegpifgabpbdembmihhgddeedjihkcfh
19,"For example, our Site uses cookies to make it easier for users to download graphics from the site.",pegpifgabpbdembmihhgddeedjihkcfh
3,We may also use cookies to collect demographic and profile data for purposes of delivering content specific to your interests through the Sites interface.,pegpifgabpbdembmihhgddeedjihkcfh
19,We may also use cookies to collect demographic and profile data for purposes of delivering content specific to your interests through the Sites interface.,pegpifgabpbdembmihhgddeedjihkcfh
0,"An IP address is used by your computer every time it connects to the Internet, which is why this number can be used by Web sites to identify your computer.",pegpifgabpbdembmihhgddeedjihkcfh
15,"IP addresses are automatically collected by our Site, as part of demographic and profile data (known as traffic data), so that such data (such as the Web pages that you request through our Site) can be sent to you.",pegpifgabpbdembmihhgddeedjihkcfh
0,We also use your IP address to help diagnose problems with our server and to administer the Site.,pegpifgabpbdembmihhgddeedjihkcfh
0,"SportsFanTab.com will not use your IP address to attempt to identify you personally, nor to build a profile concerning who you are and what you search through our Site, otherwise that to provide you with the services and subscriptions that you request through registration or use of the Site.",pegpifgabpbdembmihhgddeedjihkcfh
0,"ADVERTISERS From time to time, we may use an outside advertising provider to display ads on our Site.",pegpifgabpbdembmihhgddeedjihkcfh
19,Such ads may contain or use cookies.,pegpifgabpbdembmihhgddeedjihkcfh
19,"While we use cookies in other parts of our Web Site, cookies received with banner ads, as the case may be, are collected and used by our advertising provider.",pegpifgabpbdembmihhgddeedjihkcfh
0,"Please be advised that aside from allowing advertising providers to place such ads on our Site, we do not control nor have access to the information contained in or generated from the cookies placed on your computer by our advertising providers.",pegpifgabpbdembmihhgddeedjihkcfh
0,"EXTERNAL LINKS By its very nature, our Site contains links to third-party Web sites.",pegpifgabpbdembmihhgddeedjihkcfh
0,Please be aware that we cannot control and are not responsible for the information collection practices of third-party Web sites.,pegpifgabpbdembmihhgddeedjihkcfh
0,We encourage you to review and understand the privacy policies of these Web sites before visiting them or providing any information to them.,pegpifgabpbdembmihhgddeedjihkcfh
4,"CONFIDENTIALITY AND SECURITY Subject to the foregoing, we limit access to your personal information to employees of SportsFanTab.com who we reasonably believe need to come into contact with such information either in order to do their jobs or to allow us to provide requested products and services to you.",pegpifgabpbdembmihhgddeedjihkcfh
0,"We have physical, electronic, and procedural safeguards that comply with federal regulations to protect and restrict access to personal information about the users of our Site.",pegpifgabpbdembmihhgddeedjihkcfh
4,"CONTACTING THE SITEIf you have any questions about this privacy statement, the personal information practices of this Site, or your dealings with this Site, please contact storeSportsFanTab.com by email.",pegpifgabpbdembmihhgddeedjihkcfh
4,"provides this Privacy Policy to inform users who download a Browser Extension from our websites, www.",hccakacehcedfllphffplikhckmnejbl
0,"newtabgallery.com and the various extension galleries and web-stores, (the Sites), about the limited use and disclosure of information generated by the Extension.",hccakacehcedfllphffplikhckmnejbl
0,The Extension may include links or otherwise allow you to access and perhaps submit information to third-party applications or sites.,hccakacehcedfllphffplikhckmnejbl
0,This Privacy Policy applies to the Extension only.,hccakacehcedfllphffplikhckmnejbl
0,"Any information you submit to linked sites or other applications that may be accessible from the Extension will be subject to the privacy policies of those sites or applications, if any.",hccakacehcedfllphffplikhckmnejbl
0,"You are not required to register with us to download a Extension, and may do so anonymously.",hccakacehcedfllphffplikhckmnejbl
0,"No Spyware, No AdwareThe Extension does not collect any personal information about you (such as your name, email address, etc.",hccakacehcedfllphffplikhckmnejbl
0,"Further, it does not collect or report back to us (or anyone else) any data regarding your computer keystrokes or other data unrelated to the services the Extension provides.",hccakacehcedfllphffplikhckmnejbl
0,Anonymous Extension Usage Statistics.,hccakacehcedfllphffplikhckmnejbl
0,"In order to continue to provide the high-quality Extensions to you and to other Users, we do need certain statistics about how our Extensions are used.",hccakacehcedfllphffplikhckmnejbl
0,"To facilitate this, the Extension includes one or more unique application numbers that are not associated with you or your NewTabGallery account (if you have chosen to register with us).",hccakacehcedfllphffplikhckmnejbl
4,"These numbers are sent to us when you install or uninstall the Extension and when the Extension periodically contacts our servers, for example, to request automatic updates or to provide us with usage statistics about that Extension, such as whether it is active, default settings and total usage of other features of the Extension, including links to third-party applications or sites (Usage Statistics).",hccakacehcedfllphffplikhckmnejbl
0,All Usage Statistics are recorded on a non-personally identifiable basis and is kept strictly anonymous.,hccakacehcedfllphffplikhckmnejbl
0,We do not use the Service to knowingly solicit data from or market to children under the age of 13.,hccakacehcedfllphffplikhckmnejbl
4,"If a parent or guardian becomes aware that his or her child has provided us with personally identifiable information without their consent, he or she should contact us at infobrandthunder.com.",hccakacehcedfllphffplikhckmnejbl
6,We will delete such information from our files.,hccakacehcedfllphffplikhckmnejbl
0,Our website and browser extensions are unofficial.,hccakacehcedfllphffplikhckmnejbl
0,We are not affiliated with or sponsored by the entity whose materials are represented in the extensions.,hccakacehcedfllphffplikhckmnejbl
0,"By downloading, installing and/or using our extensions, you acknowledge that our website and browser extensions are not affiliated with or sponsored by the entity whose materials are represented in the extensions.",hccakacehcedfllphffplikhckmnejbl
4,"If you have any questions or concerns about this Privacy Policy or its implementation, or if you believe there are inaccuracies in your account information you may contact us as follows: LLCPO BOX 121Columbus, Ohio 43002 Email: infonewtabgallery.com Last Updated: DECEMBER 2018 Find UsAddress Chrome Hours About This Site We have been creating browser extensions for 10 years.",hccakacehcedfllphffplikhckmnejbl
0,we love making your browsing experience more enjoyable!,hccakacehcedfllphffplikhckmnejbl
4,"If you require any more information or have any questions about our privacy policy, please feel free to contact us by email at zillakgamesgmail.comAt Zillak Games we consider the privacy of our visitors to be extremely important.",kkaedaofhjjjclbfmlgkghcihkngkaal
0,This privacy policy document describes in detail the types of personal information is collected and recorded by Zillak Games and how we use it.,kkaedaofhjjjclbfmlgkghcihkngkaal
0,"Log FilesLike many other Web sites, Zillak Games makes use of log files.",kkaedaofhjjjclbfmlgkghcihkngkaal
0,These files merely logs visitors to the site usually a standard procedure for hostingcompanies and a part of hosting servicess analytics.,kkaedaofhjjjclbfmlgkghcihkngkaal
0,"The information inside the log files includes internet protocol (IP) addresses, browser type,Internet Service Provider (ISP), date/time stamp, refeing/exit pages, and possibly the number of clicks.",kkaedaofhjjjclbfmlgkghcihkngkaal
0,"This information is used to analyze trends,administer the site, track users movement around the site, and gather demographic information.",kkaedaofhjjjclbfmlgkghcihkngkaal
0,"IP addresses, and other such information are not linked toany information that is personally identifiable.",kkaedaofhjjjclbfmlgkghcihkngkaal
19,"Cookies and Web BeaconsZillak Games uses cookies to store information about visitors preferences, to record user-specific information on which pages the site visitor accesses or visits,and to personalize or customize our web page content based upon visitors browser type or other information that the visitor sends via their browser.",kkaedaofhjjjclbfmlgkghcihkngkaal
19,"DoubleClick DART Cookie Google, as a third party vendor, uses cookies to serve ads on Zillak Games.",kkaedaofhjjjclbfmlgkghcihkngkaal
19, Googles use of the DART cookie enables it to serve ads to our sites visitors based upon their visit to Zillak Games and other sites on the Internet.,kkaedaofhjjjclbfmlgkghcihkngkaal
19, Users may opt out of the use of the DART cookie by visiting the Google ad and content network privacy policy at the following URL http://www.,kkaedaofhjjjclbfmlgkghcihkngkaal
0,google.com/privacy_ads.,kkaedaofhjjjclbfmlgkghcihkngkaal
19,Our Advertising Partners Some of our advertising partners may use cookies and web beacons on our site.,kkaedaofhjjjclbfmlgkghcihkngkaal
0,Our advertising partners include,kkaedaofhjjjclbfmlgkghcihkngkaal
0,"Google While each of these advertising partners has their own Privacy Policy for their site, an updated and hyperlinked resource is maintained here: Privacy Policies.",kkaedaofhjjjclbfmlgkghcihkngkaal
0,You may consult this listing to find the privacy policy for each of the advertising partners of Zillak Games.,kkaedaofhjjjclbfmlgkghcihkngkaal
0,These third-party ad servers or ad networks use technologyin their respective advertisements and links that appear on Zillak Games and which are sent directly to your browser.,kkaedaofhjjjclbfmlgkghcihkngkaal
0,They automatically receive your IP address whenthis occurs.,kkaedaofhjjjclbfmlgkghcihkngkaal
19,"Other technologies (such as cookies, JavaScript, or Web Beacons) may also be used by our sites third-party ad networks to measure the effectiveness oftheir advertising campaigns and/or to personalize the advertising content that you see on the site.",kkaedaofhjjjclbfmlgkghcihkngkaal
19,Zillak Games has no access to or control over these cookies that areused by third-party advertisers.,kkaedaofhjjjclbfmlgkghcihkngkaal
0,Third Party Privacy PoliciesYou should consult the respective privacy policies of these third-party ad servers for more detailed information on their practices as well as for instructions about howto opt-out of certain practices.,kkaedaofhjjjclbfmlgkghcihkngkaal
0,"privacy policy does not apply to, and we cannot control the activities of, such other advertisers or web sites.",kkaedaofhjjjclbfmlgkghcihkngkaal
0,You mayfind a comprehensive listing of these privacy policies and their links here: Privacy Policy Links.,kkaedaofhjjjclbfmlgkghcihkngkaal
6,"If you wish to disable cookies, you may do so through your individual browser options.",kkaedaofhjjjclbfmlgkghcihkngkaal
19,"If you wish to disable cookies, you may do so through your individual browser options.",kkaedaofhjjjclbfmlgkghcihkngkaal
19,More detailed information about cookie management with specific web browsers can befound at the browsers respective websites.,kkaedaofhjjjclbfmlgkghcihkngkaal
0,Childrens InformationWe believe it is important to provide added protection for children online.,kkaedaofhjjjclbfmlgkghcihkngkaal
0,"We encourage parents and guardians to spend time online with their children to observe, participatein and/or monitor and guide their online activity.",kkaedaofhjjjclbfmlgkghcihkngkaal
0,Zillak Games does not knowingly collect any personally identifiable information from children under the age of 13.,kkaedaofhjjjclbfmlgkghcihkngkaal
4,"If a parent or guardian believes that Zillak Games has in its database the personally-identifiable information of a child under the age of 13, please contact us immediately(using the contact in the first paragraph) and we will use our best efforts to promptly remove such information from our records.",kkaedaofhjjjclbfmlgkghcihkngkaal
0,Online Privacy Policy OnlyThis privacy policy applies only to our online activities and is valid for visitors to our website and regarding information shared and/or collected there.,kkaedaofhjjjclbfmlgkghcihkngkaal
0,This policy does not apply to any information collected offline or via channels other than this website.,kkaedaofhjjjclbfmlgkghcihkngkaal
0,"Consent By using our website, you hereby consent to our privacy policy and agree to its terms.",kkaedaofhjjjclbfmlgkghcihkngkaal
0,"Privacy Policy Online Approved Site Update This Privacy Policy was last updated on: Tuesday, August 16th, 2016.",kkaedaofhjjjclbfmlgkghcihkngkaal
0,"Should we update, amend or make any changes to our privacy policy, those changes will be posted here.",kkaedaofhjjjclbfmlgkghcihkngkaal
0,"you agree to the terms of our Privacy Policy, which are incorporated into this EULA and which set out the practices concerning the information processed by the Girema Holdings Limited.",oknpdchldeaaacefbdnhcomfdnmlhkjd
0,Collection and Use of Personal Information.,oknpdchldeaaacefbdnhcomfdnmlhkjd
0,"As with most other websites, we collect and use the data contained in log files.",oknpdchldeaaacefbdnhcomfdnmlhkjd
0,"The information in the log files include your IP (internet protocol) address, the type of browser you used to visit our site (such as Google Chrome, Internet Explorer or Mozilla Firefox), the time at which you visited our site and which pages you visited throughout our site.",oknpdchldeaaacefbdnhcomfdnmlhkjd
1,We may collect personal information at various times when you use our website or plugin.,oknpdchldeaaacefbdnhcomfdnmlhkjd
0,"The more information you volunteer (and the more accurate it is), the better we are able to customize your experience.",oknpdchldeaaacefbdnhcomfdnmlhkjd
0,Your participation is voluntary and you have the choice not to disclose any information that we request.,oknpdchldeaaacefbdnhcomfdnmlhkjd
0,The types of information we gather:Information you provide: We receive and store any information you enter on the Lovely Tab Domains or give us in any other way.,oknpdchldeaaacefbdnhcomfdnmlhkjd
0,You provide most such information when you use the Lovely Tab or bundled plugins.,oknpdchldeaaacefbdnhcomfdnmlhkjd
1,"For instance, if you register for an account with us, we may collect your name, email address, country of origin, and, if you choose, your nickname, telephone number, website, company, and title.",oknpdchldeaaacefbdnhcomfdnmlhkjd
1,"If you download and install the plugin, we collect any information voluntarily provided by you during the installation and registration process, which can include demographic information such as gender, age, occupation, household income, zip code and country.",oknpdchldeaaacefbdnhcomfdnmlhkjd
17,Demographic information may be coelated to web usage information collected during your use of the service.,oknpdchldeaaacefbdnhcomfdnmlhkjd
1,"In addition, you might provide us with personal identifying information, such as mobile telephone number, when you communicate with us by phone, e-mail or otherwise, or complete a questionnaire, subscription form or a contest entry form.",oknpdchldeaaacefbdnhcomfdnmlhkjd
0,"You can choose not to provide certain information, but then you might not be able to take advantage of many of our features.",oknpdchldeaaacefbdnhcomfdnmlhkjd
3,"We use the information that you provide for such purposes as responding to your requests, customizing and improving our services, delivering targeted content and advertisements that may be of interest to you, and communicating with you.",oknpdchldeaaacefbdnhcomfdnmlhkjd
17,"Automatic information we collect from the plugin: When you use Lovely Tab plugin, the searches you perform using our domains, the ways in which you use various features, and the pages you view on our domains.",oknpdchldeaaacefbdnhcomfdnmlhkjd
17,"For example, we may collect information about page views, impressions and clicks, as well as similar web usage information on our domains.",oknpdchldeaaacefbdnhcomfdnmlhkjd
17,We also may periodically collect usage statistics from users that describe the frequency of use of each feature.,oknpdchldeaaacefbdnhcomfdnmlhkjd
17,Automatic information we collect from the site: We receive and store certain types of information whenever you interact with our site.,oknpdchldeaaacefbdnhcomfdnmlhkjd
19,"For example, like many websites, we use ""cookies,"" and we obtain certain types of information when your Web browser accesses the Site, when you use the plugin.",oknpdchldeaaacefbdnhcomfdnmlhkjd
0,"If you are not yet 18, you are not allowed to use our services.",oknpdchldeaaacefbdnhcomfdnmlhkjd
6,"Further, if we learn that we have collected personal information from a child under age 13, we will delete that information as quickly as possible.",oknpdchldeaaacefbdnhcomfdnmlhkjd
1,"Use of InformationrWe may use information (whether personal identifying information or not) that we collect about you to:Deliver the products and services that you have requested Manage your relationship with us and provide you with customer support If you specifically requested that we communicate with you by e-mail, postal mail, telephone and/or mobile devices about products or services that may be of interest to you either from us or third parties Enforce our Agreement Protect our plugin, our websites, our customers and/or our other users from fraud, hacking or other harmrUse of CookiesIn computer language, a cookie is used to store data on a computer's hard drive.",oknpdchldeaaacefbdnhcomfdnmlhkjd
13,"Use of InformationrWe may use information (whether personal identifying information or not) that we collect about you to:Deliver the products and services that you have requested Manage your relationship with us and provide you with customer support If you specifically requested that we communicate with you by e-mail, postal mail, telephone and/or mobile devices about products or services that may be of interest to you either from us or third parties Enforce our Agreement Protect our plugin, our websites, our customers and/or our other users from fraud, hacking or other harmrUse of CookiesIn computer language, a cookie is used to store data on a computer's hard drive.",oknpdchldeaaacefbdnhcomfdnmlhkjd
19,We sometimes use cookies on our domains to save information but only non-private and non-identifiable information.,oknpdchldeaaacefbdnhcomfdnmlhkjd
0,"Links to Other Websites Our Site includes links to other third-party Websites (such as Google, Facebook, Instagram, Tweeter, etc.",oknpdchldeaaacefbdnhcomfdnmlhkjd
0,whose privacy practices may differ from those of Lovely Tab.,oknpdchldeaaacefbdnhcomfdnmlhkjd
0,"Our service may also be linked to sites or services operated by the Lovely Tab affiliates or third parties, and may cay advertisements or offer content, functionality, games, rewards programs, newsletters, contests or sweepstakes, or applications developed and maintained by third parties including, any online store.",oknpdchldeaaacefbdnhcomfdnmlhkjd
0,"Lovely Tab is not responsible for the privacy practices of any such third parties, and once you leave the Services via a link, enable a third-party service, you should check the applicable privacy policy of the third-party site.",oknpdchldeaaacefbdnhcomfdnmlhkjd
0,"If you submit personal information to any of those sites, your information is governed by their privacy statements.",oknpdchldeaaacefbdnhcomfdnmlhkjd
0,We encourage you to carefully read the privacy statement of any Website you visit.,oknpdchldeaaacefbdnhcomfdnmlhkjd
0,Privacy Policy webacetab.com Privacy Policy About webacetab.com webacetab.com is a website built to service individuals with all their search needs.,dhkpghipgnngohhckpiadpmjoobjljim
0,We provide control tools to help you manage your experience with us.,dhkpghipgnngohhckpiadpmjoobjljim
0,"In order to use our website, you will need to agree to this Privacy Policy.",dhkpghipgnngohhckpiadpmjoobjljim
0,Our Privacy PledgeOur commitment is to put users first.,dhkpghipgnngohhckpiadpmjoobjljim
0,"We strive to be transparent about how we collect and use your information, to keep your information secure and to provide you meaningful choices.",dhkpghipgnngohhckpiadpmjoobjljim
20,"We will handle user data securely, including transmitting it via modern cryptography including SSL.",dhkpghipgnngohhckpiadpmjoobjljim
0,We do not collect any personally identifiable information.,dhkpghipgnngohhckpiadpmjoobjljim
0,Services information outlined below: Information You Provide to Us.,dhkpghipgnngohhckpiadpmjoobjljim
19,"We may collect the information that you provide to us, such as device IDs, cookies,and other signals, including information obtained from third parties, to associate accounts and/or devices with you.",dhkpghipgnngohhckpiadpmjoobjljim
1,"We collect information from your devices(computers, mobile phones, tablets, etc.",dhkpghipgnngohhckpiadpmjoobjljim
0,"), including informationabout how you interact with our Services and those of our third-party partners and information that allows us to recognize and associate your activity across devices and Services.",dhkpghipgnngohhckpiadpmjoobjljim
19,"Thisinformation includes device specific identifiers and informationsuch as IP address, cookie information, mobile device and advertising identifiers, browser version,operating system type and version, mobile network information, device settings, and software data.",dhkpghipgnngohhckpiadpmjoobjljim
0,We may recognize your devices to provide you with personalized experiences and advertising across the devices you use.,dhkpghipgnngohhckpiadpmjoobjljim
15,Location Information.,dhkpghipgnngohhckpiadpmjoobjljim
15,We collect location information from avariety of sources.,dhkpghipgnngohhckpiadpmjoobjljim
19,Information from Cookies and Other Technologies.,dhkpghipgnngohhckpiadpmjoobjljim
0,"We collect information when you accesscontent, advertising, sites, interactive widgets, applications,and other products where webacetab.com data collection technologies are present.",dhkpghipgnngohhckpiadpmjoobjljim
3,These data collection technologies allow us to understand your activity on and off our Services and to collect and store information when you interact with Services we offer to partners.,dhkpghipgnngohhckpiadpmjoobjljim
3,"We also may usethe information we have about you for the following purposes: Provide, maintain, improve, and develop relevant features,content, and Services.",dhkpghipgnngohhckpiadpmjoobjljim
0,Help advertisers and publishers connect to offer relevantadvertising in their apps and websites.,dhkpghipgnngohhckpiadpmjoobjljim
0,Associate your activity across our Services and your different devices as well as associate any accounts you may use across webacetab.com Services together.,dhkpghipgnngohhckpiadpmjoobjljim
0,Conduct research and support innovation.,dhkpghipgnngohhckpiadpmjoobjljim
15,"Provide location-based Services,advertising, search results, and other content consistent withyour location settings.",dhkpghipgnngohhckpiadpmjoobjljim
0,"Detect and defend against fraudulent, abusive, or unlawful activity.",dhkpghipgnngohhckpiadpmjoobjljim
0,How We Share This Information With Your Consent.,dhkpghipgnngohhckpiadpmjoobjljim
0,"We will share information withcompanies, organizations or individuals outside ofwebacetab.com when we have your consent.",dhkpghipgnngohhckpiadpmjoobjljim
0,Within webacetab.com.,dhkpghipgnngohhckpiadpmjoobjljim
0,Information may also be shared within webacetab.com.,dhkpghipgnngohhckpiadpmjoobjljim
0,We may share your information with nonaffiliated companies who are:Trusted Partners.,dhkpghipgnngohhckpiadpmjoobjljim
0,We provide user information to trusted partners who work on behalf of or withwebacetab.combased on our directions and incompliance with appropriate confidentiality measures.,dhkpghipgnngohhckpiadpmjoobjljim
0,"Advertising, Analytics and Business Partners.",dhkpghipgnngohhckpiadpmjoobjljim
0,"We may share aggregated or pseudonymous information with partners, such as publishers, advertisers, measurement analytics,apps, or other companies.",dhkpghipgnngohhckpiadpmjoobjljim
17,"When you use third-party apps, websites or other products integrated with our Services, they may collect information aboutyour activities subject to their own terms and privacy policies.",dhkpghipgnngohhckpiadpmjoobjljim
0,We allow other companies that show advertisements on our webpages or apps to collect informationfrom your browsers or devices.,dhkpghipgnngohhckpiadpmjoobjljim
0,"Other companies' use of cookies and other data collection technologies are subject to their own privacy policies, not this one.",dhkpghipgnngohhckpiadpmjoobjljim
19,"Like manycompanies, we may allow cookie matching with selectpartners.",dhkpghipgnngohhckpiadpmjoobjljim
0,"But, these parties are not authorized to accesswebacetab.com cookies.",dhkpghipgnngohhckpiadpmjoobjljim
3,For Legal and Other Purposes.,dhkpghipgnngohhckpiadpmjoobjljim
0,"We may access, preserve anddisclose information to investigate, prevent, or take action inconnection with: (i) legal process and legal requests; (ii)enforcement of the Terms; (iii)claims that any content violates the rights of third-parties; (iv)requests for customer service; (v) technical issues; (vi)protecting the rights, property or personal safety ofwebacetab.com, its users or the public; (vii)establishing or exercising our legal rights or defending againstlegal claims; or (viii) as otherwise required by law.",dhkpghipgnngohhckpiadpmjoobjljim
0,This may include responding to lawful governmental requests.,dhkpghipgnngohhckpiadpmjoobjljim
0,"If the ownership or control of webacetab.com or a specific Services changes as aresult of a merger, acquisition or sale of assets, we may transferyour information to the new owner.",dhkpghipgnngohhckpiadpmjoobjljim
0,"Information Security and Data Retention webacetab.com has technical, administrative and physical safeguards in place to help protect against unauthorized access, useor disclosure of customer information we collect or store.",dhkpghipgnngohhckpiadpmjoobjljim
0,"We do not knowingly collect, use, or share information that could reasonably be used to identify children under age 13 without prior parental consent or consistent with applicable law.",dhkpghipgnngohhckpiadpmjoobjljim
0,"Data Processing and Transfers When you use or interact with any of our Services, you consent to the data processing, sharing, transfeing and uses of your informationas outlined in this Privacy Policy.",dhkpghipgnngohhckpiadpmjoobjljim
0,"Regardless of the country where you reside, you authorize us to transfer, process, store anduse your information in countries other than your own in accordance with this Privacy Policy and to provide you with Services.",dhkpghipgnngohhckpiadpmjoobjljim
0,Some ofthese countries may not have the same data protection safeguards asthe country where you reside.,dhkpghipgnngohhckpiadpmjoobjljim
0,Other Important InformationThis Privacy Policy Applies Only to webacetab.com.,dhkpghipgnngohhckpiadpmjoobjljim
0,"ThisPrivacy Policy does not apply to the practices of companies thatwebacetab.com does not own or control, or to people thatwebacetab.com does not employ or manage.",dhkpghipgnngohhckpiadpmjoobjljim
0,"ChangesWe may update this Privacy Policy from time to time, so you shouldcheck it periodically.",dhkpghipgnngohhckpiadpmjoobjljim
4,"NewTabGallery provides this Privacy Policy to inform users who download a Browser Extension from our websites, www.",fgacjkmnaiolmmhdjkgagahkpcljifpg
0,"newtabgallery.com and the various extension galleries and web-stores, (the Sites), about the limited use and disclosure of information generated by the Extension.",fgacjkmnaiolmmhdjkgagahkpcljifpg
0,The Extension may include links or otherwise allow you to access and perhaps submit information to third-party applications or sites.,fgacjkmnaiolmmhdjkgagahkpcljifpg
0,This Privacy Policy applies to the Extension only.,fgacjkmnaiolmmhdjkgagahkpcljifpg
0,"Any information you submit to linked sites or other applications that may be accessible from the Extension will be subject to the privacy policies of those sites or applications, if any.",fgacjkmnaiolmmhdjkgagahkpcljifpg
0,"You are not required to register with us to download a Extension, and may do so anonymously.",fgacjkmnaiolmmhdjkgagahkpcljifpg
0,"No Spyware, No AdwareThe Extension does not collect any personal information about you (such as your name, email address, etc.",fgacjkmnaiolmmhdjkgagahkpcljifpg
0,"Further, it does not collect or report back to us (or anyone else) any data regarding your computer keystrokes or other data unrelated to the services the Extension provides.",fgacjkmnaiolmmhdjkgagahkpcljifpg
0,Anonymous Extension Usage Statistics.,fgacjkmnaiolmmhdjkgagahkpcljifpg
0,"In order to continue to provide the high-quality Extensions to you and to other Users, we do need certain statistics about how our Extensions are used.",fgacjkmnaiolmmhdjkgagahkpcljifpg
0,"To facilitate this, the Extension includes one or more unique application numbers that are not associated with you or your NewTabGallery account (if you have chosen to register with us).",fgacjkmnaiolmmhdjkgagahkpcljifpg
4,"These numbers are sent to us when you install or uninstall the Extension and when the Extension periodically contacts our servers, for example, to request automatic updates or to provide us with usage statistics about that Extension, such as whether it is active, default settings and total usage of other features of the Extension, including links to third-party applications or sites (Usage Statistics).",fgacjkmnaiolmmhdjkgagahkpcljifpg
0,All Usage Statistics are recorded on a non-personally identifiable basis and is kept strictly anonymous.,fgacjkmnaiolmmhdjkgagahkpcljifpg
0,We do not use the Service to knowingly solicit data from or market to children under the age of 13.,fgacjkmnaiolmmhdjkgagahkpcljifpg
4,"If a parent or guardian becomes aware that his or her child has provided us with personally identifiable information without their consent, he or she should contact us at infobrandthunder.com.",fgacjkmnaiolmmhdjkgagahkpcljifpg
6,We will delete such information from our files.,fgacjkmnaiolmmhdjkgagahkpcljifpg
0,Our website and browser extensions are unofficial.,fgacjkmnaiolmmhdjkgagahkpcljifpg
0,We are not affiliated with or sponsored by the entity whose materials are represented in the extensions.,fgacjkmnaiolmmhdjkgagahkpcljifpg
0,"By downloading, installing and/or using our extensions, you acknowledge that our website and browser extensions are not affiliated with or sponsored by the entity whose materials are represented in the extensions.",fgacjkmnaiolmmhdjkgagahkpcljifpg
4,"If you have any questions or concerns about this Privacy Policy or its implementation, or if you believe there are inaccuracies in your account information you may contact us as follows: New Tab Group, LLCPO BOX 121 Columbus, Ohio 43002 Email: infonewtabgallery.com Last Updated: DECEMBER 2018 Find Us Address Chrome New Tab Hours 24x7x365 About This SiteWe have been creating browser extensions for 10 years.",fgacjkmnaiolmmhdjkgagahkpcljifpg
0,we love making your browsing experience more enjoyable!,fgacjkmnaiolmmhdjkgagahkpcljifpg
0,"Privacy Policy Effective date: December 01, 2018Open Link On PC (""us"", ""we"", or ""our"") operates the https://open-link-on-pc.",ilmckbifpnmmmmjdjodagmhlgmoidgkh
0,"firebaseapp.com/ website and the Open Link On PC mobile application (the ""Service"").",ilmckbifpnmmmmjdjodagmhlgmoidgkh
0,"This page informs you of our policies regarding the collection, use, and disclosure of personal data when you use our Service and the choices you have associated with that data.",ilmckbifpnmmmmjdjodagmhlgmoidgkh
0,We use your data to provide and improve the Service.,ilmckbifpnmmmmjdjodagmhlgmoidgkh
0,"By using the Service, you agree to the collection and use of information in accordance with this policy.",ilmckbifpnmmmmjdjodagmhlgmoidgkh
0,"Unless otherwise defined in this Privacy Policy, terms used in this Privacy Policy have the same meanings as in our Terms and Conditions.",ilmckbifpnmmmmjdjodagmhlgmoidgkh
3,Information Collection And Use We collect several different types of information for various purposes to provide and improve our Service to you.,ilmckbifpnmmmmjdjodagmhlgmoidgkh
1,"Types of Data Collected Personal Data While using our Service, we may ask you to provide us with certain personally identifiable information that can be used to contact or identify you (""Personal Data"").",ilmckbifpnmmmmjdjodagmhlgmoidgkh
1,"Personally identifiable information may include, but is not limited to:Email addressFirst name and last name.We may also collect information that your browser sends whenever you visit our Service or when you access the Service by or through a mobile device (""Usage Data"").",ilmckbifpnmmmmjdjodagmhlgmoidgkh
17,"Personally identifiable information may include, but is not limited to:Email addressFirst name and last name.We may also collect information that your browser sends whenever you visit our Service or when you access the Service by or through a mobile device (""Usage Data"").",ilmckbifpnmmmmjdjodagmhlgmoidgkh
0,"This Usage Data may include information such as your computer's Internet Protocol address (e.g. IP address), browser type, browser version, the pages of our Service that you visit, the time and date of your visit, the time spent on those pages, unique device identifiers and other diagnostic data.",ilmckbifpnmmmmjdjodagmhlgmoidgkh
0,"When you access the Service by or through a mobile device, this Usage Data may include information such as the type of mobile device you use, your mobile device unique ID, the IP address of your mobile device, your mobile operating system, the type of mobile Internet browser you use, unique device identifiers and other diagnostic data.",ilmckbifpnmmmmjdjodagmhlgmoidgkh
19,Tracking & Cookies Data We use cookies and similar tracking technologies to track the activity on our Service and hold certain information.,ilmckbifpnmmmmjdjodagmhlgmoidgkh
19,Cookies are files with small amount of data which may include an anonymous unique identifier.,ilmckbifpnmmmmjdjodagmhlgmoidgkh
19,Cookies are sent to your browser from a website and stored on your device.,ilmckbifpnmmmmjdjodagmhlgmoidgkh
3,"Tracking technologies also used are beacons, tags, and scripts to collect and track information and to improve and analyze our Service.",ilmckbifpnmmmmjdjodagmhlgmoidgkh
19,You can instruct your browser to refuse all cookies or to indicate when a cookie is being sent.,ilmckbifpnmmmmjdjodagmhlgmoidgkh
0,"However, if you do not accept cookies, you may not be able to use some portions of our Service.",ilmckbifpnmmmmjdjodagmhlgmoidgkh
19,Examples of Cookies we use:Session Cookies.,ilmckbifpnmmmmjdjodagmhlgmoidgkh
19,We use Session Cookies to operate our Service.,ilmckbifpnmmmmjdjodagmhlgmoidgkh
19,We use Preference Cookies to remember your preferences and various settings.,ilmckbifpnmmmmjdjodagmhlgmoidgkh
3,We use Security Cookies for security purposes.,ilmckbifpnmmmmjdjodagmhlgmoidgkh
19,We use Security Cookies for security purposes.,ilmckbifpnmmmmjdjodagmhlgmoidgkh
3,"Use of DataOpen Link On PC uses the collected data for various purposes:To provide and maintain the ServiceTo notify you about changes to our Service To allow you to participate in interactive features of our Service when you choose to do so To provide customer care and support To provide analysis or valuable information so that we can improve the Service To monitor the usage of the Service To detect, prevent and address technical issues Transfer Of Data Your information, including Personal Data, may be transferred to and maintained on computers located outside of your state, province, country or other governmental jurisdiction where the data protection laws may differ than those from your jurisdiction.",ilmckbifpnmmmmjdjodagmhlgmoidgkh
0,"If you are located outside India and choose to provide information to us, please note that we transfer the data, including Personal Data, to India and process it there.",ilmckbifpnmmmmjdjodagmhlgmoidgkh
0,Your consent to this Privacy Policy followed by your submission of such information represents your agreement to that transfer.,ilmckbifpnmmmmjdjodagmhlgmoidgkh
0,Open Link On PC will take all steps reasonably necessary to ensure that your data is treated securely and in accordance with this Privacy Policy and no transfer of your Personal Data will take place to an organization or a country unless there are adequate controls in place including the security of your data and other personal information.,ilmckbifpnmmmmjdjodagmhlgmoidgkh
0,"Disclosure Of Data Legal Requirements Open Link On PC may disclose your Personal Data in the good faith belief that such action is necessary to:To comply with a legal obligation To protect and defend the rights or property of Open Link On PCTo prevent or investigate possible wrong doing in connection with the Service To protect the personal safety of users of the Service or the publicTo protect against legal liability Security Of Data The security of your data is important to us, but remember that no method of transmission over the Internet, or method of electronic storage is 100  secure.",ilmckbifpnmmmmjdjodagmhlgmoidgkh
0,"While we strive to use commercially acceptable means to protect your Personal Data, we cannot guarantee its absolute security.",ilmckbifpnmmmmjdjodagmhlgmoidgkh
0,"Service Providers We may employ third party companies and individuals to facilitate our Service (""Service Providers""), to provide the Service on our behalf, to perform Service-related services or to assist us in analyzing how our Service is used.",ilmckbifpnmmmmjdjodagmhlgmoidgkh
3,These third parties have access to your Personal Data only to perform these tasks on our behalf and are obligated not to disclose or use it for any other purpose.,ilmckbifpnmmmmjdjodagmhlgmoidgkh
0,AdsWe may use third-party Service Providers to display ads on the website.,ilmckbifpnmmmmjdjodagmhlgmoidgkh
19,"Google Ads Third party vendors, including Google, use cookies to serve ads based on a user's prior visits to our website or other websites.",ilmckbifpnmmmmjdjodagmhlgmoidgkh
19,Google's use of advertising cookies enables it and its partners to serve ads to the users based on their visit to our sites and/or other sites on the Internet.,ilmckbifpnmmmmjdjodagmhlgmoidgkh
0,Users may opt out of personalized advertising by visiting Ads Settings.,ilmckbifpnmmmmjdjodagmhlgmoidgkh
0,AnalyticsWe may use third-party Service Providers to monitor and analyze the use of our Service.,ilmckbifpnmmmmjdjodagmhlgmoidgkh
0,Google Analytics is a web analytics service offered by Google that tracks and reports website traffic.,ilmckbifpnmmmmjdjodagmhlgmoidgkh
0,Google uses the data collected to track and monitor the use of our Service.,ilmckbifpnmmmmjdjodagmhlgmoidgkh
0,This data is shared with other Google services.,ilmckbifpnmmmmjdjodagmhlgmoidgkh
0,Google may use the collected data to contextualize and personalize the ads of its own advertising network.,ilmckbifpnmmmmjdjodagmhlgmoidgkh
0,"For more information on the privacy practices of Google, please visit the Google Privacy & Terms web page: https://policies.",ilmckbifpnmmmmjdjodagmhlgmoidgkh
0,"hl=enFirebaseFirebase is analytics service provided by Google Inc.You may opt-out of certain Firebase features through your mobile device settings, such as your device advertising settings or by following the instructions provided by Google in their Privacy Policy: https://policies.",ilmckbifpnmmmmjdjodagmhlgmoidgkh
0,hl=enWe also encourage you to review the Google's policy for safeguarding your data: https://support.,ilmckbifpnmmmmjdjodagmhlgmoidgkh
0,google.com/analytics/answer/6004245.,ilmckbifpnmmmmjdjodagmhlgmoidgkh
0,"For more information on what type of information Firebase collects, please visit please visit the Google Privacy & Terms web page: https://policies.google.com/privacy?hl=en",ilmckbifpnmmmmjdjodagmhlgmoidgkh
0,Links To Other SitesOur Service may contain links to other sites that are not operated by us.,ilmckbifpnmmmmjdjodagmhlgmoidgkh
0,"If you click on a third party link, you will be directed to that third party's site.",ilmckbifpnmmmmjdjodagmhlgmoidgkh
0,We strongly advise you to review the Privacy Policy of every site you visit.,ilmckbifpnmmmmjdjodagmhlgmoidgkh
0,"We have no control over and assume no responsibility for the content, privacy policies or practices of any third party sites or services.",ilmckbifpnmmmmjdjodagmhlgmoidgkh
0,"Children's PrivacyOur Service does not address anyone under the age of 18 (""Children"").",ilmckbifpnmmmmjdjodagmhlgmoidgkh
0,We do not knowingly collect personally identifiable information from anyone under the age of 18.,ilmckbifpnmmmmjdjodagmhlgmoidgkh
4,"If you are a parent or guardian and you are aware that your Children has provided us with Personal Data, please contact us.",ilmckbifpnmmmmjdjodagmhlgmoidgkh
0,"If we become aware that we have collected Personal Data from children without verification of parental consent, we take steps to remove that information from our servers.",ilmckbifpnmmmmjdjodagmhlgmoidgkh
0,Changes To This Privacy PolicyWe may update our Privacy Policy from time to time.,ilmckbifpnmmmmjdjodagmhlgmoidgkh
0,We will notify you of any changes by posting the new Privacy Policy on this page.,ilmckbifpnmmmmjdjodagmhlgmoidgkh
0,"We will let you know via email and/or a prominent notice on our Service, prior to the change becoming effective and update the ""effective date"" at the top of this Privacy Policy.",ilmckbifpnmmmmjdjodagmhlgmoidgkh
0,You are advised to review this Privacy Policy periodically for any changes.,ilmckbifpnmmmmjdjodagmhlgmoidgkh
0,Changes to this Privacy Policy are effective when they are posted on this page.,ilmckbifpnmmmmjdjodagmhlgmoidgkh
0,Privacy Policy  NorthShore.,gmojdkggdcljigonfjpmeahdedcfdnen
0,Use tab to navigate through the menu items.,gmojdkggdcljigonfjpmeahdedcfdnen
0,"Privacy PolicyPlain English Version of Our Privacy PolicyWe keep your name, email and company so you can use our system.",gmojdkggdcljigonfjpmeahdedcfdnen
19,We place cookies on your browser to make our system faster.,gmojdkggdcljigonfjpmeahdedcfdnen
0,We may use your name and email to send you information about our system.,gmojdkggdcljigonfjpmeahdedcfdnen
0,Please keep your personal information up to date.,gmojdkggdcljigonfjpmeahdedcfdnen
0,"We do not and will not sell Your Data, individually or in aggregated form.",gmojdkggdcljigonfjpmeahdedcfdnen
0,You may stop receiving information from us at any time.,gmojdkggdcljigonfjpmeahdedcfdnen
0,You may access your personal data at any time.,gmojdkggdcljigonfjpmeahdedcfdnen
0,You are responsible for maintaining the privacy of data you enter into our system.,gmojdkggdcljigonfjpmeahdedcfdnen
6,You may delete your data in our system at any time.,gmojdkggdcljigonfjpmeahdedcfdnen
0,We keep your data private on our cloud providers.,gmojdkggdcljigonfjpmeahdedcfdnen
0,"At present, we use AWS.",gmojdkggdcljigonfjpmeahdedcfdnen
0,ai is a U.S. company.,gmojdkggdcljigonfjpmeahdedcfdnen
0,We follow the laws of all the countries where we operate.,gmojdkggdcljigonfjpmeahdedcfdnen
0,More information below.,gmojdkggdcljigonfjpmeahdedcfdnen
0,"This Policy describes how we collect, use and disclose information, and what choices you have with respect to the information.",gmojdkggdcljigonfjpmeahdedcfdnen
0,This Policy should be read in conjunction with our Terms of Service.,gmojdkggdcljigonfjpmeahdedcfdnen
0,We understand that by choosing NorthShore.,gmojdkggdcljigonfjpmeahdedcfdnen
0,"ai, you are placing some of your important data in our hands.",gmojdkggdcljigonfjpmeahdedcfdnen
0,"We are only in business if you trust us, so your privacy means everything to us!",gmojdkggdcljigonfjpmeahdedcfdnen
3,"Our primary goals in collecting information are to provide and improve our Services, to administer your use of the Services and to enable you to enjoy and easily navigate our Services.",gmojdkggdcljigonfjpmeahdedcfdnen
3,"We collect and use this information to provide, improve and protect our Services.",gmojdkggdcljigonfjpmeahdedcfdnen
0,Information Related to Your Account and Interaction with NorthShore.,gmojdkggdcljigonfjpmeahdedcfdnen
4,Registration and Contact Information.,gmojdkggdcljigonfjpmeahdedcfdnen
0,"This category also includes information tied to your identity that you provide us through other means, such as emails to our support service.",gmojdkggdcljigonfjpmeahdedcfdnen
1,"When one creates an account using the Services, we collect an email address, domain details and user name for the individual setting up the account.",gmojdkggdcljigonfjpmeahdedcfdnen
0,"This person may create an identity on your behalf and may provide your information, including Personal Information (e.g., name, email address).",gmojdkggdcljigonfjpmeahdedcfdnen
0,We collect this information under the direction of our Users.,gmojdkggdcljigonfjpmeahdedcfdnen
4,"If you are an employee of one of our Users and would no longer like us to process your information, please contact the User who submitted your information.",gmojdkggdcljigonfjpmeahdedcfdnen
0,"If you are providing information (including Personal Information) about someone else, you must have the authority to provide this information on their behalf and consent to the collection and use of their Personal Information as described in this Privacy Policy.",gmojdkggdcljigonfjpmeahdedcfdnen
15,"Technical, Usage and Location Information.",gmojdkggdcljigonfjpmeahdedcfdnen
0,"Without a subpoena, voluntary compliance on the part of your Internet Service Provider, or additional records from a third party, this information alone cannot usually be used to identify you.",gmojdkggdcljigonfjpmeahdedcfdnen
0,"We receive additional information provided to us when submitted to our Sites or if you participate in a focus group, contest, activity or event, apply for a job, or otherwise communicate with NorthShore.",gmojdkggdcljigonfjpmeahdedcfdnen
0,Information Related to Our ServiceSlack Information.,gmojdkggdcljigonfjpmeahdedcfdnen
0,"In order to perform the Services, we ask for visibility of your profile, list of users in your workspace, basic information about your channelsand the ability to post messages as a Slackbot.",gmojdkggdcljigonfjpmeahdedcfdnen
0,We do not read any messages in your public or private channels.,gmojdkggdcljigonfjpmeahdedcfdnen
0,We only read messagesin direct messages where the NorthShore.,gmojdkggdcljigonfjpmeahdedcfdnen
0,ai Slackbot is included.,gmojdkggdcljigonfjpmeahdedcfdnen
0,Daily Standup Product Information regarding Google Calendar and GitHub are only applicable for those who explicitly signed up for the Daily Standup Product Google Calendar Information.,gmojdkggdcljigonfjpmeahdedcfdnen
0,"In order to perform the Services, we ask for visibility into your calendar, but you can revoke our access to your calendar at any time.",gmojdkggdcljigonfjpmeahdedcfdnen
0,"ai's use of information received from Google APIs will adhere to theGoogle API Services User Data Policy, including the Limited Use requirements.",gmojdkggdcljigonfjpmeahdedcfdnen
0,"In order to perform the Services, we ask for visibility into your code repositories, but you can revoke our access at any time.",gmojdkggdcljigonfjpmeahdedcfdnen
19,"We use cookies, tracking pixels and related technologies.",gmojdkggdcljigonfjpmeahdedcfdnen
19,Cookies are small data files that are served by our platform and stored on your device.,gmojdkggdcljigonfjpmeahdedcfdnen
3,Our Site uses cookies dropped by us or third parties for a variety of purposes including to operate and personalize the Site.,gmojdkggdcljigonfjpmeahdedcfdnen
19,Our Site uses cookies dropped by us or third parties for a variety of purposes including to operate and personalize the Site.,gmojdkggdcljigonfjpmeahdedcfdnen
19,"We use technologies like cookies and pixel tags to provide, improve, protect and promote our Services.",gmojdkggdcljigonfjpmeahdedcfdnen
19,"For example, cookies help us with things like remembering your username for your next visit, understanding how you are interacting with our Services, and improving them based on that information.",gmojdkggdcljigonfjpmeahdedcfdnen
19,Most Internet browsers are initially set to accept cookies.,gmojdkggdcljigonfjpmeahdedcfdnen
19,"You can set your browser to refuse cookies from websites or to remove cookies from your hard drive, but this may limit your ability to use the Services.",gmojdkggdcljigonfjpmeahdedcfdnen
3,"We Collect We use your information in the following ways:To provide, update, maintain, improve and protect our Services, including to operate certain features and functionality of the Services, to prevent or address service eors, security or technical issues, analyze and monitor usage, trends and other activities.",gmojdkggdcljigonfjpmeahdedcfdnen
12,"For billing, account management and other administrative matters, we share and use Payment Information as described in Section Payment Information.",gmojdkggdcljigonfjpmeahdedcfdnen
0,"To respond to your support requests, comments and questions.",gmojdkggdcljigonfjpmeahdedcfdnen
10,"To control unauthorized use or abuse of the Services, if we have a good faith belief, or have received a complaint alleging that Your Data is in violation of our Acceptable Use Guidelines.",gmojdkggdcljigonfjpmeahdedcfdnen
0,"To communicate directly with you, including by sending you newsletters, promotions and special offers or information about new products and services.",gmojdkggdcljigonfjpmeahdedcfdnen
4,"You may, at any time, request to opt-out of receiving future emails or notifications from us, by contacting us.",gmojdkggdcljigonfjpmeahdedcfdnen
0,"How We Share And Disclose InformationWe do not and will not sell Your Data, individually or in aggregated form.",gmojdkggdcljigonfjpmeahdedcfdnen
0,We may share or transfer your personal information to third parties only in the following limited circumstances:We will display your Account information on your http://app.,gmojdkggdcljigonfjpmeahdedcfdnen
0,ai profile page and elsewhere through the Services in accordance with the preferences you set in your Account.,gmojdkggdcljigonfjpmeahdedcfdnen
0,You can review and revise your Account information at any time.,gmojdkggdcljigonfjpmeahdedcfdnen
0,We will display your Your Data within the Services as directed by you.,gmojdkggdcljigonfjpmeahdedcfdnen
0,"If you elect to use a third party application through the Services, then we may share or disclose Your Data with that third party application as directed by you.",gmojdkggdcljigonfjpmeahdedcfdnen
0,Please remember that we are not responsible for the privacy practices of such third parties so you should make sure you trust the application and that it has a privacy policy acceptable to you.,gmojdkggdcljigonfjpmeahdedcfdnen
0,With Trusted Service Providers and Business Partners.,gmojdkggdcljigonfjpmeahdedcfdnen
0,"We may utilize trusted third party service providers to assist us in delivering, improving, protecting and promoting the Services.",gmojdkggdcljigonfjpmeahdedcfdnen
12,"For example, we may use third parties to help host our Services, send out email updates, perform analyses related to the operation of the Services, or process payments.",gmojdkggdcljigonfjpmeahdedcfdnen
3,These third party service providers may have access to Your Data for the limited purpose of providing the service we have contracted with them to provide.,gmojdkggdcljigonfjpmeahdedcfdnen
0,They are required to have a privacy policy and security standards in place that are at least as protective of your information as is this Privacy Policy.,gmojdkggdcljigonfjpmeahdedcfdnen
0,In Connection With a Sale or Change of Control.,gmojdkggdcljigonfjpmeahdedcfdnen
0,"If the ownership of all or substantially all of our business changes, we may transfer your information to the new owner so that the Services can continue to operate.",gmojdkggdcljigonfjpmeahdedcfdnen
0,"In such case, your information would remain subject to the promises and commitments contained in this Privacy Policy until such time as this Privacy Policy is updated or amended by the acquiring party upon notice to you.",gmojdkggdcljigonfjpmeahdedcfdnen
0,Other Access to or Disclosure of Your Information We restrict access to any data and content you transmit to NorthShore.,gmojdkggdcljigonfjpmeahdedcfdnen
0,ai or is otherwise made available via the Services to NorthShore.,gmojdkggdcljigonfjpmeahdedcfdnen
12,"ai employees, payment processors, contractors and agents who need to know that information in order to perform the Services.",gmojdkggdcljigonfjpmeahdedcfdnen
0,All of these individuals are subjected to strict contractual confidentiality obligations and may be disciplined or terminated if they fail to meet these obligations.,gmojdkggdcljigonfjpmeahdedcfdnen
0,Security and Information ProtectionWe take security seriously.,gmojdkggdcljigonfjpmeahdedcfdnen
0,"We take various steps to protect information you provide to us from loss, misuse, and unauthorized access or disclosure.",gmojdkggdcljigonfjpmeahdedcfdnen
0,"These steps take into account the sensitivity of the information we collect, process and store, and the cuent state of technology.",gmojdkggdcljigonfjpmeahdedcfdnen
0,"We use commercially reasonable and industry-standard physical, managerial, and technical safeguards to preserve the integrity and security of your information.",gmojdkggdcljigonfjpmeahdedcfdnen
12,"Payment InformationWe use a third party, Stripeto process subscription payments, and therefore provide them with the Personally Identifiable Information required to charge your credit card.",gmojdkggdcljigonfjpmeahdedcfdnen
12,Stripe commits to complying with the Payment Card Industry Data Security Standard (PCI-DSS) and using industry standard security.,gmojdkggdcljigonfjpmeahdedcfdnen
12,Stripe may use your Payment Information in accordance with their own Privacy Policy here: https://stripe.com/us/checkout/legal.,gmojdkggdcljigonfjpmeahdedcfdnen
0,Your Controls and ChoicesOpt-Outs.,gmojdkggdcljigonfjpmeahdedcfdnen
0,ai provides you with the opportunity to choose (opt out) whether your personal information is to be disclosed to a third party or to be used for a purpose that is incompatible with the purpose(s) for which it was originally collected or subsequently authorized.,gmojdkggdcljigonfjpmeahdedcfdnen
4,You may exercise your choice by contacting us at: information-securitynorthshore.,gmojdkggdcljigonfjpmeahdedcfdnen
8,"If you decide to opt-out, we may not be able to provide certain features of the Services to you.",gmojdkggdcljigonfjpmeahdedcfdnen
14,Communication Preferences.,gmojdkggdcljigonfjpmeahdedcfdnen
0,"If you receive commercial email from us, you may unsubscribe at any time by following the instructions contained within the email.",gmojdkggdcljigonfjpmeahdedcfdnen
14,"You may also opt-out from receiving commercial e-mail from us, and any other promotional communications that we may send to you from time to time by sending your request to us by e-mail at information-securitynorthshore.",gmojdkggdcljigonfjpmeahdedcfdnen
0,by writing to us at the address given at the end of this policy.,gmojdkggdcljigonfjpmeahdedcfdnen
14,"Additionally, we may allow you to view and modify settings relating to the nature and frequency of promotional communications that you receive from us.",gmojdkggdcljigonfjpmeahdedcfdnen
0,"Please be aware that if you opt-out of receiving commercial e-mail from us, it may take up to ten business days for us to process your opt-out request, and you may receive commercial e-mail from us during that period.",gmojdkggdcljigonfjpmeahdedcfdnen
0,"Additionally, even after you opt-out from receiving commercial messages from us, you will continue to receive administrative messages from us regarding our Service.",gmojdkggdcljigonfjpmeahdedcfdnen
19,You can remove or block certain cookies using the settings in your browser but the Offerings may cease to function properly if you do so.,gmojdkggdcljigonfjpmeahdedcfdnen
19,You may also change or withdraw your cookie consent from this Privacy Policy.,gmojdkggdcljigonfjpmeahdedcfdnen
0,Changes to the Privacy Policy We reserve the right to change our Privacy Policy at any time.,gmojdkggdcljigonfjpmeahdedcfdnen
0,"If we make material changes to this policy, we will notify you by email or through notice on the Services.",gmojdkggdcljigonfjpmeahdedcfdnen
0,"No Children Under Age 13 The Services are not intended for use by anyone under the age of 13, nor does NorthShore.",gmojdkggdcljigonfjpmeahdedcfdnen
0,i knowingly collect or solicit personal information from anyone under the age of 13.,gmojdkggdcljigonfjpmeahdedcfdnen
1,"If you are under 13, you may not attempt to register for the Services or send any information about yourself to us, including your name, address, telephone number, or email address.",gmojdkggdcljigonfjpmeahdedcfdnen
6,"In the event that we confirm that we have collected personal information from someone under the age of 13 without verification of parental consent, we will delete that information promptly.",gmojdkggdcljigonfjpmeahdedcfdnen
4,"If you are a parent or legal guardian of a child under 13 and believe that we might have any information from or about such child, please contact us at the email address provided at the end of this Privacy Policy.",gmojdkggdcljigonfjpmeahdedcfdnen
4,"Contact Us If you have questions or need to contact us about this Privacy Policy, please email us at information-securitynorthshore.",gmojdkggdcljigonfjpmeahdedcfdnen
0,Domovik Download Features Try it!,mbnoldhpnphahieoooiligcahajgiigo
0,"Our PrinciplesPrivacy is at the heart of our concern, so Domovik is free and open source.",mbnoldhpnphahieoooiligcahajgiigo
0,"Because we support the European efforts for the protection of user data, your data stay in the EU.",mbnoldhpnphahieoooiligcahajgiigo
0,"Because our economic model is only based on subscriptions, we don't use any 3rd party advertisement or tracking system.",mbnoldhpnphahieoooiligcahajgiigo
0,Privacy Policy for Domovik This Privacy Policy document contains types of information that is collected and recorded by Domovik and how we use it.,mbnoldhpnphahieoooiligcahajgiigo
4,"If you have additional questions or require more information about our Privacy Policy, do not hesitate to contact us.",mbnoldhpnphahieoooiligcahajgiigo
0,General Data Protection Regulation (GDPR) We are a Data Controller of your information.,mbnoldhpnphahieoooiligcahajgiigo
2,The legal basis for collecting and using the personal information described in this Privacy Policy depends on the Personal Information we collect and the specific context in which we collect the information:We need to perform a contract with you We need to comply with the law We will retain your personal information only for as long as is necessary for the purposes set out in this Privacy Policy.,mbnoldhpnphahieoooiligcahajgiigo
2,"We will retain and use your information to the extent necessary to comply with our legal obligations, resolve disputes, and enforce our policies.",mbnoldhpnphahieoooiligcahajgiigo
4,"If you wish to be informed what Personal Information we hold about you and if you want it to be removed from our systems, please contact us.",mbnoldhpnphahieoooiligcahajgiigo
6,"In certain circumstances, you have the following data protection rights:The right to access, update or to delete the information we have on you.",mbnoldhpnphahieoooiligcahajgiigo
0,The right of rectification.,mbnoldhpnphahieoooiligcahajgiigo
0,The right of restriction.,mbnoldhpnphahieoooiligcahajgiigo
9,The right to data portability The right to withdraw consentLog FilesDomovik follows a standard procedure of using log files.,mbnoldhpnphahieoooiligcahajgiigo
0,These files log visitors when they visit websites.,mbnoldhpnphahieoooiligcahajgiigo
0,All hosting companies do this and a part of hosting services' analytics.,mbnoldhpnphahieoooiligcahajgiigo
17,"The information collected by log files include internet protocol (IP) addresses, browser type, Internet Service Provider (ISP), date and time stamp, and refeing/exit pages.",mbnoldhpnphahieoooiligcahajgiigo
15,"The information collected by log files include internet protocol (IP) addresses, browser type, Internet Service Provider (ISP), date and time stamp, and refeing/exit pages.",mbnoldhpnphahieoooiligcahajgiigo
0,These are not linked to any information that is personally identifiable.,mbnoldhpnphahieoooiligcahajgiigo
3,"The purpose of the information is for analyzing trends, administering the site, tracking users' movement on the website, and gathering demographic information.",mbnoldhpnphahieoooiligcahajgiigo
0,"Consent By using our website, you hereby consent to our Privacy Policy and agree to its terms.",mbnoldhpnphahieoooiligcahajgiigo
0,"Collect, organize and share knowledge with easePrivacy Policy Your privacy is important to us.",pmgpimfmdnepcijgmadgmgknabfeldfm
0,It is Qjus policy to respect your privacy regarding any information we may collect from you across our website http://qjub.,pmgpimfmdnepcijgmadgmgknabfeldfm
0,"app, browsers extensions, and other sites we run and operate.",pmgpimfmdnepcijgmadgmgknabfeldfm
0,Sites and services we operate:Qjub Qjub Actions - a browser extension for Chrome and Firefox1.,pmgpimfmdnepcijgmadgmgknabfeldfm
0,What information do we collect?,pmgpimfmdnepcijgmadgmgknabfeldfm
1,"Information you provide us directly We collect personal information when you are using and interacting with our sites (eg.signup, contacting us).",pmgpimfmdnepcijgmadgmgknabfeldfm
14,We may also collect any communications between you and Qjub and any other information you provide to Qjub.,pmgpimfmdnepcijgmadgmgknabfeldfm
4,Personal information we may collect:Email - we use it to contact you in case of need and to allow you to log in to our services.,pmgpimfmdnepcijgmadgmgknabfeldfm
17,NameInformation automatically collected We automatically collect data generated by servers when you interact with our sites.,pmgpimfmdnepcijgmadgmgknabfeldfm
0,This information does not reveal any specific information about you and can't be used to identify you.,pmgpimfmdnepcijgmadgmgknabfeldfm
15,"It may include device and usage information, such as your IP address, browser, and device characteristics, operating system, language preferences, refeing URLs, device name, country, location, information about how and when you use our sites, and other technical information.",pmgpimfmdnepcijgmadgmgknabfeldfm
0,Business data Business data refers to data that accumulates over the normal course of operation on our platform.,pmgpimfmdnepcijgmadgmgknabfeldfm
0,"This may include transaction records, stored files, user profiles, and created user content as users interact with our services.",pmgpimfmdnepcijgmadgmgknabfeldfm
0,"Please remember that Qjub may, but has no obligation to, monitor, record, and store user content to protect your safety or the safety of other users, to assist with regulatory or law enforcement efforts, or to protect and defend our rights and property.",pmgpimfmdnepcijgmadgmgknabfeldfm
0,How is your information used?,pmgpimfmdnepcijgmadgmgknabfeldfm
4,We use personal information only to provide our services to you or in order to contact you.,pmgpimfmdnepcijgmadgmgknabfeldfm
0,"We may use a combination of identifying and non-identifying personal information to understand who our visitors are, how they use our services, and how we may improve their experience of our website in the future.",pmgpimfmdnepcijgmadgmgknabfeldfm
0,Some data collecting (analytics of usage of our services and monitoring of performance) requires your consent before we will use them.,pmgpimfmdnepcijgmadgmgknabfeldfm
0,This consent can be later revoked via the button below this section.,pmgpimfmdnepcijgmadgmgknabfeldfm
19,"Usage of those is usually provided by 'cookies', see the next section for more information about them.",pmgpimfmdnepcijgmadgmgknabfeldfm
0,"Remove consent After clearing the consent, I suggest to refresh all open window or tabs with Qjub.",pmgpimfmdnepcijgmadgmgknabfeldfm
0,app to make sure everything is working properly.,pmgpimfmdnepcijgmadgmgknabfeldfm
19,A cookie is a small piece of information stored in your browser which can be sent to and read by us or third-party partners we use.,pmgpimfmdnepcijgmadgmgknabfeldfm
3,We use cookies for our forms integration and analytics purpose.,pmgpimfmdnepcijgmadgmgknabfeldfm
19,We use cookies for our forms integration and analytics purpose.,pmgpimfmdnepcijgmadgmgknabfeldfm
19,Cookies that are essential for the sites to work coectly are saved to the browser right away.,pmgpimfmdnepcijgmadgmgknabfeldfm
19,Non-essential cookies used for analysis are saved only after the user's consent.,pmgpimfmdnepcijgmadgmgknabfeldfm
6,If you wish to block all cookies you can disable them in your browser settings.,pmgpimfmdnepcijgmadgmgknabfeldfm
19,If you wish to block all cookies you can disable them in your browser settings.,pmgpimfmdnepcijgmadgmgknabfeldfm
0,"In such a case, we can't guarantee that our sites will be fully functional.",pmgpimfmdnepcijgmadgmgknabfeldfm
0,Processing and sharing of your data We may process or share your data:When we have your direct consent to do so.,pmgpimfmdnepcijgmadgmgknabfeldfm
0,When it is reasonably necessary to achieve our legitimate business interests and provide service to you.,pmgpimfmdnepcijgmadgmgknabfeldfm
0,When the law requires it.,pmgpimfmdnepcijgmadgmgknabfeldfm
0,"We may disclose your information where we are legally required to do so in order to comply with applicable law, governmental requests, a judicial proceeding, court order, or legal processes, such as in response to a court order or a subpoena (including in response to public authorities to meet national security or law enforcement requirements).",pmgpimfmdnepcijgmadgmgknabfeldfm
0,Third-pary service providers We share data with third-party service providers who perform services for us or on our behalf and require access to such information to do that work.,pmgpimfmdnepcijgmadgmgknabfeldfm
0,"Such services may include authentication, data storage, email delivery and marketing, data analysis.",pmgpimfmdnepcijgmadgmgknabfeldfm
0,Only the necessary data which those providers need to perform their work is shared with them.,pmgpimfmdnepcijgmadgmgknabfeldfm
3,We do not give them permission to disclose or use any of our data for any other purpose.,pmgpimfmdnepcijgmadgmgknabfeldfm
0,We only share data with those services: Google Firebase - see How Google uses data from sites using their services Sentry Static Kit Send Grid We do not otherwise share or supply personal information to third parties.,pmgpimfmdnepcijgmadgmgknabfeldfm
0,We do not sell or rent your personal information to marketers or third parties.,pmgpimfmdnepcijgmadgmgknabfeldfm
0,How and where the information is stored?,pmgpimfmdnepcijgmadgmgknabfeldfm
0,"The personal information we collect is stored and processed in the United States, or our partners, affiliates, and third-party providers maintain facilities.",pmgpimfmdnepcijgmadgmgknabfeldfm
0,We only transfer data within jurisdictions subject to data protection laws that reflect our commitment to protecting the privacy of our users.,pmgpimfmdnepcijgmadgmgknabfeldfm
0,"What data we store, well protect within commercially acceptable means to prevent loss and theft, as well as unauthorized access, disclosure, copying, use or modification.",pmgpimfmdnepcijgmadgmgknabfeldfm
0,How long is the information stored?,pmgpimfmdnepcijgmadgmgknabfeldfm
2,"We only retain collected information for as long as necessary to provide you with your requested service, unless a longer period is required or permitted by law (eg.taxes, accounting, and other legal requirements).",pmgpimfmdnepcijgmadgmgknabfeldfm
0,"When you delete your account on our sites we will delete or anonymize all your data, or, if it is not technically possible in some cases (eg.",pmgpimfmdnepcijgmadgmgknabfeldfm
0,"data stored in old backup files), then we will prevent misuses or disclosure of your data until their deletion can be processed.",pmgpimfmdnepcijgmadgmgknabfeldfm
0,What are your Privacy rights?,pmgpimfmdnepcijgmadgmgknabfeldfm
3,You have the right to be informed about how your data is collected and used.,pmgpimfmdnepcijgmadgmgknabfeldfm
5,You have the right to know which data we collect about you and how we process it.,pmgpimfmdnepcijgmadgmgknabfeldfm
6,You can update or delete your data in the account settings.,pmgpimfmdnepcijgmadgmgknabfeldfm
0,"If we are relying on your consent to process your personal information, you have the right to withdraw your consent at any time.",pmgpimfmdnepcijgmadgmgknabfeldfm
0,Please note however that this will not affect the lawfulness of the processing before its withdrawal.,pmgpimfmdnepcijgmadgmgknabfeldfm
0,"You are free to refuse our request for your personal information, with the understanding that we may be unable to provide you with some of your desired services.",pmgpimfmdnepcijgmadgmgknabfeldfm
0,Your continued use of our website will be regarded as acceptance of our practices around privacy and personal information.,pmgpimfmdnepcijgmadgmgknabfeldfm
4,"If you have any questions about how I handle user data and personal information, feel free to contact us.",pmgpimfmdnepcijgmadgmgknabfeldfm
0,Limits of our Privacy policy Our sites may link to external sites that are not operated by us.,pmgpimfmdnepcijgmadgmgknabfeldfm
0,"Please be aware that we have no control over the content and practices of these sites, and cannot accept responsibility or liability for their respective privacy policies.",pmgpimfmdnepcijgmadgmgknabfeldfm
0,Changes to Privacy policy We may update this privacy policy from time to time to reflect changes in our business and practices.,pmgpimfmdnepcijgmadgmgknabfeldfm
0,"If we make material changes to this privacy policy, we may notify you either by prominently posting a notice of such changes or by directly sending you a notification.",pmgpimfmdnepcijgmadgmgknabfeldfm
0,"If you continue to use some of our sites and services mentioned at the beginning of the document after any changes to this policy, it will be regarded as acceptance of our practices around privacy and personal information.",pmgpimfmdnepcijgmadgmgknabfeldfm
4,"How to contact us If you have any questions or comments about this policy or how we handle your data you may contact our Data Protection Officer (DPO), Tomas Pustelnik, by email at tomasqjub.",pmgpimfmdnepcijgmadgmgknabfeldfm
0,"app, or by post to: Qjub Tomas Pustelnik Kur 34 Brno 635 00 Czech republic This policy is effective as of 4 May 2020.",pmgpimfmdnepcijgmadgmgknabfeldfm
19,"app 2019, built by Tomas PustelnikPrivacy policy This site uses cookies.",pmgpimfmdnepcijgmadgmgknabfeldfm
0,Some of them are optional and help me to improve Qjub and make it a better product.,pmgpimfmdnepcijgmadgmgknabfeldfm
19,You can read more about used cookies and what data Qjub collects in Privacy Policy.,pmgpimfmdnepcijgmadgmgknabfeldfm
19,Please confirm whether you agree or disagree with optional cookies.,pmgpimfmdnepcijgmadgmgknabfeldfm
0,They won't be used without your consent.,pmgpimfmdnepcijgmadgmgknabfeldfm
0,"Please, make sure you read and fully understand the privacy policy of Cool Start Website, Extension and Other Applications under the brand (""Our Products"") before you start using it.",kbnleackbecacmdahkcbiohelhdkhmfm
0,Cool Start Products are created and distributed by NextAd Media Group.,kbnleackbecacmdahkcbiohelhdkhmfm
15,Our products collect the users' IP addresses with the sole purpose of geographic localization.,kbnleackbecacmdahkcbiohelhdkhmfm
15,The weather feature in our products use the IP to give you information of the weather in the particular location of the user.,kbnleackbecacmdahkcbiohelhdkhmfm
0,"The information is in no way disclosed, sold, or in any other way given to third parties.",kbnleackbecacmdahkcbiohelhdkhmfm
0,No other personal information is collected.,kbnleackbecacmdahkcbiohelhdkhmfm
0,The only piece of personal info we might ask for is your email address.,kbnleackbecacmdahkcbiohelhdkhmfm
0,"We are going to ask for it with regards to newsletters, offers, updates, latest news.",kbnleackbecacmdahkcbiohelhdkhmfm
0,If you wish to receive the aforementioned then you provide us your email address and we keep it safe in our accounts.,kbnleackbecacmdahkcbiohelhdkhmfm
0,If you do not wish to be involved in the aforementioned types of communication then you do not need to provide your email.,kbnleackbecacmdahkcbiohelhdkhmfm
4,By providing your email you explicitly agree to be contacted by us.,kbnleackbecacmdahkcbiohelhdkhmfm
0,Cool Start doesn't record your search queries.,kbnleackbecacmdahkcbiohelhdkhmfm
0,"When you search, your query is automatically stripped of unnecessary metadata including your IP address and other identifying information.",kbnleackbecacmdahkcbiohelhdkhmfm
0,"We send the anonymized search query to Google, Bing or Yahoo and return the search results to you.",kbnleackbecacmdahkcbiohelhdkhmfm
0,We dont log your searches.,kbnleackbecacmdahkcbiohelhdkhmfm
0,The extension uses YouTube API Services.,kbnleackbecacmdahkcbiohelhdkhmfm
0,"Please, refer to the Google Privacy Policy (https://policies.",kbnleackbecacmdahkcbiohelhdkhmfm
19,hl=en-US)Cool Start may use cookies on our Products.,kbnleackbecacmdahkcbiohelhdkhmfm
17,Cookies are small pieces of data that a website stores to a person's hard drive to record the activity of the user.,kbnleackbecacmdahkcbiohelhdkhmfm
19,Cookies are small pieces of data that a website stores to a person's hard drive to record the activity of the user.,kbnleackbecacmdahkcbiohelhdkhmfm
17,Based on historical data of the users activity our Products can offer you a more personalized user experience.,kbnleackbecacmdahkcbiohelhdkhmfm
3,"Cookies may be used to analyse Site usage, improve content, customize our Products content and layout and for other customer service purposes.",kbnleackbecacmdahkcbiohelhdkhmfm
19,"Cookies may be used to analyse Site usage, improve content, customize our Products content and layout and for other customer service purposes.",kbnleackbecacmdahkcbiohelhdkhmfm
0,Our cookies do not collect any personally identifiable information.,kbnleackbecacmdahkcbiohelhdkhmfm
19,"Cool Start may automatically receive and record certain non-personally identifiable information on its server logs from your browser, including your IP address, browser type, internet service provider (ISP), cookie information, and the webpage that a user visits.",kbnleackbecacmdahkcbiohelhdkhmfm
3,"Cool Start collects non-personally identifiable information for general purposes, including but not limited to analysing trends, administering our Products, tracking user movements, conducting research, and providing anonymous reporting to internal and external clients.",kbnleackbecacmdahkcbiohelhdkhmfm
0,"Cool Start will not link any Personal Information, including e-mail addresses, with aggregate data of its users.",kbnleackbecacmdahkcbiohelhdkhmfm
0,"Our Products do not rent, sell, or share any information about the user with any third-parties in any way.",kbnleackbecacmdahkcbiohelhdkhmfm
0,Cool Start may disclose your Personal Information if considered such action is necessary to: (a) comply with the law or legal process; (b) protect and defend the rights or property of Cool Start (including the enforcement of our agreements); or (c) act in urgent circumstances to protect the personal safety of users of the website or members of the public.,kbnleackbecacmdahkcbiohelhdkhmfm
0,Children privacy is very important and our Products are operated in complete compliance with the Children's Online Privacy Protection Act (COPPA).,kbnleackbecacmdahkcbiohelhdkhmfm
0,We do not ever knowingly gather or maintain information on our website of children we know are under 13.,kbnleackbecacmdahkcbiohelhdkhmfm
0,There is no part of our site that is directed at or structured to attract anyone under 13.,kbnleackbecacmdahkcbiohelhdkhmfm
0,Visitors younger than 13 years of age may NOT use the Cool Start website and must LEAVE immediately.,kbnleackbecacmdahkcbiohelhdkhmfm
0,"Cool Start takes the protection of your Personal Information very seriously and secures it from misuse, loss and unauthorized access.",kbnleackbecacmdahkcbiohelhdkhmfm
0,"We cannot guarantee that your information will not be attacked or tried to be stolen, all we can guarantee is that we have taken all necessary precautions to keep your information safe.",kbnleackbecacmdahkcbiohelhdkhmfm
0,Personal Information is protected by secured networks and access is limited to a few authorized employees and personnel.,kbnleackbecacmdahkcbiohelhdkhmfm
0,"However, no method of transmission over the Internet, or method of electronic storage, is 100  secure.",kbnleackbecacmdahkcbiohelhdkhmfm
0,"If Cool Start is acquired or merged with another company, the personal information that we have will be one of the assets transfeed.",kbnleackbecacmdahkcbiohelhdkhmfm
0,"If anything of the like happens, all visitors of the website will be notified by displaying a message with the necessary information.",kbnleackbecacmdahkcbiohelhdkhmfm
0,"From time to time, Cool Start may revise this Policy.",kbnleackbecacmdahkcbiohelhdkhmfm
0,"Cool Start will post the revised Policy of our Products, so please check the Policy section to stay tuned.",kbnleackbecacmdahkcbiohelhdkhmfm
0,"Privacy PolicyPrivacy PolicyPlease, make sure you read and fully understand the privacy policy of Cool Start Website, Extension and Other Applications under the brand (""Our Products"") before you start using it.",gpdgeiemaodpkfjbndkgdhhdldglapkc
0,Cool Start Products are created and distributed by NextAd Media Group.,gpdgeiemaodpkfjbndkgdhhdldglapkc
15,Our products collect the users' IP addresses with the sole purpose of geographic localization.,gpdgeiemaodpkfjbndkgdhhdldglapkc
15,The weather feature in our products use the IP to give you information of the weather in the particular location of the user.,gpdgeiemaodpkfjbndkgdhhdldglapkc
0,"The information is in no way disclosed, sold, or in any other way given to third parties.",gpdgeiemaodpkfjbndkgdhhdldglapkc
0,No other personal information is collected.,gpdgeiemaodpkfjbndkgdhhdldglapkc
0,The only piece of personal info we might ask for is your email address.,gpdgeiemaodpkfjbndkgdhhdldglapkc
0,"We are going to ask for it with regards to newsletters, offers, updates, latest news.",gpdgeiemaodpkfjbndkgdhhdldglapkc
0,If you wish to receive the aforementioned then you provide us your email address and we keep it safe in our accounts.,gpdgeiemaodpkfjbndkgdhhdldglapkc
0,If you do not wish to be involved in the aforementioned types of communication then you do not need to provide your email.,gpdgeiemaodpkfjbndkgdhhdldglapkc
4,By providing your email you explicitly agree to be contacted by us.,gpdgeiemaodpkfjbndkgdhhdldglapkc
0,Cool Start doesn't record your search queries.,gpdgeiemaodpkfjbndkgdhhdldglapkc
0,"When you search, your query is automatically stripped of unnecessary metadata including your IP address and other identifying information.",gpdgeiemaodpkfjbndkgdhhdldglapkc
0,"We send the anonymized search query to Google, Bing or Yahoo and return the search results to you.",gpdgeiemaodpkfjbndkgdhhdldglapkc
0,We dont log your searches.,gpdgeiemaodpkfjbndkgdhhdldglapkc
0,The extension uses YouTube API Services.,gpdgeiemaodpkfjbndkgdhhdldglapkc
0,"Please, refer to the Google Privacy Policy (https://policies.",gpdgeiemaodpkfjbndkgdhhdldglapkc
19,hl=en-US)Cool Start may use cookies on our Products.,gpdgeiemaodpkfjbndkgdhhdldglapkc
17,Cookies are small pieces of data that a website stores to a person's hard drive to record the activity of the user.,gpdgeiemaodpkfjbndkgdhhdldglapkc
19,Cookies are small pieces of data that a website stores to a person's hard drive to record the activity of the user.,gpdgeiemaodpkfjbndkgdhhdldglapkc
17,Based on historical data of the users activity our Products can offer you a more personalized user experience.,gpdgeiemaodpkfjbndkgdhhdldglapkc
3,"Cookies may be used to analyse Site usage, improve content, customize our Products content and layout and for other customer service purposes.",gpdgeiemaodpkfjbndkgdhhdldglapkc
19,"Cookies may be used to analyse Site usage, improve content, customize our Products content and layout and for other customer service purposes.",gpdgeiemaodpkfjbndkgdhhdldglapkc
0,Our cookies do not collect any personally identifiable information.,gpdgeiemaodpkfjbndkgdhhdldglapkc
19,"Cool Start may automatically receive and record certain non-personally identifiable information on its server logs from your browser, including your IP address, browser type, internet service provider (ISP), cookie information, and the webpage that a user visits.",gpdgeiemaodpkfjbndkgdhhdldglapkc
3,"Cool Start collects non-personally identifiable information for general purposes, including but not limited to analysing trends, administering our Products, tracking user movements, conducting research, and providing anonymous reporting to internal and external clients.",gpdgeiemaodpkfjbndkgdhhdldglapkc
0,"Cool Start will not link any Personal Information, including e-mail addresses, with aggregate data of its users.",gpdgeiemaodpkfjbndkgdhhdldglapkc
0,"Our Products do not rent, sell, or share any information about the user with any third-parties in any way.",gpdgeiemaodpkfjbndkgdhhdldglapkc
0,Cool Start may disclose your Personal Information if considered such action is necessary to: (a) comply with the law or legal process; (b) protect and defend the rights or property of Cool Start (including the enforcement of our agreements); or (c) act in urgent circumstances to protect the personal safety of users of the website or members of the public.,gpdgeiemaodpkfjbndkgdhhdldglapkc
0,Children privacy is very important and our Products are operated in complete compliance with the Children's Online Privacy Protection Act (COPPA).,gpdgeiemaodpkfjbndkgdhhdldglapkc
0,We do not ever knowingly gather or maintain information on our website of children we know are under 13.,gpdgeiemaodpkfjbndkgdhhdldglapkc
0,There is no part of our site that is directed at or structured to attract anyone under 13.,gpdgeiemaodpkfjbndkgdhhdldglapkc
0,Visitors younger than 13 years of age may NOT use the Cool Start website and must LEAVE immediately.,gpdgeiemaodpkfjbndkgdhhdldglapkc
0,"Cool Start takes the protection of your Personal Information very seriously and secures it from misuse, loss and unauthorized access.",gpdgeiemaodpkfjbndkgdhhdldglapkc
0,"We cannot guarantee that your information will not be attacked or tried to be stolen, all we can guarantee is that we have taken all necessary precautions to keep your information safe.",gpdgeiemaodpkfjbndkgdhhdldglapkc
0,Personal Information is protected by secured networks and access is limited to a few authorized employees and personnel.,gpdgeiemaodpkfjbndkgdhhdldglapkc
0,"However, no method of transmission over the Internet, or method of electronic storage, is 100  secure.",gpdgeiemaodpkfjbndkgdhhdldglapkc
0,"If Cool Start is acquired or merged with another company, the personal information that we have will be one of the assets transfeed.",gpdgeiemaodpkfjbndkgdhhdldglapkc
0,"If anything of the like happens, all visitors of the website will be notified by displaying a message with the necessary information.",gpdgeiemaodpkfjbndkgdhhdldglapkc
0,"From time to time, Cool Start may revise this Policy.",gpdgeiemaodpkfjbndkgdhhdldglapkc
0,"Cool Start will post the revised Policy of our Products, so please check the Policy section to stay tuned.",gpdgeiemaodpkfjbndkgdhhdldglapkc
0,Our website address is: http://supertabthemes.com.,lhfbmnpnkaobjfciabppfnmjfnalibgh
17,"What personal data we collect and why we collect it Comments When visitors leave comments on the site we collect the data shown in the comments form, and also the visitors IP address and browser user agent string to help spam detection.",lhfbmnpnkaobjfciabppfnmjfnalibgh
15,"What personal data we collect and why we collect it Comments When visitors leave comments on the site we collect the data shown in the comments form, and also the visitors IP address and browser user agent string to help spam detection.",lhfbmnpnkaobjfciabppfnmjfnalibgh
0,An anonymized string created from your email address (also called a hash) may be provided to the Gravatar service to see if you are using it.,lhfbmnpnkaobjfciabppfnmjfnalibgh
0,The Gravatar service privacy policy is available here: https://automattic.com/privacy/.,lhfbmnpnkaobjfciabppfnmjfnalibgh
0,"After approval of your comment, your profile picture is visible to the public in the context of your comment.",lhfbmnpnkaobjfciabppfnmjfnalibgh
15,"Media If you upload images to the website, you should avoid uploading images with embedded location data (EXIF GPS) included.",lhfbmnpnkaobjfciabppfnmjfnalibgh
15,"Visitors to the website can download and extract any location data from images on the website Cookies If you leave a comment on our site you may opt-in to saving your name, email address and website in cookies.",lhfbmnpnkaobjfciabppfnmjfnalibgh
19,"Visitors to the website can download and extract any location data from images on the website Cookies If you leave a comment on our site you may opt-in to saving your name, email address and website in cookies.",lhfbmnpnkaobjfciabppfnmjfnalibgh
0,These are for your convenience so that you do not have to fill in your details again when you leave another comment.,lhfbmnpnkaobjfciabppfnmjfnalibgh
19,These cookies will last for one year.,lhfbmnpnkaobjfciabppfnmjfnalibgh
19,"If you have an account and you log in to this site, we will set a temporary cookie to determine if your browser accepts cookies.",lhfbmnpnkaobjfciabppfnmjfnalibgh
19,This cookie contains no personal data and is discarded when you close your browser.,lhfbmnpnkaobjfciabppfnmjfnalibgh
19,"When you log in, we will also set up several cookies to save your login information and your screen display choices.",lhfbmnpnkaobjfciabppfnmjfnalibgh
19,"Login cookies last for two days, and screen options cookies last for a year.",lhfbmnpnkaobjfciabppfnmjfnalibgh
19,"If you log out of your account, the login cookies will be removed.",lhfbmnpnkaobjfciabppfnmjfnalibgh
19,"If you edit or publish an article, an additional cookie will be saved in your browser.",lhfbmnpnkaobjfciabppfnmjfnalibgh
19,This cookie includes no personal data and simply indicates the post ID of the article you just edited.,lhfbmnpnkaobjfciabppfnmjfnalibgh
0,It expires after 1 day.,lhfbmnpnkaobjfciabppfnmjfnalibgh
18,"Embedded content from other websites Articles on this site may include embedded content (e.g. videos, images, articles, etc.",lhfbmnpnkaobjfciabppfnmjfnalibgh
18,Embedded content from other websites behaves in the exact same way as if the visitor has visited the other website.,lhfbmnpnkaobjfciabppfnmjfnalibgh
18,"These websites may collect data about you, use cookies, embed additional third-party tracking, and monitor your interaction with that embedded content, including tracking your interaction with the embedded content if you have an account and are logged in to that website.",lhfbmnpnkaobjfciabppfnmjfnalibgh
19,"These websites may collect data about you, use cookies, embed additional third-party tracking, and monitor your interaction with that embedded content, including tracking your interaction with the embedded content if you have an account and are logged in to that website.",lhfbmnpnkaobjfciabppfnmjfnalibgh
19,AnalyticsWho we share your data with Google Adsense Infolinks MGIDOur site use cookies to provide you with relevant and interest based ads.,lhfbmnpnkaobjfciabppfnmjfnalibgh
0,We protect your privacy by GDPR and we are commited not to sell or share any personal information that you share with us.,lhfbmnpnkaobjfciabppfnmjfnalibgh
0,We share anonymous info with our partner advertisers sou you can have relevant ads on site.,lhfbmnpnkaobjfciabppfnmjfnalibgh
4,"If you have any info, please send us mail by visiting Contact page.",lhfbmnpnkaobjfciabppfnmjfnalibgh
2,"How long we retain your dataIf you leave a comment, the comment and its metadata are retained indefinitely.",lhfbmnpnkaobjfciabppfnmjfnalibgh
0,This is so we can recognize and approve any follow-up comments automatically instead of holding them in a moderation queue.,lhfbmnpnkaobjfciabppfnmjfnalibgh
0,"For users that register on our website (if any), we also store the personal information they provide in their user profile.",lhfbmnpnkaobjfciabppfnmjfnalibgh
0,"All users can see, edit, or delete their personal information at any time (except they cannot change their username).",lhfbmnpnkaobjfciabppfnmjfnalibgh
0,Website administrators can also see and edit that information.,lhfbmnpnkaobjfciabppfnmjfnalibgh
0,"What rights you have over your dataIf you have an account on this site, or have left comments, you can request to receive an exported file of the personal data we hold about you, including any data you have provided to us.",lhfbmnpnkaobjfciabppfnmjfnalibgh
6,You can also request that we erase any personal data we hold about you.,lhfbmnpnkaobjfciabppfnmjfnalibgh
3,"This does not include any data we are obliged to keep for administrative, legal, or security purposes.",lhfbmnpnkaobjfciabppfnmjfnalibgh
0,Where we send your data Visitor comments may be checked through an automated spam detection service.,lhfbmnpnkaobjfciabppfnmjfnalibgh
0,Privacy policy has been updated.,lhfbmnpnkaobjfciabppfnmjfnalibgh
0,Search for:Recent PostsHow to Get Neymar Jr Fortnite Skin?,lhfbmnpnkaobjfciabppfnmjfnalibgh
0,Get the best content delivered straight into your inbox!,lhfbmnpnkaobjfciabppfnmjfnalibgh
0,"Email address: Leave this field empty if you're human: Don't woy we don't spamDisclaimerOur themes and extensions are made for fun, by fans and for fans.",lhfbmnpnkaobjfciabppfnmjfnalibgh
0,We are not associate of any legal trademarks or persons.,lhfbmnpnkaobjfciabppfnmjfnalibgh
0,Controls For Do-Not-Track Features.,ilonjmcjjkcnhndjfkaoekocdfhedlfd
0,Do California Residents Have Specific Privacy Rights?,ilonjmcjjkcnhndjfkaoekocdfhedlfd
0,Do We Make Updates To This Notice?,ilonjmcjjkcnhndjfkaoekocdfhedlfd
4,How Can You Contact Us About This Notice?,ilonjmcjjkcnhndjfkaoekocdfhedlfd
0,"How Can You Review, Update, Or Delete The Data We Collect From You?",ilonjmcjjkcnhndjfkaoekocdfhedlfd
0,"32 KB  Raw Blame Open with DesktopView rawView blamePrivacy PolicyLast updated March 10, 2021Thank you for choosing to be part of our community at turnStyles (""Company"", ""we"", ""us"", ""our"").",ilonjmcjjkcnhndjfkaoekocdfhedlfd
0,We are committed to protecting your personal information and your right to privacy.,ilonjmcjjkcnhndjfkaoekocdfhedlfd
4,"If you have any questionsor concerns about this privacy notice, or our practices with regards to your personal information, pleasecontact us at pxcrisisgmail.com.",ilonjmcjjkcnhndjfkaoekocdfhedlfd
0,Please read this privacy notice carefully as it will help you understand what we do with the information that we collect.,ilonjmcjjkcnhndjfkaoekocdfhedlfd
0,turnStyles is a Chrome Extension that injects custom features into the website turntable.,ilonjmcjjkcnhndjfkaoekocdfhedlfd
0,"fm -as such, turnStyles collects no user information at this time.",ilonjmcjjkcnhndjfkaoekocdfhedlfd
0,Will Your Information Be Shared With Anyone?,ilonjmcjjkcnhndjfkaoekocdfhedlfd
0,turnStyles does not share it's non-existant data with anyone.,ilonjmcjjkcnhndjfkaoekocdfhedlfd
0,Is Your Information Transfeed Internationally?,ilonjmcjjkcnhndjfkaoekocdfhedlfd
0,turnStyles does not transfer it's non-existant data internationally.,ilonjmcjjkcnhndjfkaoekocdfhedlfd
0,How Long Do We Keep Your Information?,ilonjmcjjkcnhndjfkaoekocdfhedlfd
0,turnStyles does not keep any user information for any amount of time.,ilonjmcjjkcnhndjfkaoekocdfhedlfd
0,How Do We Keep Your Information Safe?,ilonjmcjjkcnhndjfkaoekocdfhedlfd
0,turnStyles keeps your information safe by not taking any of it.,ilonjmcjjkcnhndjfkaoekocdfhedlfd
0,Do We Collect Information From Minors?,ilonjmcjjkcnhndjfkaoekocdfhedlfd
0,"turnStyles does not collect any user information, minors or majors.",ilonjmcjjkcnhndjfkaoekocdfhedlfd
0,What Are Your Privacy Rights?,ilonjmcjjkcnhndjfkaoekocdfhedlfd
0,You (the user) reserve the right to not have your data taken by our chrome extension.,ilonjmcjjkcnhndjfkaoekocdfhedlfd
0,Controls For Do-Not-Track Features We highly encourage the use of Do-Not-Track features.,ilonjmcjjkcnhndjfkaoekocdfhedlfd
0,"As turnStyles does not track users,one could consider Do-Not-Track to be built into our service.",ilonjmcjjkcnhndjfkaoekocdfhedlfd
0,Do California Residents Have Specific Privacy Rights?,ilonjmcjjkcnhndjfkaoekocdfhedlfd
0,California Civil Code grants California residents additional rights to Privacy.,ilonjmcjjkcnhndjfkaoekocdfhedlfd
0,"Coincidentally, turnStyles does not store any user information, allowing for maximum privacy.",ilonjmcjjkcnhndjfkaoekocdfhedlfd
0,Do We Make Updates To This Notice?,ilonjmcjjkcnhndjfkaoekocdfhedlfd
4,How Can You Contact Us About This Notice?,ilonjmcjjkcnhndjfkaoekocdfhedlfd
4,"Contact pixelcrisis on github or other social media, or send an email to pxcrisisgmail.com12.",ilonjmcjjkcnhndjfkaoekocdfhedlfd
6,"How Can You Review, Update, Or Delete The Data We Collect From You?",ilonjmcjjkcnhndjfkaoekocdfhedlfd
4,"Send an email to pxcrisisgmail.com and request a copy of your user data, and we will email youa blank PDF within 5 business days.",ilonjmcjjkcnhndjfkaoekocdfhedlfd
6,"Based on the applicable laws of your country, you may have the right to request access to the personal information we collect from you, change that information, or delete it in some circumstances.",ilonjmcjjkcnhndjfkaoekocdfhedlfd
6,"To request to review, update, or delete your personal information, please submit a request form by clicking here.",ilonjmcjjkcnhndjfkaoekocdfhedlfd
0,We will respond to your request within 30 days.,ilonjmcjjkcnhndjfkaoekocdfhedlfd
4,You cant perform that action at this time.,ilonjmcjjkcnhndjfkaoekocdfhedlfd
0,You signed in with another tab or window.,ilonjmcjjkcnhndjfkaoekocdfhedlfd
0,Reload to refresh your session.,ilonjmcjjkcnhndjfkaoekocdfhedlfd
0,You signed out in another tab or window.,ilonjmcjjkcnhndjfkaoekocdfhedlfd
0,Reload to refresh your session.,ilonjmcjjkcnhndjfkaoekocdfhedlfd
0,privacy-policy/chrome-extensions.,kpehljmacelghfpbkoajiigcaijjdogf
4,Cannot retrieve contributors at this time Privacy Policy for Chrome Extensions Contact7 lines (4 sloc)350 Bytes  Raw Blame Open with DesktopView rawView blamePrivacy Policy for Chrome ExtensionsNo data or personal information is collected by my Chrome extensions.,kpehljmacelghfpbkoajiigcaijjdogf
4,"Contact If you have any questions or suggestions regarding this privacy policy, do not hesitate to contact me.",kpehljmacelghfpbkoajiigcaijjdogf
4,You cant perform that action at this time.,kpehljmacelghfpbkoajiigcaijjdogf
0,You signed in with another tab or window.,kpehljmacelghfpbkoajiigcaijjdogf
0,Reload to refresh your session.,kpehljmacelghfpbkoajiigcaijjdogf
0,You signed out in another tab or window.,kpehljmacelghfpbkoajiigcaijjdogf
0,Reload to refresh your session.,kpehljmacelghfpbkoajiigcaijjdogf
0,"This Privacy Policy governs the manner in which Free PDF Solutions collects, uses, maintains and discloses information collected from users (each, a ""User"") of the http://www.",eoepcngicinhehopblblpnihidpcllgk
0,"freepdfsolutions.com website (""Site"").",eoepcngicinhehopblblpnihidpcllgk
0,This privacy policy applies to the Site and all products and services offered by Free PDF Solutions.,eoepcngicinhehopblblpnihidpcllgk
17,"Personal identification information We may collect personal identification information from Users in a variety of ways in connection with activities, services, features or resources we make available on our Site.",eoepcngicinhehopblblpnihidpcllgk
1,"Personal identification information We may collect personal identification information from Users in a variety of ways in connection with activities, services, features or resources we make available on our Site.",eoepcngicinhehopblblpnihidpcllgk
8,We will collect personal identification information from Users only if they voluntarily submit such information to us.,eoepcngicinhehopblblpnihidpcllgk
17,"Users can always refuse to supply personally identification information, except that it may prevent them from engaging in certain Site related activities.",eoepcngicinhehopblblpnihidpcllgk
17,Non-personal identification information We may collect non-personal identification information about Users whenever they interact with our Site.,eoepcngicinhehopblblpnihidpcllgk
0,"Non-personal identification information may include the browser name, the type of computer and technical information about Users means of connection to our Site, such as the operating system and the Internet service providers utilized and other similar information.",eoepcngicinhehopblblpnihidpcllgk
19,"Web browser cookies Our Site may use ""cookies"" to enhance User experience.",eoepcngicinhehopblblpnihidpcllgk
3,User's web browser places cookies on their hard drive for record-keeping purposes and sometimes to track information about them.,eoepcngicinhehopblblpnihidpcllgk
19,User's web browser places cookies on their hard drive for record-keeping purposes and sometimes to track information about them.,eoepcngicinhehopblblpnihidpcllgk
19,"User may choose to set their web browser to refuse cookies, or to alert you when cookies are being sent.",eoepcngicinhehopblblpnihidpcllgk
0,"If they do so, note that some parts of the Site may not function properly.",eoepcngicinhehopblblpnihidpcllgk
3,How we use collected information Free PDF Solutions may collect and use Users personal information for the following purposes:- To personalize user experience We may use information in the aggregate to understand how our Users as a group use the services and resources provided on our Site.,eoepcngicinhehopblblpnihidpcllgk
0,"How we protect your information We adopt appropriate data collection, storage and processing practices and security measures to protect against unauthorized access, alteration, disclosure or destruction of your personal information, username, password, transaction information and data stored on our Site.",eoepcngicinhehopblblpnihidpcllgk
0,"Sharing your personal information We do not sell, trade, or rent Users personal identification information to others.",eoepcngicinhehopblblpnihidpcllgk
3,"We may share generic aggregated demographic information not linked to any personal identification information regarding visitors and users with our business partners, trusted affiliates and advertisers for the purposes outlined above.",eoepcngicinhehopblblpnihidpcllgk
0,Changes to this privacy policyFree PDF Solutions has the discretion to update this privacy policy at any time.,eoepcngicinhehopblblpnihidpcllgk
0,"When we do, we will post a notification on the main page of our Site.",eoepcngicinhehopblblpnihidpcllgk
0,We encourage Users to frequently check this page for any changes to stay informed about how we are helping to protect the personal information we collect.,eoepcngicinhehopblblpnihidpcllgk
0,You acknowledge and agree that it is your responsibility to review this privacy policy periodically and become aware of modifications.,eoepcngicinhehopblblpnihidpcllgk
0,"Your acceptance of these termsBy using this Site, you signify your acceptance of this policy.",eoepcngicinhehopblblpnihidpcllgk
0,"If you do not agree to this policy, please do not use our Site.",eoepcngicinhehopblblpnihidpcllgk
0,Your continued use of the Site following the posting of changes to this policy will be deemed your acceptance of those changes.,eoepcngicinhehopblblpnihidpcllgk
4,"Contacting us If you have any questions about this Privacy Policy, the practices of this site, or your dealings with this site, please contact us at: Free PDF Solutions http://www.",eoepcngicinhehopblblpnihidpcllgk
0,"This document was last updated on June 24, 2013Privacy policy created by http://www.",eoepcngicinhehopblblpnihidpcllgk
0,Internet Connection Monitor Privacy Policy for a Google Chrome extension for monitoring Internet connectivity located at https://chrome.google.com/webstore/detail/internet-connection-monit/hgccfdagfbilbdbkgmfdmmdfmjjoakfoOwner,hgccfdagfbilbdbkgmfdmmdfmjjoakfo
0,"NO DATA IS COLLECTED by the Owner including:Personal Data (such as name, email, phone, address) Usage Data (such as cookies, IP address, browsing history)Finger PrintsMode and place of processing the DataSince NO DATA BEING COLLECTED, it is not processed in any way and is not passed to any 3rd party ogranization or individual Definitions and legal references Personal Data (or Data) Any information that directly, indirectly, or in connection with other information including a personal identification number  allows for the identification or identifiability of a natural person.",hgccfdagfbilbdbkgmfdmmdfmjjoakfo
0,"Usage Data Information collected automatically through this Application (or third-party services employed in this Application), which can include: the IP addresses or domain names of the computers utilized by the Users who use this Application, the URI addresses (Uniform Resource Identifier), the time of the request, the method utilized to submit the request to the server, the size of the file received in response, the numerical code indicating the status of the server's answer (successful outcome, eor, etc.",hgccfdagfbilbdbkgmfdmmdfmjjoakfo
0,"), the country of origin, the features of the browser and the operating system utilized by the User, the various time details per visit (e.g., the time spent on each page within the Application) and the details about the path followed within the Application with special reference to the sequence of pages visited, and other parameters about the device operating system and/or the User's IT environment.",hgccfdagfbilbdbkgmfdmmdfmjjoakfo
0,"User The individual using this Application who, unless otherwise specified, coincides with the Data Subject.",hgccfdagfbilbdbkgmfdmmdfmjjoakfo
0,Data Subject The natural person to whom the Personal Data refers.,hgccfdagfbilbdbkgmfdmmdfmjjoakfo
0,"Data Processor (or Data Supervisor) The natural or legal person, public authority, agency or other body which processes Personal Data on behalf of the Controller, as described in this privacy policy.",hgccfdagfbilbdbkgmfdmmdfmjjoakfo
3,"Data Controller (or Owner)The natural or legal person, public authority, agency or other body which, alone or jointly with others, determines the purposes and means of the processing of Personal Data, including the security measures concerning the operation and use of this Application.",hgccfdagfbilbdbkgmfdmmdfmjjoakfo
0,"The Data Controller, unless otherwise specified, is the Owner of this Application.",hgccfdagfbilbdbkgmfdmmdfmjjoakfo
0,This Application The means by which the Personal Data of the User is collected and processed.,hgccfdagfbilbdbkgmfdmmdfmjjoakfo
0,Service The service provided by this Application as described in the relative terms (if available) and on this site/application.,hgccfdagfbilbdbkgmfdmmdfmjjoakfo
0,"European Union (or EU) Unless otherwise specified, all references made within this document to the European Union include all cuent member states to the European Union and the European Economic Area.",hgccfdagfbilbdbkgmfdmmdfmjjoakfo
0,"Legal information This privacy statement has been prepared based on provisions of multiple legislations, including Art.",hgccfdagfbilbdbkgmfdmmdfmjjoakfo
0,13/14 of Regulation (EU) 2016/679 (General Data Protection Regulation).,hgccfdagfbilbdbkgmfdmmdfmjjoakfo
0,"This privacy policy relates solely to this Application, if not stated otherwise within this document.",hgccfdagfbilbdbkgmfdmmdfmjjoakfo
0,GCNewTab - kakax8432Search this siteSkip to main contentSkip to navigationGCNewTabHomekakax8432GCNewTabHomekakax8432MoreHomekakax8432Privacy PolicyThanks for your using.,dnoiapcpcemhlojpodbjdkphjcnlngda
0,This privacy policy applies to all our browser expansions products.,dnoiapcpcemhlojpodbjdkphjcnlngda
0,"Our Product list:Cute New Tab, Wallpapers HDPUBG New Tab, Wallpapers HDArt New Tab, Customized Wallpapers HDComputer New Tab, Wallpapers HDDark New Tab, Wallpapers HDQuotes New Tab, Wallpapers HDThe information we gather or process is used solely for core functionality of our product and to improve the quality and security of our service.",dnoiapcpcemhlojpodbjdkphjcnlngda
0,Your information isnt and has never been sold to third parties.,dnoiapcpcemhlojpodbjdkphjcnlngda
1,Why we collect data.,dnoiapcpcemhlojpodbjdkphjcnlngda
3,"Help us constantly improve the quality of our existing products and services, in order to ensure that users are better able to use them.",dnoiapcpcemhlojpodbjdkphjcnlngda
0,We use the information we collect in existing databases to help us develop new ones.,dnoiapcpcemhlojpodbjdkphjcnlngda
0,We use information to help improve the safety and reliability of our products and services.,dnoiapcpcemhlojpodbjdkphjcnlngda
0,"This includes detecting, preventing, and responding to fraud, abuse, security risks, and technical issues that could harm our users, or the public.",dnoiapcpcemhlojpodbjdkphjcnlngda
0,Safeguard our legitimate interests.,dnoiapcpcemhlojpodbjdkphjcnlngda
3,"For example, we will collect and use your personal information for the purpose of advertising, sales and bonus.",dnoiapcpcemhlojpodbjdkphjcnlngda
0,Information we collect1.,dnoiapcpcemhlojpodbjdkphjcnlngda
0,Customer support by third-party account.,dnoiapcpcemhlojpodbjdkphjcnlngda
0,"The creation of an account is cuently not supported in our products and services, so you need to log in through a third-party account (Facebook/Google/QQ, etc.",dnoiapcpcemhlojpodbjdkphjcnlngda
0,)when you use our products and services.,dnoiapcpcemhlojpodbjdkphjcnlngda
0,"In order to maintain our database updates and provide you with better experience, we might collect the information you provide and the content from the third-party account, we will manage and use it legitimately.",dnoiapcpcemhlojpodbjdkphjcnlngda
0,"This includes: account and password, account information, login record, email address, IP address, and the other customer support by third-party account.",dnoiapcpcemhlojpodbjdkphjcnlngda
0,"Your apps, browsers & devices.",dnoiapcpcemhlojpodbjdkphjcnlngda
17,"We collect information about the apps, browsers, and devices you use to access our services and products, which helps us provide features like automatic product updates, optimization, etc.",dnoiapcpcemhlojpodbjdkphjcnlngda
3,"We collect information about the apps, browsers, and devices you use to access our services and products, which helps us provide features like automatic product updates, optimization, etc.",dnoiapcpcemhlojpodbjdkphjcnlngda
0,"This includes: browser type and settings, device type and settings, operating system, mobile network information, and products version number.",dnoiapcpcemhlojpodbjdkphjcnlngda
0,The activity data generated during the use of our products and services.,dnoiapcpcemhlojpodbjdkphjcnlngda
3,"By collecting and analyzing the activity data, we could know the usage better, in order to make the coesponding improvement measures.",dnoiapcpcemhlojpodbjdkphjcnlngda
0,"This includes: Custom settings, such as wallpapers, icons, etc.",dnoiapcpcemhlojpodbjdkphjcnlngda
0,"The textual content which is stored in local computer or the cloud, such as to-do list, notebook, etc.",dnoiapcpcemhlojpodbjdkphjcnlngda
0,"The interactive information during the use of our products and services, such as IP address, crash reports, system activity, the frequency of the use of websites and functions, your feedback and comments, etc.",dnoiapcpcemhlojpodbjdkphjcnlngda
0,"Collecting the contens of this entry is just for product optimization, we will not disclose it to any others unless your agreement.",dnoiapcpcemhlojpodbjdkphjcnlngda
3,Web browser cookiesYour web browser places cookies on their hard drive for record-keeping purposes and sometimes to track information about them.,dnoiapcpcemhlojpodbjdkphjcnlngda
19,Web browser cookiesYour web browser places cookies on their hard drive for record-keeping purposes and sometimes to track information about them.,dnoiapcpcemhlojpodbjdkphjcnlngda
19,"we may use ""cookies"" to enhance User Experience.",dnoiapcpcemhlojpodbjdkphjcnlngda
19,"These includes: session cookies, permanent cookies, third-party cookies, etc.",dnoiapcpcemhlojpodbjdkphjcnlngda
0,They help our website remember your preferences and settings when you visit again in the future.,dnoiapcpcemhlojpodbjdkphjcnlngda
0,"Therefore, they could enhance User Experience.",dnoiapcpcemhlojpodbjdkphjcnlngda
6,"In order to make these cookies come into effect, they are stored on your device, and they won't be deleted when the browser is closed.",dnoiapcpcemhlojpodbjdkphjcnlngda
19,"In order to make these cookies come into effect, they are stored on your device, and they won't be deleted when the browser is closed.",dnoiapcpcemhlojpodbjdkphjcnlngda
19,"Or you can choose to set your web browser to refuse cookies, or to alert you when cookies are being sent.",dnoiapcpcemhlojpodbjdkphjcnlngda
0,"Data accessible through Web Extensions API Web Extension APIs used within Chrome Extensions Add-ons have fine-grained permission levels that are enforced by the Web Browser, restricting information that our extension has access to within your Browser.",dnoiapcpcemhlojpodbjdkphjcnlngda
0,The extension can only access specific information that you have explicitly granted permission for.,dnoiapcpcemhlojpodbjdkphjcnlngda
0,We cannot and do not track your browsing history.,dnoiapcpcemhlojpodbjdkphjcnlngda
0,Additional optional permissions may be requested when you enable specific features.,dnoiapcpcemhlojpodbjdkphjcnlngda
0,"When you enable a feature that requests an optional permission, your Web Browser will make it clear what permission(s) are being requested.",dnoiapcpcemhlojpodbjdkphjcnlngda
0,The feature will be accessible once you choose to allow the requested permission(s).,dnoiapcpcemhlojpodbjdkphjcnlngda
15,Location Location could be sent to our weather provider API to determine your closest weather station.,dnoiapcpcemhlojpodbjdkphjcnlngda
0,Bookmarks and most visited websites Used only within the Extension to display a Bookmarks Bar.,dnoiapcpcemhlojpodbjdkphjcnlngda
0,This is not sent or stored elsewhere.,dnoiapcpcemhlojpodbjdkphjcnlngda
10,Privacy ComplaintsWe take users privacy concerns very seriously.,dnoiapcpcemhlojpodbjdkphjcnlngda
10,"If you believe that our product has not complied with this Privacy Policy in respect to your personal information, you may write to the ous at the following address or fill out a privacy complaint form: betterchromefoxmail.comIn your letter, please describe in as much detail as possible, the ways in which you believe that the Privacy Policy has not been followed.",dnoiapcpcemhlojpodbjdkphjcnlngda
10,We will investigate your complaint promptly.,dnoiapcpcemhlojpodbjdkphjcnlngda
0,Your privacy is of the utmost importance.,lpcccgcdjibejkgiaeijbmkpbnbkglkb
0,This extension does not send any data anywhere not even anonymously.,lpcccgcdjibejkgiaeijbmkpbnbkglkb
0,Collected data is stored exclusively locally using theinternal Web storage API provided by the browser.,lpcccgcdjibejkgiaeijbmkpbnbkglkb
0,reportYou need to enable JavaScript to run this app.,bfddnieakjjggiojaipihpfjnimkjaoh
0,report Discord notifications for Destiny 2 API database updatesA notifications-only Discord server for updates to the Destiny 2 definitions.,bfddnieakjjggiojaipihpfjnimkjaoh
0,Subscribe to cross post to your own server.,bfddnieakjjggiojaipihpfjnimkjaoh
0,Join Discord serverDefinitions have updated!,bfddnieakjjggiojaipihpfjnimkjaoh
0,"This commit does not belong to any branch on this repository, and may belong to a fork outside of the repository.",ckplfgniaofnlpelgjkmbeeilfbbnboi
4,Cannot retrieve contributors at this time Privacy Policy for WaveDrom Chrome ExtensionContact7 lines (4 sloc)350 Bytes  Raw Blame Open with DesktopView rawView blamePrivacy Policy for WaveDrom Chrome ExtensionNo data or personal information is collected by WaveDrom Chrome extension.,ckplfgniaofnlpelgjkmbeeilfbbnboi
4,"Contact If you have any questions or suggestions regarding this privacy policy, do not hesitate to contact us.",ckplfgniaofnlpelgjkmbeeilfbbnboi
4,You cant perform that action at this time.,ckplfgniaofnlpelgjkmbeeilfbbnboi
0,All your data is secured and encrypted: both at rest and in transit.,kdimfopclaeakpadknjkcaeijcicjaep
0,"This page informs you of our policies regarding the collection, use, and disclosure of personal data when you use our Service and the choices you have associated with that data.",kdimfopclaeakpadknjkcaeijcicjaep
0,We use your data to provide and improve the Service.,kdimfopclaeakpadknjkcaeijcicjaep
0,"By using the Service, you agree to the collection and use of information in accordance with this policy.",kdimfopclaeakpadknjkcaeijcicjaep
0,"Unless otherwise defined in this Privacy Policy, terms used in this Privacy Policy have the same meanings as in our Terms and Conditions, accessible from https://www.",kdimfopclaeakpadknjkcaeijcicjaep
0,freepdfsolutions.com Definitions Personal Data Personal Data means data about a living individual who can be identified from those data (or from those and other information either in our possession or likely to come into our possession).,kdimfopclaeakpadknjkcaeijcicjaep
17,"Usage Data Usage Data is data collected automatically either generated by the use of the Service or from the Service infrastructure itself (for example, the duration of a page visit).",kdimfopclaeakpadknjkcaeijcicjaep
19,Cookies Cookies are small pieces of data stored on a Users device.,kdimfopclaeakpadknjkcaeijcicjaep
3,"Data Controller Data Controller means a person who (either alone or jointly or in common with other persons) determines the purposes for which and the manner in which any personal data are, or are to be, processed.",kdimfopclaeakpadknjkcaeijcicjaep
3,"For the purpose of this Privacy Policy, we are a Data Controller of your data.",kdimfopclaeakpadknjkcaeijcicjaep
0,Data Processor (or Service Providers) Data Processor (or Service Provider) means any person (other than an employee of the Data Controller) who processes the data on behalf of the Data Controller.,kdimfopclaeakpadknjkcaeijcicjaep
0,We may use the services of various Service Providers in order to process your data more effectively.,kdimfopclaeakpadknjkcaeijcicjaep
0,Data Subject Data Subject is any living individual who is the subject of Personal Data.,kdimfopclaeakpadknjkcaeijcicjaep
0,User The User is the individual using our Service.,kdimfopclaeakpadknjkcaeijcicjaep
0,"The User coesponds to the Data Subject, who is the subject of Personal Data.",kdimfopclaeakpadknjkcaeijcicjaep
3,Information Collection And Use We collect several different types of information for various purposes to provide and improve our Service to you.,kdimfopclaeakpadknjkcaeijcicjaep
0,"Personally identifiable information may include, but is not limited to: Email address Cookies and Usage Data We will not use your Personal Data use for anything that is not absolutely necessary to provide the service.",kdimfopclaeakpadknjkcaeijcicjaep
0,We will never share your data with other companies.,kdimfopclaeakpadknjkcaeijcicjaep
19,"We never store your emails, files or any other documents Tracking & Cookies Data We use cookies and similar tracking technologies to track the activity on our Service and hold certain information.",kdimfopclaeakpadknjkcaeijcicjaep
19,Cookies are files with small amount of data which may include an anonymous unique identifier.,kdimfopclaeakpadknjkcaeijcicjaep
19,Cookies are sent to your browser from a website and stored on your device.,kdimfopclaeakpadknjkcaeijcicjaep
3,"Tracking technologies also used are beacons, tags, and scripts to collect and track information and to improve and analyze our Service.",kdimfopclaeakpadknjkcaeijcicjaep
19,You can instruct your browser to refuse all cookies or to indicate when a cookie is being sent.,kdimfopclaeakpadknjkcaeijcicjaep
0,"However, if you do not accept cookies, you may not be able to use some portions of our Service.",kdimfopclaeakpadknjkcaeijcicjaep
19,Examples of Cookies we use: Session Cookies.,kdimfopclaeakpadknjkcaeijcicjaep
19,We use Session Cookies to operate our Service.,kdimfopclaeakpadknjkcaeijcicjaep
19,We use Preference Cookies to remember your preferences and various settings.,kdimfopclaeakpadknjkcaeijcicjaep
3,We use Security Cookies for security purposes.,kdimfopclaeakpadknjkcaeijcicjaep
19,We use Security Cookies for security purposes.,kdimfopclaeakpadknjkcaeijcicjaep
3,"Use of Data We use the collected data for various purposes:To provide and maintain our Service To notify you about changes to our Service To allow you to participate in interactive features of our Service when you choose to do so To provide customer support To gather analysis or valuable information so that we can improve our Service To monitor the usage of our Service To detect, prevent and address technical issues The data will not be used for anything else (like to emails you about special offers and general information about other goods, services and events)Our employees of are not allowed to access your data without your explicit permission.",kdimfopclaeakpadknjkcaeijcicjaep
2,Retention of Data We will retain your Personal Data only for as long as is necessary for the purposes set out in this Privacy Policy.,kdimfopclaeakpadknjkcaeijcicjaep
3,Retention of Data We will retain your Personal Data only for as long as is necessary for the purposes set out in this Privacy Policy.,kdimfopclaeakpadknjkcaeijcicjaep
3,"We will retain and use your Personal Data to the extent necessary to comply with our legal obligations (for example, if we are required to retain your data to comply with applicable laws), resolve disputes, and enforce our legal agreements and policies.",kdimfopclaeakpadknjkcaeijcicjaep
3,We will also retain Usage Data for internal analysis purposes.,kdimfopclaeakpadknjkcaeijcicjaep
3,"Usage Data is generally retained for a shorter period of time, except when this data is used to strengthen the security or to improve the functionality of our Service, or we are legally obligated to retain this data for longer time periods.",kdimfopclaeakpadknjkcaeijcicjaep
0,"Transfer Of Data Your information, including Personal Data, may be transfeed to xe2x80x94 and maintained on xe2x80x94 computers located outside of your state, province, country or other governmental jurisdiction where the data protection laws may differ than those from your jurisdiction.",kdimfopclaeakpadknjkcaeijcicjaep
0,"If you are located outside United States and choose to provide information to us, please note that we transfer the data, including Personal Data, to United States and process it there.",kdimfopclaeakpadknjkcaeijcicjaep
0,Your consent to this Privacy Policy followed by your submission of such information represents your agreement to that transfer.,kdimfopclaeakpadknjkcaeijcicjaep
0,We will take all steps reasonably necessary to ensure that your data is treated securely and in accordance with this Privacy Policy and no transfer of your Personal Data will take place to an organization or a country unless there are adequate controls in place including the security of your data and other personal information.,kdimfopclaeakpadknjkcaeijcicjaep
0,"Disclosure Of Data Disclosure for Law Enforcement Under certain circumstances, We may be required to disclose your Personal Data if required to do so by law or in response to valid requests by public authorities (e.g. a court or a government agency).",kdimfopclaeakpadknjkcaeijcicjaep
0,"Legal Requirements We may disclose your Personal Data in the good faith belief that such action is necessary to:To comply with a legal obligation To protect and defend the rights or property of Ourselves To prevent or investigate possible wrongdoing in connection with the Service To protect the personal safety of users of the Service or the public To protect against legal liability Security Of Data The security of your data is important to us, but remember that no method of transmission over the Internet, or method of electronic storage is 100  secure.",kdimfopclaeakpadknjkcaeijcicjaep
0,The security of your data is our highest priority.,kdimfopclaeakpadknjkcaeijcicjaep
0,"freepdfsolutions.com is designed with multiple layers of protection, including secure data transfer, encryption, network configuration, and application- and user-level controls that are distributed across a scalable, secure infrastructure.",kdimfopclaeakpadknjkcaeijcicjaep
0,Data Storage freepdfsolutions.com is sync and replication service so no data is persistently stored on Our servers.,kdimfopclaeakpadknjkcaeijcicjaep
4,Please contact us if your data must be transfeed using only servers located in certain country.,kdimfopclaeakpadknjkcaeijcicjaep
2,Data Retention We will retain your information for as long as your account is active or as needed to provide you services.,kdimfopclaeakpadknjkcaeijcicjaep
6,"If you wish to cancel your account or request that we no longer use your information to provide you services, you may delete your account.",kdimfopclaeakpadknjkcaeijcicjaep
3,"We may retain and use your information as necessary to comply with our legal obligations, resolve disputes, and enforce our agreements.",kdimfopclaeakpadknjkcaeijcicjaep
6,"Consistent with these requirements, we will try to delete your information quickly upon request.",kdimfopclaeakpadknjkcaeijcicjaep
0,"Please note, however, that there might be latency in deleting information from our servers and backed-up versions might exist after deletion.",kdimfopclaeakpadknjkcaeijcicjaep
0,Do Not Track is a preference you can set in your web browser to inform websites that you do not want to be tracked.,kdimfopclaeakpadknjkcaeijcicjaep
0,You can enable or disable Do Not Track by visiting the Preferences or Settings page of your web browser.,kdimfopclaeakpadknjkcaeijcicjaep
6,"Your Rights We aims to take reasonable steps to allow you to coect, amend, delete, or limit the use of your Personal Data.",kdimfopclaeakpadknjkcaeijcicjaep
0,"Whenever made possible, you can update your Personal Data directly within your account settings section.",kdimfopclaeakpadknjkcaeijcicjaep
4,"If you are unable to change your Personal Data, please contact us to make the required changes.",kdimfopclaeakpadknjkcaeijcicjaep
4,If you wish to be informed what Personal Data we hold about you please contact us.,kdimfopclaeakpadknjkcaeijcicjaep
6,Your Personal Data will be deleted upon deletion of your freepdfsolutions.com account.,kdimfopclaeakpadknjkcaeijcicjaep
0,"Please note, however, that there might be latency in deleting information from our servers and backed-up versions might exist after deletion.",kdimfopclaeakpadknjkcaeijcicjaep
6,"In certain circumstances, you have the right:To access and receive a copy of the Personal Data we hold about you To rectify any Personal Data held about you that is inaccurate To request the deletion of Personal Data held about you You have the right to data portability for the information you provide to Us.",kdimfopclaeakpadknjkcaeijcicjaep
9,"In certain circumstances, you have the right:To access and receive a copy of the Personal Data we hold about you To rectify any Personal Data held about you that is inaccurate To request the deletion of Personal Data held about you You have the right to data portability for the information you provide to Us.",kdimfopclaeakpadknjkcaeijcicjaep
0,You can request to obtain a copy of your Personal Data in a commonly used electronic format so that you can manage and move it.,kdimfopclaeakpadknjkcaeijcicjaep
0,Please note that we may ask you to verify your identity before responding to such requests.,kdimfopclaeakpadknjkcaeijcicjaep
3,These third parties have access to your Personal Data only to perform these tasks on our behalf and are obligated not to disclose or use it for any other purpose.,kdimfopclaeakpadknjkcaeijcicjaep
0,Analytics We may use third-party Service Providers to monitor and analyze the use of our Service.,kdimfopclaeakpadknjkcaeijcicjaep
0,Google Analytics Google Analytics is a web analytics service offered by Google that tracks and reports website traffic.,kdimfopclaeakpadknjkcaeijcicjaep
0,Google uses the data collected to track and monitor the use of our Service.,kdimfopclaeakpadknjkcaeijcicjaep
0,This data is shared with other Google services.,kdimfopclaeakpadknjkcaeijcicjaep
0,Google may use the collected data to contextualize and personalize the ads of its own advertising network.,kdimfopclaeakpadknjkcaeijcicjaep
0,You can opt-out of having made your activity on the Service available to Google Analytics by installing the Google Analytics opt-out browser add-on.,kdimfopclaeakpadknjkcaeijcicjaep
0,The add-on prevents the Google Analytics JavaScript (ga.,kdimfopclaeakpadknjkcaeijcicjaep
0,js) from sharing information with Google Analytics about visits activity.,kdimfopclaeakpadknjkcaeijcicjaep
0,"For more information on the privacy practices of Google, please visit the Google Privacy & Terms web page: http://www.",kdimfopclaeakpadknjkcaeijcicjaep
12,google.com/intl/en/policies/privacy/ Payments We may provide paid products and/or services within the Service.,kdimfopclaeakpadknjkcaeijcicjaep
12,"In that case, we use third-party services for payment processing (e.g. payment processors).",kdimfopclaeakpadknjkcaeijcicjaep
0,We will not store or collect your payment card details.,kdimfopclaeakpadknjkcaeijcicjaep
12,That information is provided directly to our third-party payment processors whose use of your personal information is governed by their Privacy Policy.,kdimfopclaeakpadknjkcaeijcicjaep
12,"These payment processors adhere to the standards set by PCI-DSS as managed by the PCI Security Standards Council, which is a joint effort of brands like Visa, Mastercard, American Express and Discover.",kdimfopclaeakpadknjkcaeijcicjaep
12,PCI-DSS requirements help ensure the secure handling of payment information.,kdimfopclaeakpadknjkcaeijcicjaep
0,Links To Other Sites Our Service may contain links to other sites that are not operated by us.,kdimfopclaeakpadknjkcaeijcicjaep
0,We strongly advise you to review the Privacy Policy of every site you visit.,kdimfopclaeakpadknjkcaeijcicjaep
0,"We have no control over and assume no responsibility for the content, privacy policies or practices of any third party sites or services.",kdimfopclaeakpadknjkcaeijcicjaep
0,EU GDPR compliance What is the GDPR?,kdimfopclaeakpadknjkcaeijcicjaep
0,The GDPR is a European Union regulation that establishes a new framework for handling and protecting the personal data of EU-based residents.,kdimfopclaeakpadknjkcaeijcicjaep
0,"It comes into effect on May 25, 2018.",kdimfopclaeakpadknjkcaeijcicjaep
0,Personal data plays a huge part in society and the economy.,kdimfopclaeakpadknjkcaeijcicjaep
0,"It is essential that people have and know they have control and clarity over how their data is used and protected by any organization they interact with, and that organizations are given clear guidelines to protect their personal data.",kdimfopclaeakpadknjkcaeijcicjaep
0,One of the aims of the GDPR is to harmonize and bring data privacy laws across Europe up to speed with the rapid technological change in the past two decades.,kdimfopclaeakpadknjkcaeijcicjaep
0,"It builds upon the cuent legal framework in the European Union, including the EU Data Protection Directive in existence since 1995.",kdimfopclaeakpadknjkcaeijcicjaep
0,GDPR: How do We comply with the GDPR?,kdimfopclaeakpadknjkcaeijcicjaep
0,The GDPR is consistent with how we think and operate.,kdimfopclaeakpadknjkcaeijcicjaep
0,Our security and privacy policy was already much stronger then any GDPR requirements.,kdimfopclaeakpadknjkcaeijcicjaep
0,We already meet the requirements of the GDPR.,kdimfopclaeakpadknjkcaeijcicjaep
0,GDPR places an increased focus on documenting decisions and practices affecting personal data: and we consider protecting and locking your personal data very importat.,kdimfopclaeakpadknjkcaeijcicjaep
0,"No personal data will even be used, moved, or transfeed outside very strict requirements to provide the Service.",kdimfopclaeakpadknjkcaeijcicjaep
0,However you should also be working to assess your readiness for the GDPR well in advance of 25 May 2018 which is GDPR enforcement day.,kdimfopclaeakpadknjkcaeijcicjaep
0,Trust is the foundation of our relationship with our customers.,kdimfopclaeakpadknjkcaeijcicjaep
0,We value the confidence youve put in us and take the responsibility of protecting your information seriously.,kdimfopclaeakpadknjkcaeijcicjaep
0,We place the utmost importance on data protection and we have a track record of staying ahead of the compliance curve.,kdimfopclaeakpadknjkcaeijcicjaep
0,Our team have carefully analyzed the GDPR and already undertakook the necessary steps to ensure that we comply.,kdimfopclaeakpadknjkcaeijcicjaep
0,We include strong contractual commitments in its agreements with our business customers.,kdimfopclaeakpadknjkcaeijcicjaep
0,Our business customer agreements incorporate the EU model contract clauses and we are certified under the EU-U.S. Privacy Shield Framework.,kdimfopclaeakpadknjkcaeijcicjaep
0,"This means there are additional legal protections and external monitoring regarding the collection, use, and retention of personal data transfeed from the European Union to the United States.",kdimfopclaeakpadknjkcaeijcicjaep
0,We do not knowingly collect personally identifiable information from anyone under the age of 13.,kdimfopclaeakpadknjkcaeijcicjaep
4,"If you are a parent or guardian and you are aware that your Children has provided us with Personal Data, please contact us.",kdimfopclaeakpadknjkcaeijcicjaep
6,"If we become aware that we have collected Personal Data from children without verification of parental consent, we take steps to remove that information from our servers.",kdimfopclaeakpadknjkcaeijcicjaep
0,Changes to our Privacy Policy This Privacy Policy may change from time to time.,kdimfopclaeakpadknjkcaeijcicjaep
0,"If we make a change to this privacy policy that we believe materially reduces your rights, we will provide you with notice (for example, by email).",kdimfopclaeakpadknjkcaeijcicjaep
0,And we may provide notice of changes in other circumstances as well.,kdimfopclaeakpadknjkcaeijcicjaep
0,"By continuing to use the Service after those changes become effective, you agree to be bound by the revised Privacy Policy.",kdimfopclaeakpadknjkcaeijcicjaep
0,"Model Contract Clauses for Business Users In addition to providing full GDPR compliances, We offera data-processing amendment and model contract clauses as an additional means of meeting the adequacy and security requirements of the European Parliament and Council of the European Union Data Protection Directive.",kdimfopclaeakpadknjkcaeijcicjaep
0,This agreement can be accepted and reviewed after purchasing freepdfsolutions.com Business Plan on your account page.,kdimfopclaeakpadknjkcaeijcicjaep
0,"To review and accept this amendment, you must be signed as admin of freepdfsolutions.com domain.",kdimfopclaeakpadknjkcaeijcicjaep
4,"The amendment agreement is: here Contacting Us If you have any questions about our Privacy Policy or you want hear more how we secure your data, please contact us at supportfreepdfsolutions.com.",kdimfopclaeakpadknjkcaeijcicjaep
0,This privacy notice applies solely to information collected by this extension.,glnfmhpocmmifjlbeddfbbkdccakaopp
0,It will notify you of the following:1.,glnfmhpocmmifjlbeddfbbkdccakaopp
0,"What personally identifiable information is collected from you through the website, how it is used and with whom it may be shared.",glnfmhpocmmifjlbeddfbbkdccakaopp
0,What choices are available to you regarding the use of your data.,glnfmhpocmmifjlbeddfbbkdccakaopp
0,The security procedures in place to protect the misuse of your information.,glnfmhpocmmifjlbeddfbbkdccakaopp
0,How you can correct any inaccuracies in the information.,glnfmhpocmmifjlbeddfbbkdccakaopp
0,"Information Collection, Use, and SharingWe are the sole owners of the information collected on this site.",glnfmhpocmmifjlbeddfbbkdccakaopp
1,We only have access to/collect information that you voluntarily give us via email or other direct contact from you.,glnfmhpocmmifjlbeddfbbkdccakaopp
0,We will not sell or rent this information to anyone.,glnfmhpocmmifjlbeddfbbkdccakaopp
4,"We will use your information to respond to you, regarding the reason you contacted us.",glnfmhpocmmifjlbeddfbbkdccakaopp
0,"We will not share your information with any third party outside of our organization, other than as necessaryto fulfill your request, e.g. to ship an order.",glnfmhpocmmifjlbeddfbbkdccakaopp
4,"Unless you ask us not to, we may contact you via email in thefuture to tell you about specials, new products or services, or changes to this privacy policy.",glnfmhpocmmifjlbeddfbbkdccakaopp
4,Your Access to and Control Over InformationYou may opt out of any future contacts from us at any time.,glnfmhpocmmifjlbeddfbbkdccakaopp
1,"You can do the following at any time by contactingus via the email address or phone number given on our website:See what data we have about you, if any.",glnfmhpocmmifjlbeddfbbkdccakaopp
4,"You can do the following at any time by contactingus via the email address or phone number given on our website:See what data we have about you, if any.",glnfmhpocmmifjlbeddfbbkdccakaopp
0,Change/coect any data we have about you.,glnfmhpocmmifjlbeddfbbkdccakaopp
6,Have us delete any data we have about you.,glnfmhpocmmifjlbeddfbbkdccakaopp
0,Express any concern you have about our use of your data.,glnfmhpocmmifjlbeddfbbkdccakaopp
0,SecurityWe take precautions to protect your information.,glnfmhpocmmifjlbeddfbbkdccakaopp
0,"When you submit sensitive information via the website, yourinformation is protected both online and offline.",glnfmhpocmmifjlbeddfbbkdccakaopp
20,"Wherever we collect sensitive information (such as creditcard data), that information is encrypted and transmitted to us in a secure way.",glnfmhpocmmifjlbeddfbbkdccakaopp
0,"You can verify this by lookingfor a lock icon in the address bar and looking for ""https"" at the beginning of the address of the Web page.",glnfmhpocmmifjlbeddfbbkdccakaopp
0,"While we use encryption to protect sensitive information transmitted online, we also protect your informationoffline.",glnfmhpocmmifjlbeddfbbkdccakaopp
0,"Only employees who need the information to perform a specific job (for example, billing or customerservice) are granted access to personally identifiable information.",glnfmhpocmmifjlbeddfbbkdccakaopp
0,The computers/servers in which we storepersonally identifiable information are kept in a secure environment.,glnfmhpocmmifjlbeddfbbkdccakaopp
19,"CookiesWe use ""cookies"" on this site.",glnfmhpocmmifjlbeddfbbkdccakaopp
19,A cookie is a piece of data stored on a site visitor's hard drive to help usimprove your access to our site and identify repeat visitors to our site.,glnfmhpocmmifjlbeddfbbkdccakaopp
0,"For instance, when we use a cookie to identify you, you would not have to log in a password more than once, thereby saving time while on our site.",glnfmhpocmmifjlbeddfbbkdccakaopp
19,Cookies can also enable us to track and target the interests of our users to enhance the experience on our site.,glnfmhpocmmifjlbeddfbbkdccakaopp
19,Usage of a cookie is in no way linked to any personally identifiable information on our site.,glnfmhpocmmifjlbeddfbbkdccakaopp
19,"Some of our businesspartners may use cookies on our site (for example, advertisers).",glnfmhpocmmifjlbeddfbbkdccakaopp
19,"However, we have no access to or control overthese cookies.",glnfmhpocmmifjlbeddfbbkdccakaopp
0,SharingWe share aggregated demographic information with our partners and advertisers.,glnfmhpocmmifjlbeddfbbkdccakaopp
0,This is not linked to anypersonal information that can identify any individual person.,glnfmhpocmmifjlbeddfbbkdccakaopp
0,LinksThis website contains links to other sites.,glnfmhpocmmifjlbeddfbbkdccakaopp
0,Please be aware that we are not responsible for the content orprivacy practices of such other sites.,glnfmhpocmmifjlbeddfbbkdccakaopp
0,We encourage our users to be aware when they leave our site and to read the privacy statements of any other site that collects personally identifiable information.,glnfmhpocmmifjlbeddfbbkdccakaopp
0,"DarqirItemBankA ""Spigot"" plugin developed in Java to modify your Minecraft server by adding an economy based on the game's items.",clachiacgmnmbijdpdabhghhdpgobgel
0,"It adds signs, and on click feature.",clachiacgmnmbijdpdabhghhdpgobgel
0,ReadRiot-ObserverRiot-Observer is a light wrapper of the Riot Games API for League of Legends.,clachiacgmnmbijdpdabhghhdpgobgel
0,"With the release of the v3 endpoints and the API Versioning and deprecation policy, major part of old methods are deprecated from 7/24/17.",clachiacgmnmbijdpdabhghhdpgobgel
0,Based on the pseudonym117's work RiotWatcher.,clachiacgmnmbijdpdabhghhdpgobgel
0,ReadC.A.T.S BotIt is mainly a prototype of image recognition.,clachiacgmnmbijdpdabhghhdpgobgel
0,It uses OCR (Optical Character Recognition) and image recognition to make decisions and play automatically to the mobile game C.A.T.S.,clachiacgmnmbijdpdabhghhdpgobgel
0,"rSublime Patcher A tool that allows you to register all the latest builds of Sublime Text 3, on any platform.",clachiacgmnmbijdpdabhghhdpgobgel
0,"ReadKMS-FITTERA tiny script who can activate Windows 8, Windows 8.",clachiacgmnmbijdpdabhghhdpgobgel
0,"When you use our services, youre trusting us with your information.",ednjeagpiaeamiibbfahebjjckajnkdf
0,We understand that this is a big responsibility and we work hard to protect your information and put you in control.,ednjeagpiaeamiibbfahebjjckajnkdf
0,This policy describes how we collect and use your personal data during yourvisit to our website or using our browser extensions.,ednjeagpiaeamiibbfahebjjckajnkdf
0,Please read the following carefully to understand our views and practices regarding your personal data and how we will treat it.,ednjeagpiaeamiibbfahebjjckajnkdf
0,We may update this policy at any time.,ednjeagpiaeamiibbfahebjjckajnkdf
0,Personal InformationWe do not collect personal information.,ednjeagpiaeamiibbfahebjjckajnkdf
15,"Our server collects statistical data as every server - IP, OS type, Browser type, language etc.",ednjeagpiaeamiibbfahebjjckajnkdf
3,We use the server statistics only for statistical purposes.,ednjeagpiaeamiibbfahebjjckajnkdf
17,"Log FilesAs with most other websites, we collect and use the data contained in log files.",ednjeagpiaeamiibbfahebjjckajnkdf
0,"The information in the log files include your IP (internet protocol) address, your ISP (internet service provider), the browser you used to visit our site (such as Microsoft Edge or Google Chrome), the time you visited our site and which pages you visited throughout our site.",ednjeagpiaeamiibbfahebjjckajnkdf
0,We use data for analytics and measurement to understand how our services are used.,ednjeagpiaeamiibbfahebjjckajnkdf
0,Your activity We collect information about your activity in our services.,ednjeagpiaeamiibbfahebjjckajnkdf
0,The activity information that we collect may include Terms that you search for.,ednjeagpiaeamiibbfahebjjckajnkdf
15,Sharing your data with third parties Our extensions can use openWeather API to provide you a cuent weather data for your location.,ednjeagpiaeamiibbfahebjjckajnkdf
0,"We don't collect information about your location, but OpenWeather Ltd Group will have access to your GPS coordinates if you will use weather functionality.",ednjeagpiaeamiibbfahebjjckajnkdf
0,You can check OpenWeather Ltd Group Privacy Policy on the open weather.,ednjeagpiaeamiibbfahebjjckajnkdf
0,"If you not accept OpenWeather Ltd Group Privacy Policy, you have an option not to use Weather functionality in our products: weather widget can be disabled by coesponding icon.",ednjeagpiaeamiibbfahebjjckajnkdf
0,We provide collected information to our affiliates and other trusted businesses or persons to process itfor us.,ednjeagpiaeamiibbfahebjjckajnkdf
0,We may employ professional services from companies and individuals to help us operate our services.,ednjeagpiaeamiibbfahebjjckajnkdf
0,All professional service providers are required to take appropriate security measures to protect your data in line with our policies.,ednjeagpiaeamiibbfahebjjckajnkdf
3,We do not allow them to use your data for their own purposes.,ednjeagpiaeamiibbfahebjjckajnkdf
3,We permit them to process your data only for specified purposes and in accordance with our instructions.,ednjeagpiaeamiibbfahebjjckajnkdf
0,We may employ third-party partners to monetize our services.,ednjeagpiaeamiibbfahebjjckajnkdf
0,Search service providersSome of the web search services provided herein are provided by CodeFuel and powered by CodeFuels search partners.,ednjeagpiaeamiibbfahebjjckajnkdf
0,"For information on the web search services data collection, please visit http://www.codefuel.com/legal/end_user_privacy_policy, and the search provider's privacy policy, as applicable, both as updated from time to time and at any successor locations.",ednjeagpiaeamiibbfahebjjckajnkdf
19,"CookiesYou can set your browser to refuse all or some browser cookies, or to alert you when websites set or access cookies.",ednjeagpiaeamiibbfahebjjckajnkdf
0,"If you disable or refuse cookies, please note that some parts of this website may become inaccessible or not function properly.",ednjeagpiaeamiibbfahebjjckajnkdf
0,Data transfers We maintain servers around the world and your information may be processed on servers located outside of the country where you live.,ednjeagpiaeamiibbfahebjjckajnkdf
0,"Changes to this policy Although changes are likely to be minor, we may change our Privacy Policy from time to time in our sole discretion.",ednjeagpiaeamiibbfahebjjckajnkdf
0,We encourage you to check this page for any changes to our Privacy Policy.,ednjeagpiaeamiibbfahebjjckajnkdf
4,"Gallery provides this Privacy Policy to inform users who download a Browser Extension from our websites, www.",ppadkhfdpadbcfipgfmmhabgbfoclcbp
0,"newtabgallery.com and the various extension galleries and web-stores, (the Sites), about the limited use and disclosure of information generated by the Extension.",ppadkhfdpadbcfipgfmmhabgbfoclcbp
0,The Extension may include links or otherwise allow you to access and perhaps submit information to third-party applications or sites.,ppadkhfdpadbcfipgfmmhabgbfoclcbp
0,This Privacy Policy applies to the Extension only.,ppadkhfdpadbcfipgfmmhabgbfoclcbp
0,"Any information you submit to linked sites or other applications that may be accessible from the Extension will be subject to the privacy policies of those sites or applications, if any.",ppadkhfdpadbcfipgfmmhabgbfoclcbp
0,"You are not required to register with us to download a Extension, and may do so anonymously.",ppadkhfdpadbcfipgfmmhabgbfoclcbp
0,"No Spyware, No AdwareThe Extension does not collect any personal information about you (such as your name, email address, etc.",ppadkhfdpadbcfipgfmmhabgbfoclcbp
0,"Further, it does not collect or report back to us (or anyone else) any data regarding your computer keystrokes or other data unrelated to the services the Extension provides.",ppadkhfdpadbcfipgfmmhabgbfoclcbp
0,Anonymous Extension Usage Statistics.,ppadkhfdpadbcfipgfmmhabgbfoclcbp
0,"In order to continue to provide the high-quality Extensions to you and to other Users, we do need certain statistics about how our Extensions are used.",ppadkhfdpadbcfipgfmmhabgbfoclcbp
0,"To facilitate this, the Extension includes one or more unique application numbers that are not associated with you or your NewTabGallery account (if you have chosen to register with us).",ppadkhfdpadbcfipgfmmhabgbfoclcbp
4,"These numbers are sent to us when you install or uninstall the Extension and when the Extension periodically contacts our servers, for example, to request automatic updates or to provide us with usage statistics about that Extension, such as whether it is active, default settings and total usage of other features of the Extension, including links to third-party applications or sites (Usage Statistics).",ppadkhfdpadbcfipgfmmhabgbfoclcbp
0,All Usage Statistics are recorded on a non-personally identifiable basis and is kept strictly anonymous.,ppadkhfdpadbcfipgfmmhabgbfoclcbp
0,We do not use the Service to knowingly solicit data from or market to children under the age of 13.,ppadkhfdpadbcfipgfmmhabgbfoclcbp
4,"If a parent or guardian becomes aware that his or her child has provided us with personally identifiable information without their consent, he or she should contact us at infobrandthunder.com.",ppadkhfdpadbcfipgfmmhabgbfoclcbp
6,We will delete such information from our files.,ppadkhfdpadbcfipgfmmhabgbfoclcbp
0,Our website and browser extensions are unofficial.,ppadkhfdpadbcfipgfmmhabgbfoclcbp
0,We are not affiliated with or sponsored by the entity whose materials are represented in the extensions.,ppadkhfdpadbcfipgfmmhabgbfoclcbp
0,"By downloading, installing and/or using our extensions, you acknowledge that our website and browser extensions are not affiliated with or sponsored by the entity whose materials are represented in the extensions.",ppadkhfdpadbcfipgfmmhabgbfoclcbp
4,"If you have any questions or concerns about this Privacy Policy or its implementation, or if you believe there are inaccuracies in your account information you may contact us as follows:New Tab Group, LLCPO BOX 121Columbus, Ohio 43002Email: infonewtabgallery.comLast Updated: DECEMBER 2018Find UsAddressChrome New TabHours24x7x365About This SiteWe have been creating browser extensions for 10 years.",ppadkhfdpadbcfipgfmmhabgbfoclcbp
0,we love making your browsing experience more enjoyable!,ppadkhfdpadbcfipgfmmhabgbfoclcbp
0,"World develops different kinds of software, such as desktop applications and browser extensions (addons).",ihdoljplikdgegdooeohfmgaaabcbmpn
0,Each of the projects might have its own privacy policy.,ihdoljplikdgegdooeohfmgaaabcbmpn
0,Enter your email to receive our newsletter.,lfhljbchigfjnbejfgecfcpbpjigedpa
4,"Zillak Games If you require any more information or have any questions about our privacy policy, please feel free to contact us by email at zillakgamesgmail.comAt Zillak Games we consider the privacy of our visitors to be extremely important.",nmiopjglkeaphfkmofoimdhndcclkhpc
0,This privacy policy document describes in detail the types of personal information iscollected and recorded by Zillak Games and how we use it.,nmiopjglkeaphfkmofoimdhndcclkhpc
0,"Log Files Like many other Web sites, Zillak Games makes use of log files.",nmiopjglkeaphfkmofoimdhndcclkhpc
0,These files merely logs visitors to the site usually a standard procedure for hostingcompanies and a part of hosting servicess analytics.,nmiopjglkeaphfkmofoimdhndcclkhpc
0,"The information inside the log files includes internet protocol (IP) addresses, browser type,Internet Service Provider (ISP), date/time stamp, refeing/exit pages, and possibly the number of clicks.",nmiopjglkeaphfkmofoimdhndcclkhpc
0,"This information is used to analyze trends,administer the site, track users movement around the site, and gather demographic information.",nmiopjglkeaphfkmofoimdhndcclkhpc
0,"IP addresses, and other such information are not linked toany information that is personally identifiable.",nmiopjglkeaphfkmofoimdhndcclkhpc
19,"Cookies and Web BeaconsZillak Games uses cookies to store information about visitors preferences, to record user-specific information on which pages the site visitor accesses or visits,and to personalize or customize our web page content based upon visitors browser type or other information that the visitor sends via their browser.",nmiopjglkeaphfkmofoimdhndcclkhpc
19,"DoubleClick DART Cookie Google, as a third party vendor, uses cookies to serve ads on Zillak Games.",nmiopjglkeaphfkmofoimdhndcclkhpc
19, Googles use of the DART cookie enables it to serve ads to our sites visitors based upon their visit to Zillak Games and other sites on the Internet.,nmiopjglkeaphfkmofoimdhndcclkhpc
19, Users may opt out of the use of the DART cookie by visiting the Google ad and content network privacy policy at the following URL xe2x80x93 http://www.,nmiopjglkeaphfkmofoimdhndcclkhpc
0,google.com/privacy_ads.,nmiopjglkeaphfkmofoimdhndcclkhpc
19,html Our Advertising Partners Some of our advertising partners may use cookies and web beacons on our site.,nmiopjglkeaphfkmofoimdhndcclkhpc
0,Our advertising partners include.,nmiopjglkeaphfkmofoimdhndcclkhpc
0,"Google While each of these advertising partners has their own Privacy Policy for their site, an updated and hyperlinked resource is maintained here: Privacy Policies.",nmiopjglkeaphfkmofoimdhndcclkhpc
0,You may consult this listing to find the privacy policy for each of the advertising partners of Zillak Games.,nmiopjglkeaphfkmofoimdhndcclkhpc
0,These third-party ad servers or ad networks use technology in their respective advertisements and links that appear on Zillak Games and which are sent directly to your browser.,nmiopjglkeaphfkmofoimdhndcclkhpc
0,They automatically receive your IP address whenthis occurs.,nmiopjglkeaphfkmofoimdhndcclkhpc
19,"Other technologies (such as cookies, JavaScript, or Web Beacons) may also be used by our sites third-party ad networks to measure the effectiveness oftheir advertising campaigns and/or to personalize the advertising content that you see on the site.",nmiopjglkeaphfkmofoimdhndcclkhpc
19,Zillak Games has no access to or control over these cookies that areused by third-party advertisers.,nmiopjglkeaphfkmofoimdhndcclkhpc
0,Third Party Privacy Policies You should consult the respective privacy policies of these third-party ad servers for more detailed information on their practices as well as for instructions about howto opt-out of certain practices.,nmiopjglkeaphfkmofoimdhndcclkhpc
0,"privacy policy does not apply to, and we cannot control the activities of, such other advertisers or web sites.",nmiopjglkeaphfkmofoimdhndcclkhpc
0,You mayfind a comprehensive listing of these privacy policies and their links here: Privacy Policy Links.,nmiopjglkeaphfkmofoimdhndcclkhpc
6,"If you wish to disable cookies, you may do so through your individual browser options.",nmiopjglkeaphfkmofoimdhndcclkhpc
19,"If you wish to disable cookies, you may do so through your individual browser options.",nmiopjglkeaphfkmofoimdhndcclkhpc
19,More detailed information about cookie management with specific web browsers can befound at the browsers respective websites.,nmiopjglkeaphfkmofoimdhndcclkhpc
0,Childrens Information We believe it is important to provide added protection for children online.,nmiopjglkeaphfkmofoimdhndcclkhpc
0,"We encourage parents and guardians to spend time online with their children to observe, participatein and/or monitor and guide their online activity.",nmiopjglkeaphfkmofoimdhndcclkhpc
0,Zillak Games does not knowingly collect any personally identifiable information from children under the age of 13.,nmiopjglkeaphfkmofoimdhndcclkhpc
4,"If a parent or guardian believes that Zillak Games has in its database the personally-identifiable information of a child under the age of 13, please contact us immediately(using the contact in the first paragraph) and we will use our best efforts to promptly remove such information from our records.",nmiopjglkeaphfkmofoimdhndcclkhpc
0,Online Privacy Policy OnlyThis privacy policy applies only to our online activities and is valid for visitors to our website and regarding information shared and/or collected there.,nmiopjglkeaphfkmofoimdhndcclkhpc
0,This policydoes not apply to any information collected offline or via channels other than this website.,nmiopjglkeaphfkmofoimdhndcclkhpc
0,"ConsentBy using our website, you hereby consent to our privacy policy and agree to its terms.",nmiopjglkeaphfkmofoimdhndcclkhpc
0,"Privacy Policy Online Approved SiteUpdateThis Privacy Policy was last updated on: Tuesday, August 16th, 2016.",nmiopjglkeaphfkmofoimdhndcclkhpc
0,"Should we update, amend or make any changes to our privacy policy, those changes will be posted here.",nmiopjglkeaphfkmofoimdhndcclkhpc
1,"google.com/webstore/detail/adimit-phone/hiagmjoobdlgkjcdcofmnehemklopdmj DataController, Data Processor; and how the Phone Extension works This statement is meant to clarify how a car company that is a user of ADIMITs software (hereinafter User) uses the Phone Extensionto process personal data of their callers.",hiagmjoobdlgkjcdcofmnehemklopdmj
0,The statement was madein order to better enable the User to inform their customers andrelations (data subjects) on this subject.,hiagmjoobdlgkjcdcofmnehemklopdmj
17,"For this processingactivity, the User is a data controller as defined in theGDPR.",hiagmjoobdlgkjcdcofmnehemklopdmj
17,"On the Users instructions, part of this data processing activity is performed by ADIMIT in its capacity as a data processor for the User.",hiagmjoobdlgkjcdcofmnehemklopdmj
1,The Phone Extension will only work in combination with the specific business phone system and certain software employed by the User.,hiagmjoobdlgkjcdcofmnehemklopdmj
1,"The Phone Extension will make present the phone number of a calleron the computer screen of the employee of User that was called, together with certain relevant information produced by the Userscomputer system about the person(s) who is (are) known to User by that telephone number.",hiagmjoobdlgkjcdcofmnehemklopdmj
17,Personaldata that is processed The part of the processing activity that is performed by ADIMIT as the Users data processor is as follows.,hiagmjoobdlgkjcdcofmnehemklopdmj
1,The callers telephone number is sent via ADIMIT to the Users computer system.,hiagmjoobdlgkjcdcofmnehemklopdmj
0,"If thatnumber matches any of the Users customers or relations, the computer system will send the personal data mentioned below to ADIMIT.",hiagmjoobdlgkjcdcofmnehemklopdmj
0,"These data are then completed by ADIMIT with a direct linkto the customer card of such person in the Users computersystem, and returned to the computer of the Users employee whowas called.",hiagmjoobdlgkjcdcofmnehemklopdmj
1,The personal data that may be processed by ADIMIT inthis process are First and last name Gender Street address Telephone number E-mail address  Link to the customer card of the data subject in the Users computer system These personal data will be in the Users computer system as a resultof the data subject making use ofthe Users services and/orhaving submitted these data to User on an earlier occasion.,hiagmjoobdlgkjcdcofmnehemklopdmj
20,The personal data that may be processed by ADIMIT inthis process are First and last name Gender Street address Telephone number E-mail address  Link to the customer card of the data subject in the Users computer system These personal data will be in the Users computer system as a resultof the data subject making use ofthe Users services and/orhaving submitted these data to User on an earlier occasion.,hiagmjoobdlgkjcdcofmnehemklopdmj
1,Specialand/or sensitive personal data No Special and/or sensitive personal data are processed by way ofusing the Phone Extension.,hiagmjoobdlgkjcdcofmnehemklopdmj
1,The Phone Extension does not discernthe age of the data subject.,hiagmjoobdlgkjcdcofmnehemklopdmj
0,It is up to the User to take theappropriate measures in case data are processed of anyone underthe age of 16 years.,hiagmjoobdlgkjcdcofmnehemklopdmj
1,Purposeand lawful basis of the processing activity The purpose of the processing activity involving the Phone Extensionis to enable User to serve their customers in a better and more efficient way.,hiagmjoobdlgkjcdcofmnehemklopdmj
3,Purposeand lawful basis of the processing activity The purpose of the processing activity involving the Phone Extensionis to enable User to serve their customers in a better and more efficient way.,hiagmjoobdlgkjcdcofmnehemklopdmj
17,Purposeand lawful basis of the processing activity The purpose of the processing activity involving the Phone Extensionis to enable User to serve their customers in a better and more efficient way.,hiagmjoobdlgkjcdcofmnehemklopdmj
17,"To the extent that this is not strictly necessaryfor the performance of, or entering into, a contract with the datasubject, the lawfulness is given by the legitimate interests ofthe User and the negligible risk that this processing activity maycause for the data subject.",hiagmjoobdlgkjcdcofmnehemklopdmj
2,Retention of personal data All personal data will be stored on the Users local computer system.,hiagmjoobdlgkjcdcofmnehemklopdmj
19,On the Users Employees PC only certain general settings are stored using cookies and similar technologies.,hiagmjoobdlgkjcdcofmnehemklopdmj
1,Anycopies of personal data used by the Phone Extension are erased immediately after processing.,hiagmjoobdlgkjcdcofmnehemklopdmj
6,Anycopies of personal data used by the Phone Extension are erased immediately after processing.,hiagmjoobdlgkjcdcofmnehemklopdmj
0,Sharingof personal data with third parties ADIMITBV does not share any personal data with any third party except if required to do so by law.,hiagmjoobdlgkjcdcofmnehemklopdmj
6,"Access, rectification and deletion The data subject has the right to access their personal data andto have them rectified or erased.",hiagmjoobdlgkjcdcofmnehemklopdmj
1,"The data subject may also objectto processing of their personal data by the User, by way of the Phone Extension or otherwise.",hiagmjoobdlgkjcdcofmnehemklopdmj
8,"The data subject may also objectto processing of their personal data by the User, by way of the Phone Extension or otherwise.",hiagmjoobdlgkjcdcofmnehemklopdmj
9,"They also have a right to dataportability, which means that they can request that their data besent to them or to another data controller in a structured,commonly used and machine-readable format.",hiagmjoobdlgkjcdcofmnehemklopdmj
8,"Any request for access,rectification, erasure, or data portability of personal data orthe objection to processing thereof must be addressed to the Userconcerned.",hiagmjoobdlgkjcdcofmnehemklopdmj
9,"Any request for access,rectification, erasure, or data portability of personal data orthe objection to processing thereof must be addressed to the Userconcerned.",hiagmjoobdlgkjcdcofmnehemklopdmj
13,The User may require that the data subject identifythemselves and will have to respond in any case within four weeksto any such request or objection.,hiagmjoobdlgkjcdcofmnehemklopdmj
10,"Furthermore,the data subject may always file a complaint with the competentdata protection authority.",hiagmjoobdlgkjcdcofmnehemklopdmj
3,"In the Netherlands, this is the Autoriteit Persoonsgegevens, which can be reached for that purposevia this link:https://autoriteitpersoonsgegevens.",hiagmjoobdlgkjcdcofmnehemklopdmj
4,"The User is required to implement appropriate technical andorganizational measuresin order to protect personal data againstabuse, loss, and unlawful access, alteration, and unauthorizeddisclosure.",hiagmjoobdlgkjcdcofmnehemklopdmj
0,All data transfers between the User and ADIMIT are done using secured connections only.,hiagmjoobdlgkjcdcofmnehemklopdmj
4,"In case of doubt regardingthe security, the data subject can always contact the User concerned.",hiagmjoobdlgkjcdcofmnehemklopdmj
1,"In case it is suspected that the Phone Extension maynegatively affect security, they can also contact ADIMITscustomer service.",hiagmjoobdlgkjcdcofmnehemklopdmj
4,"In case it is suspected that the Phone Extension maynegatively affect security, they can also contact ADIMITscustomer service.",hiagmjoobdlgkjcdcofmnehemklopdmj
0,ADIMIT will in that case inform the User(s)concerned.,hiagmjoobdlgkjcdcofmnehemklopdmj
4,ADIMIT scontact details are as follows:ADIMITBVhttps://www.,hiagmjoobdlgkjcdcofmnehemklopdmj
0,adimit.com Elektroweg 11A33051NB Rotterdam +31652007009 Freek Boulogne is founder and general manager of ADIMIT BV.,hiagmjoobdlgkjcdcofmnehemklopdmj
0,He can bereached at freek_boulogneadimit.com Changes to this Privacy Statement ADIMIT may change this Privacy Statement from time to time in accordance with the arrangements between ADIMIT and the Users.,hiagmjoobdlgkjcdcofmnehemklopdmj
0,This web pagewill at all times contain the text that is cuently applicable.,hiagmjoobdlgkjcdcofmnehemklopdmj
0,Privacy PolicyPrivacy PolicyFoxExpress - Tool to support customers to create orders on the website is a free application.,fhdbidbjobpepikdbiihgpimpgjmhfjc
0,This service was built free of charge by FoxExpress.,fhdbidbjobpepikdbiihgpimpgjmhfjc
0,"This application makes it easier for customers to create orders, The application does not collect user data.",fhdbidbjobpepikdbiihgpimpgjmhfjc
0,"The terms used in this Privacy Policy have the same meanings as in our Terms and Conditions, which is accessibleat FoxExpress unless otherwise defined in this Privacy Policy.",fhdbidbjobpepikdbiihgpimpgjmhfjc
0,"Information Collection and Use The application does not collect user data, the customer support application creates orders.",fhdbidbjobpepikdbiihgpimpgjmhfjc
17,"Log Datawe want to inform you that whenever you use our Service, in a case of aneor in the app we collect data and information (through third party products) on your phonecalled Log Data.",fhdbidbjobpepikdbiihgpimpgjmhfjc
0,"This Log Data may include information such as your device Internet Protocol (IP) address,device name, operating system version, the configuration of the app when utilizing our Service,the time and date of your use of the Service, and other statistics.",fhdbidbjobpepikdbiihgpimpgjmhfjc
19,Cookies Cookies are files with a small amount of data that are commonly used as anonymous unique identifiers.,fhdbidbjobpepikdbiihgpimpgjmhfjc
0,These are sent to your browser from the websites that you visit and are stored on your device's internal memory.,fhdbidbjobpepikdbiihgpimpgjmhfjc
0,This Service does not use these cookies explicitly.,fhdbidbjobpepikdbiihgpimpgjmhfjc
19,"However, the app may use third party code and librariesthat use cookies to collect information and improve their services.",fhdbidbjobpepikdbiihgpimpgjmhfjc
3,"However, the app may use third party code and librariesthat use cookies to collect information and improve their services.",fhdbidbjobpepikdbiihgpimpgjmhfjc
19,You have the option to either accept or refuse these cookies and know when a cookie is being sent to your device.,fhdbidbjobpepikdbiihgpimpgjmhfjc
0,"If you choose torefuse our cookies, you may not be able to use some portions of this Service.",fhdbidbjobpepikdbiihgpimpgjmhfjc
0,Service Providerswe may employ third-party companies and individuals due to the following reasons: To facilitate our Service; To provide the Service on our behalf; To perform Service-related services; or To assist us in analyzing how our Service is used.,fhdbidbjobpepikdbiihgpimpgjmhfjc
3,we want to inform users of this Service that these third parties have access to yourPersonal Information.,fhdbidbjobpepikdbiihgpimpgjmhfjc
0,The reason is to perform the tasks assigned to them on our behalf.,fhdbidbjobpepikdbiihgpimpgjmhfjc
3,"However, theyare obligated not to disclose or use the information for any other purpose.",fhdbidbjobpepikdbiihgpimpgjmhfjc
0,"Security we value your trust in providing us your Personal Information, thus we are striving to use commercially acceptable means of protecting it.",fhdbidbjobpepikdbiihgpimpgjmhfjc
0,"But remember that no method of transmission overthe internet, or method of electronic storage is 100  secure and reliable, and we cannot guarantee its absolute security.",fhdbidbjobpepikdbiihgpimpgjmhfjc
0,Links to Other Sites This Service may contain links to other sites.,fhdbidbjobpepikdbiihgpimpgjmhfjc
0,"If you click on a third-party link, you will be directedto that site.",fhdbidbjobpepikdbiihgpimpgjmhfjc
0,Note that these external sites are not operated by us.,fhdbidbjobpepikdbiihgpimpgjmhfjc
0,"Therefore, we strongly advise you to review the Privacy Policy of these websites.",fhdbidbjobpepikdbiihgpimpgjmhfjc
0,"we have no control overand assume no responsibility for the content, privacy policies, or practices of any third-party sitesor services.",fhdbidbjobpepikdbiihgpimpgjmhfjc
0,Childrens Privacy These Services do not address anyone under the age of 13.,fhdbidbjobpepikdbiihgpimpgjmhfjc
0,we do not knowingly collect personally identifiable information from children under 13.,fhdbidbjobpepikdbiihgpimpgjmhfjc
6,"In the case we discover that a child under 13 has provided us with personal information, we immediately delete this from our servers.",fhdbidbjobpepikdbiihgpimpgjmhfjc
4,"If you are a parent or guardian and you are aware that your child has provided us with personal information, please contact us so that we will be able to do necessary actions.",fhdbidbjobpepikdbiihgpimpgjmhfjc
0,Changes to This Privacy Policy we may update our Privacy Policy from time to time.,fhdbidbjobpepikdbiihgpimpgjmhfjc
0,"Thus, you are advised to reviewthis page periodically for any changes.",fhdbidbjobpepikdbiihgpimpgjmhfjc
0,we will notify you of any changes by postingthe new Privacy Policy on this page.,fhdbidbjobpepikdbiihgpimpgjmhfjc
0,These changes are effective immediately after they are posted onthis page.,fhdbidbjobpepikdbiihgpimpgjmhfjc
4,"Contact Us If you have any questions or suggestions about our Privacy Policy, do not hesitate to contactus.",fhdbidbjobpepikdbiihgpimpgjmhfjc
0,"This commit does not belong to any branch on this repository, and may belong to a fork outside of the repository.",gikfkgfjepbdpiljbieedpkcjikapbbg
0,Information Collection and Usezeroconf-lookup does not collect or use any data from any user.,gikfkgfjepbdpiljbieedpkcjikapbbg
3,Its sole purpose is to help the user's browser locate Zeroconf enabledweb servers in the local network and to display their address as a linkin a popup window in the browser.,gikfkgfjepbdpiljbieedpkcjikapbbg
0,Log Datazeroconf-lookup creates a logfile on the user's computer only ifexplicitly requested by a command line switch.,gikfkgfjepbdpiljbieedpkcjikapbbg
0,The information neverleaves the user's computer.,gikfkgfjepbdpiljbieedpkcjikapbbg
0,And this is all I have to say about privacy in zeroconf-lookup.,gikfkgfjepbdpiljbieedpkcjikapbbg
0,Products Vilfo RouterPowerful hardware that encrypts VPN traffic up to 500 Mbit/s.,djepdkhenghcjplbomloehiangdmgpfg
0,Vilfo OS Install Vilfo OS on your own router/hardware.,djepdkhenghcjplbomloehiangdmgpfg
0,"VPN ProvidersUse any of 26 integrated VPN providers Split tunnelingControl which traffic gets sent over the VPN connections Insights Know what happens in your network StreamingStream content from anywhere everywhere Parental control No more conflicts over bedtimes or dinners Browser extension The Vilfo extension makes your life easier GamingStay protected while having an optimal gaming experience Multi-layered security Firewall, DNS leak protection, VPN killswitch and more.",djepdkhenghcjplbomloehiangdmgpfg
0,Check the roadmap for upcoming improvements Reviews PricingF AQ Sign in Solutions Vilfo for HomeStay protected online.,djepdkhenghcjplbomloehiangdmgpfg
0,Use your favorite VPN provider.,djepdkhenghcjplbomloehiangdmgpfg
0,Vilfo for BusinessComing soon.,djepdkhenghcjplbomloehiangdmgpfg
0,ProductsVilfo RouterPowerful hardware that encrypts VPN traffic up to 500 Mbit/s.,djepdkhenghcjplbomloehiangdmgpfg
0,Vilfo OSInstall Vilfo OS on your own router/hardware.,djepdkhenghcjplbomloehiangdmgpfg
0,VPN Providers Use any of 26 integrated VPN providersSplit tunneling Control which traffic gets sent over the VPN connections Insights Know what happens in your network Streaming Stream content from anywhere everywhere Parental controlNo more conflicts over bedtimes or dinners Browser extensionThe Vilfo extension makes your life easier Gaming Stay protected while having an optimal gaming experience More to come.,djepdkhenghcjplbomloehiangdmgpfg
0,"Check the roadmap for upcoming improvements Vilfo is developed and operated by Vilfo AB, which is located in Stockholm, Sweden.",djepdkhenghcjplbomloehiangdmgpfg
0,Vilfo AB has the corporate registration number of 559129-8442 and VAT number SE559129844201.,djepdkhenghcjplbomloehiangdmgpfg
0,Vilfo is committed to protecting the personal information shared with us.,djepdkhenghcjplbomloehiangdmgpfg
0,This privacy statement explains data collection and use of that data.,djepdkhenghcjplbomloehiangdmgpfg
0,LoggingVilfo does not log personal identifiable usage information.,djepdkhenghcjplbomloehiangdmgpfg
0,"In order to provide manufacturers of devices in the UI, MAC addresses of devices that connect are sent via an API request to vilfo.com.",djepdkhenghcjplbomloehiangdmgpfg
0,"This information is in no way logged, stored or analyzed.",djepdkhenghcjplbomloehiangdmgpfg
6,It is possible to disable manufacturer lookup in Vilfo by going to the General page.,djepdkhenghcjplbomloehiangdmgpfg
0,"In order to provide external IP addresses for connected groups, an API request is sent to vilfo.com.",djepdkhenghcjplbomloehiangdmgpfg
0,"This information is in no way logged, stored or analyzed.",djepdkhenghcjplbomloehiangdmgpfg
0,Vilfo does log license code information to ensure that a valid license code is used.,djepdkhenghcjplbomloehiangdmgpfg
0,IP address and email address used is also stored to prevent potential abuse and troubleshooting assistance.,djepdkhenghcjplbomloehiangdmgpfg
0,Third party involvement (Product) Vilfo uses third parties to deliver the service.,djepdkhenghcjplbomloehiangdmgpfg
0,Customer support is provided via Intercom.,djepdkhenghcjplbomloehiangdmgpfg
0,"Name, email address, license code and version is shared with Intercom in order to provide support.",djepdkhenghcjplbomloehiangdmgpfg
0,"Google Analytics is included in the user interface (UI), so we can measure which features are most widely used xe2x80x94 and which are not.",djepdkhenghcjplbomloehiangdmgpfg
0,This information is then solely accessible to employees of Vilfo AB to further develop and improve the UI.,djepdkhenghcjplbomloehiangdmgpfg
0,Sentry is included in order to send automatic eor reports if something doesn't work properly on a Vilfo unit.,djepdkhenghcjplbomloehiangdmgpfg
0,This information is then solely accessible to employees of Vilfo AB to further develop and improve the UI.,djepdkhenghcjplbomloehiangdmgpfg
6,It's possible to disable the Intercom & Google Analytics in Vilfo by going to the General page.,djepdkhenghcjplbomloehiangdmgpfg
0,"Third party involvement (Website) Shipping details for orders are sent to the fullfilment center used to ship the unit, and then to a caier (such as DHL, Fedex, Postnord).",djepdkhenghcjplbomloehiangdmgpfg
12,"Payments are done via Stripe, PayPal or Klarna.",djepdkhenghcjplbomloehiangdmgpfg
12,"Depending on the payment method, the shipping and payment details will be given to the payment provider to be able to dispute potential chargebacks.",djepdkhenghcjplbomloehiangdmgpfg
0,"Google Analytics is included, so we can measure how users interact with the website and to find areas of improvement.",djepdkhenghcjplbomloehiangdmgpfg
0,Intercom is also included to provide customer support.,djepdkhenghcjplbomloehiangdmgpfg
3,"For marketing purposes, Facebook, Doubleclick & GA Audiences are included in order for us to measure conversions from our advertisements.",djepdkhenghcjplbomloehiangdmgpfg
0,Learn more Why VPN on router?,djepdkhenghcjplbomloehiangdmgpfg
0,What is VPN split tunneling?,djepdkhenghcjplbomloehiangdmgpfg
4,"Gallery provides this Privacy Policy to inform users who download a Browser Extension from our websites, www.",aklbkjldnkphkdkbabedmdookmnfdlgn
0,"newtabgallery.com and the various extension galleries and web-stores, (the Sites), about the limited use and disclosure of information generated by the Extension.",aklbkjldnkphkdkbabedmdookmnfdlgn
0,The Extension may include links or otherwise allow you to access and perhaps submit information to third-party applications or sites.,aklbkjldnkphkdkbabedmdookmnfdlgn
0,This Privacy Policy applies to the Extension only.,aklbkjldnkphkdkbabedmdookmnfdlgn
0,"Any information you submit to linked sites or other applications that may be accessible from the Extension will be subject to the privacy policies of those sites or applications, if any.",aklbkjldnkphkdkbabedmdookmnfdlgn
0,"You are not required to register with us to download a Extension, and may do so anonymously.",aklbkjldnkphkdkbabedmdookmnfdlgn
0,"No Spyware, No AdwareThe Extension does not collect any personal information about you (such as your name, email address, etc.",aklbkjldnkphkdkbabedmdookmnfdlgn
0,"Further, it does not collect or report back to us (or anyone else) any data regarding your computer keystrokes or other data unrelated to the services the Extension provides.",aklbkjldnkphkdkbabedmdookmnfdlgn
0,Anonymous Extension Usage Statistics.,aklbkjldnkphkdkbabedmdookmnfdlgn
0,"In order to continue to provide the high-quality Extensions to you and to other Users, we do need certain statistics about how our Extensions are used.",aklbkjldnkphkdkbabedmdookmnfdlgn
0,"To facilitate this, the Extension includes one or more unique application numbers that are not associated with you or your NewTabGallery account (if you have chosen to register with us).",aklbkjldnkphkdkbabedmdookmnfdlgn
4,"These numbers are sent to us when you install or uninstall the Extension and when the Extension periodically contacts our servers, for example, to request automatic updates or to provide us with usage statistics about that Extension, such as whether it is active, default settings and total usage of other features of the Extension, including links to third-party applications or sites (Usage Statistics).",aklbkjldnkphkdkbabedmdookmnfdlgn
0,All Usage Statistics are recorded on a non-personally identifiable basis and is kept strictly anonymous.,aklbkjldnkphkdkbabedmdookmnfdlgn
0,We do not use the Service to knowingly solicit data from or market to children under the age of 13.,aklbkjldnkphkdkbabedmdookmnfdlgn
4,"If a parent or guardian becomes aware that his or her child has provided us with personally identifiable information without their consent, he or she should contact us at infobrandthunder.com.",aklbkjldnkphkdkbabedmdookmnfdlgn
6,We will delete such information from our files.,aklbkjldnkphkdkbabedmdookmnfdlgn
0,Our website and browser extensions are unofficial.,aklbkjldnkphkdkbabedmdookmnfdlgn
0,We are not affiliated with or sponsored by the entity whose materials are represented in the extensions.,aklbkjldnkphkdkbabedmdookmnfdlgn
0,"By downloading, installing and/or using our extensions, you acknowledge that our website and browser extensions are not affiliated with or sponsored by the entity whose materials are represented in the extensions.",aklbkjldnkphkdkbabedmdookmnfdlgn
4,"If you have any questions or concerns about this Privacy Policy or its implementation, or if you believe there are inaccuracies in your account information you may contact us as follows:New Tab Group, LLCPO BOX 121 Columbus, Ohio 43002 Email: infonewtabgallery.com Last Updated: DECEMBER 2018 Find Us Address Chrome New Tab Hours 24x7x365 About This Site We have been creating browser extensions for 10 years.",aklbkjldnkphkdkbabedmdookmnfdlgn
0,we love making your browsing experience more enjoyable!,aklbkjldnkphkdkbabedmdookmnfdlgn
0,"It also provides you with details of how we collect and process your personal data when you do business with Lewis Duncan, and/or SociaLegacy.",deccjnlcifcffhkokojnlolfdccilell
0,"SociaLegacy is the data controller and we are responsible for your personal data (refeed to as we, us, or our in this document.",deccjnlcifcffhkokojnlolfdccilell
4,"If you need to get in touch with us about anything related to this privacy policy, you can email us at lewissocialegacy.club.",deccjnlcifcffhkokojnlolfdccilell
0,"If your personal information changes, please email us at the above email address and let us know how it has changed.",deccjnlcifcffhkokojnlolfdccilell
0,From time to time we might email you to check that the personal data we have on file for you is accurate and up to date.,deccjnlcifcffhkokojnlolfdccilell
0,"Your Rights: When using our website and submitting personal data to us, you may have certain rights under the General Data Protection Regulation (GDPR) and other laws.",deccjnlcifcffhkokojnlolfdccilell
5,"Depending on the legal basis for processing your personal data, you may have some or all of the following rights:The right to be informedYou have the right to be informed about the personal data we collect from you, and how we process it.",deccjnlcifcffhkokojnlolfdccilell
5,The right of accessYou have the right to get confirmation that your personal data is being processed and have the ability to access your personal data.,deccjnlcifcffhkokojnlolfdccilell
6,The right to rectificationYou have the right to have your personal data coected if it is inaccurate or incomplete.,deccjnlcifcffhkokojnlolfdccilell
6,The right to erasure (right to be forgotten)You have the right to request the removal or deletion of your personal data if there is no compelling reason for us to continue processing it.,deccjnlcifcffhkokojnlolfdccilell
7,The right to restrict processingYou have a right to xe2x80x98block or restrict the processing of your personal data.,deccjnlcifcffhkokojnlolfdccilell
7,"When your personal data is restricted, we are permitted to store your data, but not to process it further.",deccjnlcifcffhkokojnlolfdccilell
9,The right to data portabilityYou have the right to request and get your personal data that you provided to us and use it for your own purposes.,deccjnlcifcffhkokojnlolfdccilell
0,We will provide your data to you within 30 days of your request.,deccjnlcifcffhkokojnlolfdccilell
4,"To request your personal data, please contact us using the information at the top of this privacy notice.",deccjnlcifcffhkokojnlolfdccilell
3,The right to objectYou have the right to object to us processing your personal data for the following reasons:Processing was based on legitimate interests or the performance of a task in the public interest/exercise of official authority (including profiling);Direct marketing (including profiling);Processing for purposes of scientific/historical research and statistics; andRights in relation to automated decision-making and profiling.,deccjnlcifcffhkokojnlolfdccilell
8,The right to objectYou have the right to object to us processing your personal data for the following reasons:Processing was based on legitimate interests or the performance of a task in the public interest/exercise of official authority (including profiling);Direct marketing (including profiling);Processing for purposes of scientific/historical research and statistics; andRights in relation to automated decision-making and profiling.,deccjnlcifcffhkokojnlolfdccilell
0,"Automated individual decision-making and profilingYou will have the right not to be subject to a decision based solely on automated processing, including profiling, which produces legal effects concerning you or similarly significantly affects you.",deccjnlcifcffhkokojnlolfdccilell
10,Filing a complaint with authoritiesYou have the right to file a complaint with supervisory authorities if your information has not been processed in compliance with the General Data Protection Regulation.,deccjnlcifcffhkokojnlolfdccilell
10,"If the supervisory authorities fail to address your complaint properly, you may have the right to a judicial remedy.",deccjnlcifcffhkokojnlolfdccilell
0,"For details about your rights under the law, visit https://goo.gl/F41vAV",deccjnlcifcffhkokojnlolfdccilell
8,"Information We CollectGenerally, you control the amount and type of information that you provide to us when using our website.",deccjnlcifcffhkokojnlolfdccilell
0,Our Legal Basis for Collecting and Processing Personal DataOur legal basis for collecting and processing your PD when you buy our products or services is based on and the necessity for the performance of a contract or to take steps to enter into a contract.,deccjnlcifcffhkokojnlolfdccilell
0,"Our legal basis for collecting and processing your PD when you sign up for our newsletter, subscribe to podcasts, free courses, and information about our products and services through our website opt-in forms is based on consent.",deccjnlcifcffhkokojnlolfdccilell
0,"What Happens If You Dont Give Us Your PDIf you do not provide us with enough PD, we may not be able to provide you with all our products and services.",deccjnlcifcffhkokojnlolfdccilell
0,"However, you can access and use some parts of our website without giving us your PD.",deccjnlcifcffhkokojnlolfdccilell
17,We Collect Your PD in the Following Ways:Automatic InformationWe automatically receive information from your web browser or mobile device.,deccjnlcifcffhkokojnlolfdccilell
1,"This information includes the name of the website from which you entered our website, if any, as well as the name of the website youll visit when you leave our website.",deccjnlcifcffhkokojnlolfdccilell
15,"This information also includes the IP address of your computer/the proxy server you use to access the Internet, your Internet service providers name, your web browser type, the type of mobile device, your computer operating system, and data about your browsing activity when using our website.",deccjnlcifcffhkokojnlolfdccilell
3,We use all this information to analyze trends among our users to help improve our website.,deccjnlcifcffhkokojnlolfdccilell
19,"When Entering and Using Our Website When you enter and use our website and agree to accept cookies, some of these cookies may contain your PD.",deccjnlcifcffhkokojnlolfdccilell
1,"At User and Member Registration or When Buying Products or Services When you register as a user, member, or when buying our products or services, we may collect some or all of the following information: your first and last name, email address, physical address, company name, credit card or other payment information, phone number, user name, password, and other information listed.",deccjnlcifcffhkokojnlolfdccilell
12,"At User and Member Registration or When Buying Products or Services When you register as a user, member, or when buying our products or services, we may collect some or all of the following information: your first and last name, email address, physical address, company name, credit card or other payment information, phone number, user name, password, and other information listed.",deccjnlcifcffhkokojnlolfdccilell
15,"Collecting Your Location Information When you use our services, we may collect and process information about your actual physical location.",deccjnlcifcffhkokojnlolfdccilell
15,"We use several technologies, like GPS and IP tracking, to determine your location.",deccjnlcifcffhkokojnlolfdccilell
0,"These technologies may also provide us with information about nearby cell towers, Wi-Fi access points, and other devices.",deccjnlcifcffhkokojnlolfdccilell
14,Marketing Communications Our lawful ground of processing your personal data to send you marketing communication is either your consent or our legitimate interests (namely to grow our business).,deccjnlcifcffhkokojnlolfdccilell
0,"Under the Privacy and Electronic Communications Regulations, we may only send you email communications if (i) you made a purchase or asked for information from us about our goods or services or (ii) you agreed to receive marketing communications and in each case you have not opted out of receiving such communications since.",deccjnlcifcffhkokojnlolfdccilell
0,"Under these regulations, if you are a limited company, we may send you marketing emails without your consent.",deccjnlcifcffhkokojnlolfdccilell
0,"However, you can still opt out of receiving marketing emails from us at any time.",deccjnlcifcffhkokojnlolfdccilell
3,Before we share your personal data with any third party for their own marketing purposes we will get your express consent.,deccjnlcifcffhkokojnlolfdccilell
0,You can ask us or third parties to no longer send marketing messages to your email address by emailing us at lewissocialegacy.,deccjnlcifcffhkokojnlolfdccilell
0,We also have an unsubscribe button at the bottom of all of our emails.,deccjnlcifcffhkokojnlolfdccilell
19,Our Use of CookiesOur website uses cookies.,deccjnlcifcffhkokojnlolfdccilell
19,A cookie is a small piece of data or a text file that is downloaded to your computer or mobile device when you access certain websites.,deccjnlcifcffhkokojnlolfdccilell
19,Cookies may contain text that can be read by the web server that delivered the cookie to you.,deccjnlcifcffhkokojnlolfdccilell
19,The text contained in the cookie generally consists of a sequence of letters and numbers that uniquely identifies your computer or mobile device; it may contain other information as well.,deccjnlcifcffhkokojnlolfdccilell
19,"By agreeing to accept our use of cookies, you are giving us, and third parties we partner with, permission to place, store, and access some or all the cookies described below on your computer.",deccjnlcifcffhkokojnlolfdccilell
18,"Strictly Necessary Cookies These cookies are necessary for proper functioning of the website, such as displaying content, logging in, validating your session, responding to your request for services, and other functions.",deccjnlcifcffhkokojnlolfdccilell
19,"Strictly Necessary Cookies These cookies are necessary for proper functioning of the website, such as displaying content, logging in, validating your session, responding to your request for services, and other functions.",deccjnlcifcffhkokojnlolfdccilell
6,Most web browsers can be set to disable the use of cookies.,deccjnlcifcffhkokojnlolfdccilell
19,Most web browsers can be set to disable the use of cookies.,deccjnlcifcffhkokojnlolfdccilell
0,"However, if you disable these cookies, you may not be able to access features on our website coectly or at all.",deccjnlcifcffhkokojnlolfdccilell
18,"Performance Cookies These cookies collect information about the use of the website, such as pages visited, traffic sources, users interests, content management, and other website measurements.",deccjnlcifcffhkokojnlolfdccilell
19,"Performance Cookies These cookies collect information about the use of the website, such as pages visited, traffic sources, users interests, content management, and other website measurements.",deccjnlcifcffhkokojnlolfdccilell
19,"Functional Cookies These cookies enable the website to remember a users choices such as their language, user name, and other personal choices while using the website.",deccjnlcifcffhkokojnlolfdccilell
0,"They can also be used to deliver services, such as letting a user make a blog post, listen to audio, or watch videos on the website.",deccjnlcifcffhkokojnlolfdccilell
18,Media Cookies These cookies can be used to improve a websites performance and provide special features and content.,deccjnlcifcffhkokojnlolfdccilell
19,Media Cookies These cookies can be used to improve a websites performance and provide special features and content.,deccjnlcifcffhkokojnlolfdccilell
0,They can be placed by third parties who provide services to us or by our company.,deccjnlcifcffhkokojnlolfdccilell
19,Advertising or Targeting Cookies These cookies are usually placed and used by advertising companies to develop a profile of your browsing interests and serve advertisements on other websites that are related to your interests.,deccjnlcifcffhkokojnlolfdccilell
6,You will see less advertising if you disable these cookies.,deccjnlcifcffhkokojnlolfdccilell
19,You will see less advertising if you disable these cookies.,deccjnlcifcffhkokojnlolfdccilell
19,Session CookiesThese cookies allow websites to link the actions of a user during a browser session.,deccjnlcifcffhkokojnlolfdccilell
3,"They may be used for a variety of purposes, such as remembering what a user has put in their shopping cart as they browse a website.",deccjnlcifcffhkokojnlolfdccilell
19,Session cookies also permit users to be recognized as they navigate a website so that any item or page changes they make are remembered from page to page.,deccjnlcifcffhkokojnlolfdccilell
0,"Session cookies expire after a browser session; thus, they are not stored long term.",deccjnlcifcffhkokojnlolfdccilell
19,"Persistent Cookies These cookies are stored on a users device in between browser sessions, which allows the users preferences or actions across a site (or, in some cases, across different sites) to be remembered.",deccjnlcifcffhkokojnlolfdccilell
3,"Persistent cookies may be used for a variety of purposes, including remembering users choices and preferences when using a website or to target advertising to them.",deccjnlcifcffhkokojnlolfdccilell
19,"Persistent cookies may be used for a variety of purposes, including remembering users choices and preferences when using a website or to target advertising to them.",deccjnlcifcffhkokojnlolfdccilell
6,"We may also use cookies for:Identifying the areas of our website that you have visited Personalizing content that you see on our websiteOur website analyticsRemarketing our products or services to youRemembering your preferences, settings, and login details Targeted advertising and serving ads relevant to your interestsAffiliate marketing Allowing you to post commentsAllowing you to share content with social networks Most web browsers can be set to disable the use of cookies.",deccjnlcifcffhkokojnlolfdccilell
18,"We may also use cookies for:Identifying the areas of our website that you have visited Personalizing content that you see on our websiteOur website analyticsRemarketing our products or services to youRemembering your preferences, settings, and login details Targeted advertising and serving ads relevant to your interestsAffiliate marketing Allowing you to post commentsAllowing you to share content with social networks Most web browsers can be set to disable the use of cookies.",deccjnlcifcffhkokojnlolfdccilell
19,"We may also use cookies for:Identifying the areas of our website that you have visited Personalizing content that you see on our websiteOur website analyticsRemarketing our products or services to youRemembering your preferences, settings, and login details Targeted advertising and serving ads relevant to your interestsAffiliate marketing Allowing you to post commentsAllowing you to share content with social networks Most web browsers can be set to disable the use of cookies.",deccjnlcifcffhkokojnlolfdccilell
0,"However, if you disable cookies, you may not be able to access features on our website coectly or at all.",deccjnlcifcffhkokojnlolfdccilell
17,Web BeaconsWe may also use a technology called web beacons to collect general information about your use of our website and your use of special promotions or newsletters.,deccjnlcifcffhkokojnlolfdccilell
3,The information we collect by web beacons allows us to statistically monitor the number of people who open our emails.,deccjnlcifcffhkokojnlolfdccilell
0,"Web beacons also help us to understand the behavior of our customers, members, and visitors.",deccjnlcifcffhkokojnlolfdccilell
17,Google Analytics Privacy Notice Our website uses Google Analytics to collect information about the use of our website.,deccjnlcifcffhkokojnlolfdccilell
1,"Google Analytics collects information from users such as age, gender, interests, demographics, how often they visit our website, what pages they visit, and what other websites they have used before coming to our website.",deccjnlcifcffhkokojnlolfdccilell
3,"We use the information we get from Google Analytics to analyze traffic, remarket our products and services to users, improve our marketing, advertising, and to improve our website.",deccjnlcifcffhkokojnlolfdccilell
0,"We have enabled Google Analytics advertising features such as remarketing with Google Analytics, Google Display Network Impression Reporting, and Google Analytics Demographics and Interest Reporting.",deccjnlcifcffhkokojnlolfdccilell
15,"Google Analytics collects only the IP address assigned to you on the date you visit our website, not your name or other identifying information.",deccjnlcifcffhkokojnlolfdccilell
0,We do not combine the information collected using Google Analytics with PD.,deccjnlcifcffhkokojnlolfdccilell
0,"Although Google Analytics plants a permanent cookie on your web browser to identify you as a unique user the next time you visit our website, the cookie cannot be used by anyone but Google.",deccjnlcifcffhkokojnlolfdccilell
3,Google also uses specific identifiers to help collect information about the use of our website.,deccjnlcifcffhkokojnlolfdccilell
0,"For more information on how Google collects and processes your data, visit https://www.",deccjnlcifcffhkokojnlolfdccilell
0,google.com/policies/privacy/partners/ You can prevent Google Analytics from using your information by opting out at this link: https://tools.,deccjnlcifcffhkokojnlolfdccilell
0,google.com/dlpage/gaoptoutGoogle RemarketingWhy am I seeing ads by Google for products Ive viewed?,deccjnlcifcffhkokojnlolfdccilell
0,Our website uses a remarketing advertising service.,deccjnlcifcffhkokojnlolfdccilell
0,Our remarketing service is provided by Google and other companies that show our ads on websites across the Internet.,deccjnlcifcffhkokojnlolfdccilell
0,With remarketing you may see ads for our products you have previously looked at.,deccjnlcifcffhkokojnlolfdccilell
0,"As an example, suppose you visit a website that sells computers, but you do not buy a computer on your first visit to that website.",deccjnlcifcffhkokojnlolfdccilell
0,The websites owner might like to encourage you to revisit his/her site and buy a computer by showing you his/her ads again on other websites that you visit.,deccjnlcifcffhkokojnlolfdccilell
3,We use remarketing for similar purposes.,deccjnlcifcffhkokojnlolfdccilell
19,"For this to happen, Google will read a cookie that is already in your browser, or they place a cookie in your browser when you visit our site or other sites using remarketing.",deccjnlcifcffhkokojnlolfdccilell
19,You can opt out of Googles use of cookies and remarketing at this link: https://support.,deccjnlcifcffhkokojnlolfdccilell
0,google.com/ads/answer/2662922?,deccjnlcifcffhkokojnlolfdccilell
0,hl=en or you can opt out using the Network Advertising Initiative opt out page at: http://optout.networkadvertising.org/#!,deccjnlcifcffhkokojnlolfdccilell
19,"/Facebook Remarketing Third parties, including Facebook, may use cookies, web beacons, and other storage technologies to collect or receive information from our website and elsewhere on the internet, and use that information to provide measurement services and target ads.",deccjnlcifcffhkokojnlolfdccilell
0,With Facebook remarketing you may see our ads on Facebook after you have visited our site.,deccjnlcifcffhkokojnlolfdccilell
19,"For this to happen, Facebook uses a Custom Audience Pixel that is activated when a visitor lands on a webpage and a unique cookie is placed in their browser.",deccjnlcifcffhkokojnlolfdccilell
0,Facebook lookalike audience targeting allows us to show ads on Facebook to people who are similar to those who have already visited or made a purchase from our website.,deccjnlcifcffhkokojnlolfdccilell
4,"How Your Information Is Used We use the information we receive from you to:Provide our products and services you have requested or purchased from u sPersonalize and customize our content Make improvements to our websiteContact you with updates to our website Resolve problems and disputes Contact you with marketing and advertising that we believe may be of interest to you Communications and Emails Administer and protect our website Keep records of orders placed or services rendered Analyze your use of our websites and other online services When we communicate with you about our website, we will use the email address you provided when you registered as a member or user.",deccjnlcifcffhkokojnlolfdccilell
14,"How Your Information Is Used We use the information we receive from you to:Provide our products and services you have requested or purchased from u sPersonalize and customize our content Make improvements to our websiteContact you with updates to our website Resolve problems and disputes Contact you with marketing and advertising that we believe may be of interest to you Communications and Emails Administer and protect our website Keep records of orders placed or services rendered Analyze your use of our websites and other online services When we communicate with you about our website, we will use the email address you provided when you registered as a member or user.",deccjnlcifcffhkokojnlolfdccilell
18,"How Your Information Is Used We use the information we receive from you to:Provide our products and services you have requested or purchased from u sPersonalize and customize our content Make improvements to our websiteContact you with updates to our website Resolve problems and disputes Contact you with marketing and advertising that we believe may be of interest to you Communications and Emails Administer and protect our website Keep records of orders placed or services rendered Analyze your use of our websites and other online services When we communicate with you about our website, we will use the email address you provided when you registered as a member or user.",deccjnlcifcffhkokojnlolfdccilell
0,We may also send you emails with promotional information about our website or offers from us or our affiliates unless you have opted out of receiving such information.,deccjnlcifcffhkokojnlolfdccilell
4,You can change your contact preferences at any time through your account or by sending us an email with your request to: lewissocialegacy.,deccjnlcifcffhkokojnlolfdccilell
3,clubSharing Information With Affiliates and Other Third Parties We do not sell or rent your PD to third parties for marketing purposes.,deccjnlcifcffhkokojnlolfdccilell
3,"However, for data aggregation purposes we may use your NPD, which might be sold to other parties at our discretion.",deccjnlcifcffhkokojnlolfdccilell
0,Any such data aggregation would not contain any of your PD.,deccjnlcifcffhkokojnlolfdccilell
0,We may provide your PD to third-party service providers we hire to provide services to us.,deccjnlcifcffhkokojnlolfdccilell
0,"These third-party service providers may include but are not limited to: payment processors, web analytics companies, advertising networks, call centers, data management services, help desk providers, accountants, law firms, auditors, shopping cart and email service providers, and shipping companies.",deccjnlcifcffhkokojnlolfdccilell
3,Sharing Information With Facebook and Google for Marketing PurposesWe may share your PD with third parties for similar audience marketing purposes.,deccjnlcifcffhkokojnlolfdccilell
0,Similar audience marketing is also called lookalike audience marketing.,deccjnlcifcffhkokojnlolfdccilell
0,The third parties we share your PD with for this type of marketing include Facebook and/or Google.,deccjnlcifcffhkokojnlolfdccilell
0,"Using your PD, for similar audience marketing or lookalike audience marketing helps us find new audiences (users and customers) based on similar interests to yours, this helps us improve our marketing services.",deccjnlcifcffhkokojnlolfdccilell
0,Your PD is only shared with Facebook and Google for this type of marketing.,deccjnlcifcffhkokojnlolfdccilell
3,"By using our website and agreeing to our privacy notice, you are giving your consent for your PD to be used for the marketing purposes described within this section.",deccjnlcifcffhkokojnlolfdccilell
0,"Legally Required Releases of Information We may be legally required to disclose your PD if such disclosure is (a) required by subpoena, law, or other legal process; (b) necessary to assist law enforcement officials or government enforcement agencies; (c) necessary to investigate violations of or otherwise enforce our Legal Terms; (d) necessary to protect us from legal action or claims from third parties, including you and/or other users or members; or (e) necessary to protect the legal rights, personal/real property, or personal safety of our company, users, employees, and affiliates.",deccjnlcifcffhkokojnlolfdccilell
0,"Disclosures to SuccessorsIf our business is sold or merges in whole or in part with another business that would become responsible for providing the website to you, we retain the right to transfer your PD to the new business.",deccjnlcifcffhkokojnlolfdccilell
0,The new business would retain the right to use your PD according to the terms of this privacy notice as well as to any changes to this privacy notice as instituted by the new business.,deccjnlcifcffhkokojnlolfdccilell
0,We also retain the right to transfer your PD if our company files for bankruptcy and some or all of our assets are sold to another individual or business.,deccjnlcifcffhkokojnlolfdccilell
0,Community Discussion Boards Our website may offer the ability for users to communicate with each other through online community discussion boards or other mechanisms.,deccjnlcifcffhkokojnlolfdccilell
0,We do not filter or monitor what is posted on such discussion boards.,deccjnlcifcffhkokojnlolfdccilell
0,"If you choose to post on these discussion boards, you should use care when exposing any PD, as such information is not protected by our privacy notice nor are we liable if you choose to disclose your PD through such postings.",deccjnlcifcffhkokojnlolfdccilell
0,"Also, PD you post on our website for publication may be available worldwide by means of the Internet.",deccjnlcifcffhkokojnlolfdccilell
0,We cannot prevent the use or misuse of such information by others.,deccjnlcifcffhkokojnlolfdccilell
2,"Retaining and Destroying Your PD We retain information that we collect from you (including your PD) only for as long as we need it for legal, business, or tax purposes.",deccjnlcifcffhkokojnlolfdccilell
3,"Retaining and Destroying Your PD We retain information that we collect from you (including your PD) only for as long as we need it for legal, business, or tax purposes.",deccjnlcifcffhkokojnlolfdccilell
0,"Your information may be retained in electronic form, paper form, or a combination of both.",deccjnlcifcffhkokojnlolfdccilell
6,"When your information is no longer needed, we will destroy, delete, or erase it.",deccjnlcifcffhkokojnlolfdccilell
0,Updating Your PD You can update your PD using services found on our website.,deccjnlcifcffhkokojnlolfdccilell
4,"If no such services exist, you can contact us using the contact information found at the top of this privacy notice and we will help you.",deccjnlcifcffhkokojnlolfdccilell
0,"However, we may keep your PD as needed to enforce our agreements and to comply with any legal obligations.",deccjnlcifcffhkokojnlolfdccilell
0,Revoking Your Consent for Using Your PDYou have the right to revoke your consent for us to use your PD at any time.,deccjnlcifcffhkokojnlolfdccilell
0,"Such an optout will not affect disclosures otherwise permitted by law including but not limited to: (i) disclosures to affiliates and business partners, (ii) disclosures to third-party service providers that provide certain services for our business, such as credit card processing, computer system services, shipping, data management services, (iii) disclosures to third parties as necessary to fulfill your requests, (iv) disclosures to governmental agencies or law enforcement departments, or as otherwise required to be made under applicable law, (v) previously completed disclosures to third parties, or (vi) disclosures to third parties in connection with subsequent contests or promotions you may choose to enter, or third-party offers you may choose to accept.",deccjnlcifcffhkokojnlolfdccilell
0,"If you want to revoke your consent for us to use your PD, send us an email with your request to:lewissocialegacy.",deccjnlcifcffhkokojnlolfdccilell
0,"club Protecting the Privacy Rights of Third PartiesIf any postings you make on our website contain information about third parties, you must make sure you have permission to include that information in your posting.",deccjnlcifcffhkokojnlolfdccilell
0,"While we are not legally liable for the actions of our users, we will remove any postings about which we are notified, if such postings violate the privacy rights of others.",deccjnlcifcffhkokojnlolfdccilell
0,Do Not Track SettingsSome web browsers have settings that enable you to request that our website not track your movement within our website.,deccjnlcifcffhkokojnlolfdccilell
0,Our website does not obey such settings when transmitted to and detected by our website.,deccjnlcifcffhkokojnlolfdccilell
0,You can turn off tracking features and other security settings in your browser by refeing to your browsers user manual.,deccjnlcifcffhkokojnlolfdccilell
0,Links to Other WebsitesOur website may contain links to other websites.,deccjnlcifcffhkokojnlolfdccilell
0,These websites are not under our control and are not subject to our privacy notice.,deccjnlcifcffhkokojnlolfdccilell
0,These websites will likely have their own privacy notices.,deccjnlcifcffhkokojnlolfdccilell
0,We have no responsibility for these websites and we provide links to these websites solely for your convenience.,deccjnlcifcffhkokojnlolfdccilell
0,You acknowledge that your use of and access to these websites are solely at your risk.,deccjnlcifcffhkokojnlolfdccilell
0,It is your responsibility to check the privacy notices of these websites to see how they treat your PD.,deccjnlcifcffhkokojnlolfdccilell
0,"Protecting Childrens PrivacyEven though our website is not designed for use by anyone under the age of 16, we realize that a child under the age of 16 may attempt to access our website.",deccjnlcifcffhkokojnlolfdccilell
0,We do not knowingly collect PD from children under the age of 16.,deccjnlcifcffhkokojnlolfdccilell
4,"If you are a parent or guardian and believe that your child is using our website, please contact us.",deccjnlcifcffhkokojnlolfdccilell
0,"Before we remove any information, we may ask for proof of identification to prevent malicious removal of account information.",deccjnlcifcffhkokojnlolfdccilell
6,"If we discover that a child is accessing our website, we will delete his/her information within a reasonable period of time.",deccjnlcifcffhkokojnlolfdccilell
0,You acknowledge that we do not verify the age of our users nor do we have any liability to do so.,deccjnlcifcffhkokojnlolfdccilell
0,Our Email PolicyYou can always opt out of receiving further email coespondence from us or our affiliates.,deccjnlcifcffhkokojnlolfdccilell
0,"We will not sell, rent, or trade your email address to any unaffiliated third party without your permission except in the sale or transfer of our business, or if our company files for bankruptcy.",deccjnlcifcffhkokojnlolfdccilell
0,Our Security PolicyWe have built our website using industry-standard security measures and authentication tools to protect the security of your PD.,deccjnlcifcffhkokojnlolfdccilell
0,"We and the third parties who provide services for us, also maintain technical and physical safeguards to protect your PD.",deccjnlcifcffhkokojnlolfdccilell
20,"When we collect your credit card information through our website, we will encrypt it before it travels over the Internet using industry-standard technology for conducting secure online transactions.",deccjnlcifcffhkokojnlolfdccilell
12,"When we collect your credit card information through our website, we will encrypt it before it travels over the Internet using industry-standard technology for conducting secure online transactions.",deccjnlcifcffhkokojnlolfdccilell
0,"Unfortunately, we cannot guarantee against the loss or misuse of your PD or secure data transmission over the Internet because of its nature.",deccjnlcifcffhkokojnlolfdccilell
0,We strongly urge you to protect any password you may have for our website and to not share it with anyone.,deccjnlcifcffhkokojnlolfdccilell
0,"You should always log out of our website when you finish using it, especially if you are sharing or using a computer in a public place.",deccjnlcifcffhkokojnlolfdccilell
0,Use of Your Credit CardYou may have to provide a credit card to buy products and services from our website.,deccjnlcifcffhkokojnlolfdccilell
0,We use third-party billing services and have no control over these services.,deccjnlcifcffhkokojnlolfdccilell
0,We use our commercially reasonable efforts to make sure your credit card number is kept strictly confidential by using only third-party billing services that use industry-standard encryption technology to protect your credit card number from unauthorized use.,deccjnlcifcffhkokojnlolfdccilell
0,"However, you understand and agree that we are in no way responsible for any misuse of your credit card number.",deccjnlcifcffhkokojnlolfdccilell
0,"Transfeing PD From the European Union(PD) that we collect from you may be stored, processed, and transfeed between any of the countries in which we operate.",deccjnlcifcffhkokojnlolfdccilell
0,The European Union has not found the United States and some other countries to have an adequate level of protection of PD under Article 45 of the GDPR.,deccjnlcifcffhkokojnlolfdccilell
0,Our company relies on derogation for specific situations as defined in Article 49 of the GDPR.,deccjnlcifcffhkokojnlolfdccilell
0,"For European Union customers and users, with your consent, your PD may be transfeed outside the European Union to the United States and other countries.",deccjnlcifcffhkokojnlolfdccilell
0,"We will use your PD to provide the goods, services, and/or information you request from us to perform a contract with you or to satisfy a legitimate interest of our company in a manner that does not outweigh your freedoms and rights.",deccjnlcifcffhkokojnlolfdccilell
0,"Wherever we transfer, process or store your PD, we will take reasonable steps to protect it.",deccjnlcifcffhkokojnlolfdccilell
0,We will use the information we collect from you in accordance with our privacy notice.,deccjnlcifcffhkokojnlolfdccilell
0,"By using our website, services, or products, you agree to the transfers of your PD described within this section.",deccjnlcifcffhkokojnlolfdccilell
2,"Data Retention We will only retain your personal data for as long as necessary to fulfill the purposes we collected it for, including for the purposes of satisfying any legal, account, or reporting requirements.",deccjnlcifcffhkokojnlolfdccilell
3,"Data Retention We will only retain your personal data for as long as necessary to fulfill the purposes we collected it for, including for the purposes of satisfying any legal, account, or reporting requirements.",deccjnlcifcffhkokojnlolfdccilell
3,"When deciding what the correct time is to keep the data we look at its amount, nature and sensitivity, potential risk of harm from unauthorized use or disclosure, the processing purposes, if these can be achieved by other means and legal requirements.",deccjnlcifcffhkokojnlolfdccilell
3,"For tax purposes, the law requires us to keep basic information about our customers (including contact, identity, financial and transaction data) for six years after they stop being customers.",deccjnlcifcffhkokojnlolfdccilell
4,"For tax purposes, the law requires us to keep basic information about our customers (including contact, identity, financial and transaction data) for six years after they stop being customers.",deccjnlcifcffhkokojnlolfdccilell
12,"For tax purposes, the law requires us to keep basic information about our customers (including contact, identity, financial and transaction data) for six years after they stop being customers.",deccjnlcifcffhkokojnlolfdccilell
3,"In some circumstances, we may anonymous your personal data for research or statistical purposes, in which case we may use this information indefinitely without further notice to you.",deccjnlcifcffhkokojnlolfdccilell
0,Changes to Our Privacy noticeWe reserve the right to change this privacy notice at any time.,deccjnlcifcffhkokojnlolfdccilell
0,"If our company decides to change this privacy notice, we will post those changes on our website so that our users and customers are always aware of what information we collect, use, and disclose.",deccjnlcifcffhkokojnlolfdccilell
0,"If at any time we decide to disclose or use your PD in a method different from that specified at the time it was collected, we will provide advance notice by email (sent to the email address on file in your account).",deccjnlcifcffhkokojnlolfdccilell
0,Otherwise we will use and disclose our users and customers PD in agreement with the privacy notice in effect when the information was collected.,deccjnlcifcffhkokojnlolfdccilell
0,"In all cases, your continued use of our website, services, and products after any change to this privacy notice will constitute your acceptance of such change.",deccjnlcifcffhkokojnlolfdccilell
4,"Questions About Our Privacy noticeIf you have any questions about our privacy notice, please contact us using the information at the top of this privacy notice under the introduction section.",deccjnlcifcffhkokojnlolfdccilell
4,"Gallery provides this Privacy Policy to inform users who download a Browser Extension from our websites, www.",bnklmjkphkdgkgpldfcgldldgiblgpbm
0,"newtabgallery.com and the various extension galleries and web-stores, (the Sites), about the limited use and disclosure of information generated by the Extension.",bnklmjkphkdgkgpldfcgldldgiblgpbm
0,The Extension may include links or otherwise allow you to access and perhaps submit information to third-party applications or sites.,bnklmjkphkdgkgpldfcgldldgiblgpbm
0,This Privacy Policy applies to the Extension only.,bnklmjkphkdgkgpldfcgldldgiblgpbm
0,"Any information you submit to linked sites or other applications that may be accessible from the Extension will be subject to the privacy policies of those sites or applications, if any.",bnklmjkphkdgkgpldfcgldldgiblgpbm
0,"You are not required to register with us to download a Extension, and may do so anonymously.",bnklmjkphkdgkgpldfcgldldgiblgpbm
0,"No Spyware, No AdwareThe Extension does not collect any personal information about you (such as your name, email address, etc.",bnklmjkphkdgkgpldfcgldldgiblgpbm
0,"Further, it does not collect or report back to us (or anyone else) any data regarding your computer keystrokes or other data unrelated to the services the Extension provides.",bnklmjkphkdgkgpldfcgldldgiblgpbm
0,Anonymous Extension Usage Statistics.,bnklmjkphkdgkgpldfcgldldgiblgpbm
0,"In order to continue to provide the high-quality Extensions to you and to other Users, we do need certain statistics about how our Extensions are used.",bnklmjkphkdgkgpldfcgldldgiblgpbm
0,"To facilitate this, the Extension includes one or more unique application numbers that are not associated with you or your NewTabGallery account (if you have chosen to register with us).",bnklmjkphkdgkgpldfcgldldgiblgpbm
4,"These numbers are sent to us when you install or uninstall the Extension and when the Extension periodically contacts our servers, for example, to request automatic updates or to provide us with usage statistics about that Extension, such as whether it is active, default settings and total usage of other features of the Extension, including links to third-party applications or sites (Usage Statistics).",bnklmjkphkdgkgpldfcgldldgiblgpbm
0,All Usage Statistics are recorded on a non-personally identifiable basis and is kept strictly anonymous.,bnklmjkphkdgkgpldfcgldldgiblgpbm
0,We do not use the Service to knowingly solicit data from or market to children under the age of 13.,bnklmjkphkdgkgpldfcgldldgiblgpbm
4,"If a parent or guardian becomes aware that his or her child has provided us with personally identifiable information without their consent, he or she should contact us at infobrandthunder.com.",bnklmjkphkdgkgpldfcgldldgiblgpbm
6,We will delete such information from our files.,bnklmjkphkdgkgpldfcgldldgiblgpbm
0,Our website and browser extensions are unofficial.,bnklmjkphkdgkgpldfcgldldgiblgpbm
0,We are not affiliated with or sponsored by the entity whose materials are represented in the extensions.,bnklmjkphkdgkgpldfcgldldgiblgpbm
0,"By downloading, installing and/or using our extensions, you acknowledge that our website and browser extensions are not affiliated with or sponsored by the entity whose materials are represented in the extensions.",bnklmjkphkdgkgpldfcgldldgiblgpbm
4,"If you have any questions or concerns about this Privacy Policy or its implementation, or if you believe there are inaccuracies in your account information you may contact us as follows: New Tab Group, LLCPO BOX 121Columbus, Ohio 43002 Email: infonewtabgallery.com Last Updated: DECEMBER 2018 Find Us Address Chrome New Tab Hours 24x7x365 About This Site We have been creating browser extensions for 10 years.",bnklmjkphkdgkgpldfcgldldgiblgpbm
0,we love making your browsing experience more enjoyable!,bnklmjkphkdgkgpldfcgldldgiblgpbm
0,"This Privacy Policy describes your privacy rights regarding the collection, use, processing, storage and protection of your personal data.",ecnpogknkjmbicoiindidldgedjibfep
0,"This Policy applies to all websites of WebMoney Transfer system and all related applications, services and tools, without distinction of the type of access or use.",ecnpogknkjmbicoiindidldgedjibfep
4,More information about how to use private information and contact details for any questions are available in the Center of confidentiality.,ecnpogknkjmbicoiindidldgedjibfep
0,"You accept the terms of this Privacy Policy when you subscribe, gaining access to or use of the products, services, content, features, technologies or functions offered by our web site and all related web sites, applications, and services (together refeed to as the WebMoney Services Transfer).",ecnpogknkjmbicoiindidldgedjibfep
0,"WebMoney Transfer may at any time revise this policy, which will be published on the website of the system.",ecnpogknkjmbicoiindidldgedjibfep
0,"Coected version shall be effective as of the time of its publication on the website moreover once we make major changes, we are undertaking to publish a notice of upcoming changes on the page ""Policy Updates"" on our website no less than 30 days before.",ecnpogknkjmbicoiindidldgedjibfep
0,"After the 30-day period, system considers you unconditionally accept all the amendments to this Policy.",ecnpogknkjmbicoiindidldgedjibfep
17,"Collecting information about usersDuring visiting WebMoney Transfer websites or using its services, system collects information sent by your computer, mobile phone or other device for access.",ecnpogknkjmbicoiindidldgedjibfep
1,"Collecting information about usersDuring visiting WebMoney Transfer websites or using its services, system collects information sent by your computer, mobile phone or other device for access.",ecnpogknkjmbicoiindidldgedjibfep
15,"Information sent to the system includes data pages you visit, your computer IP address, device identifiers, the type of operating system, your location data, your mobile network data, web log data and other information.",ecnpogknkjmbicoiindidldgedjibfep
0,Web log data includes information about your browser type and intensity of data exchange with our web site.,ecnpogknkjmbicoiindidldgedjibfep
17,"When you visit Webmoney Transfer web sites or using WebMoney Transfer services, the system also collect data of your transactions and activity.",ecnpogknkjmbicoiindidldgedjibfep
1,"During the registration in WebMoney Transfer system or using its services we may also collect the following information:Contact information, for example first name and last name, address, phone number, email address and other related informationDetailed personal information such as birth date or identity card number.",ecnpogknkjmbicoiindidldgedjibfep
12,"During the registration in WebMoney Transfer system or using its services we may also collect the following information:Contact information, for example first name and last name, address, phone number, email address and other related informationDetailed personal information such as birth date or identity card number.",ecnpogknkjmbicoiindidldgedjibfep
0,"We can also request information about you from third parties, for example, credit bureaus and organizations that provide services for the identification, in order to confirm your identity and minimize the risk of fraud using WMID.",ecnpogknkjmbicoiindidldgedjibfep
0,"You can provide us access to certain personal data stored by third parties, such as the Web sites of social networks (eg, Twitter).",ecnpogknkjmbicoiindidldgedjibfep
0,The information depends on the particular web site and monitored the website itself.,ecnpogknkjmbicoiindidldgedjibfep
0,"Linking an account managed by a third-party company with your WMID and allowing WebMoney Transfer has access to this information, you agree that WebMoney Transfer may collect, store and use this information in accordance with the Privacy Policy provisions.",ecnpogknkjmbicoiindidldgedjibfep
0,If you agree with the Privacy Policy we will use these data to fulfill our obligations as part of the WebMoney Transfer system websites access providing (for example in cases of requests of your account recovery).,ecnpogknkjmbicoiindidldgedjibfep
0,Your name and avatar can be used for displaying in the WebMoney Transfer system website interface.,ecnpogknkjmbicoiindidldgedjibfep
0,Your E-mail can be used to send notifications to you.,ecnpogknkjmbicoiindidldgedjibfep
6,"If you decide to delete the data of your social networks accounts, you can do it by yourself in the WebMoney Keeper application (Settings linked accounts) https://wallet.",ecnpogknkjmbicoiindidldgedjibfep
6,money/settings/section/linked_accounts You can also send a request to the technical support to delete the data of your social networks accounts by the email supportwebmoney.com.,ecnpogknkjmbicoiindidldgedjibfep
1,"To protect your personal information from fraud and malicious use, the system may collect data about users interaction with web site or use WebMoney Transfer service.",ecnpogknkjmbicoiindidldgedjibfep
0,"For example, we can perform a scan of your computer, mobile device or other access device for the presence of malicious software or activity.",ecnpogknkjmbicoiindidldgedjibfep
1,"System may also collect additional information about you in another manner, for example, by means of customer service, your responses to social surveys and your interaction with other members of WebMoney Transfer system or other companies.",ecnpogknkjmbicoiindidldgedjibfep
0,"You hereby give your consent to the Owner and Administrator of WebMoney Transfer System to the processing of your personal data (collection, recording, systematization, accumulation, storage, clarification (update or modification), usage, distribution (including transmission), depersonalization, blocking, destruction, transfer (including cross border transfer) and any other action with the personal data in accordance with the applicable law.",ecnpogknkjmbicoiindidldgedjibfep
19,Cookie files usage Upon receipt an access to WebMoney Transfer websites or use WebMoney Transfer services (including companies we cooperate with) the system may the system may place small data files on your computer or other access device.,ecnpogknkjmbicoiindidldgedjibfep
19,"It can be cookie files, pixel tags, flash cookies or other types of files which are supported by your browser or other related applications (Cookies).",ecnpogknkjmbicoiindidldgedjibfep
3,"We use these technologies for the following purposes: recognizing clients, setting WebMoney Transfer services, content and advertising, estimate of efficiency of advertising, your WMID safety ensuring, fraud prevention and risk associated with it, as well as enforcement of trust and security on our websites and in providing WebMoney Transfer services.",ecnpogknkjmbicoiindidldgedjibfep
18,"We use these technologies for the following purposes: recognizing clients, setting WebMoney Transfer services, content and advertising, estimate of efficiency of advertising, your WMID safety ensuring, fraud prevention and risk associated with it, as well as enforcement of trust and security on our websites and in providing WebMoney Transfer services.",ecnpogknkjmbicoiindidldgedjibfep
19,We use session and persistent cookie.,ecnpogknkjmbicoiindidldgedjibfep
0,"Session cookie files are not being kept and its information are being deleted once the user logs off his member account, or closes browser.",ecnpogknkjmbicoiindidldgedjibfep
6,Persistent cookie are being kept on your computer until its storage period will be expired or it will be deleted by user.,ecnpogknkjmbicoiindidldgedjibfep
19,Persistent cookie are being kept on your computer until its storage period will be expired or it will be deleted by user.,ecnpogknkjmbicoiindidldgedjibfep
19,We encode cookie files in order to interpret information stored in it.,ecnpogknkjmbicoiindidldgedjibfep
19,"You have the right to prohibit the use of the cookie-file, if your browser or browser add-ons allow you to do this but it could prevent you from using web site and WebMoney Transfer services.",ecnpogknkjmbicoiindidldgedjibfep
6,"You can refer to the instructions to block, remove or disable Cookies in reference section of browser, browser extensions or installed applications.",ecnpogknkjmbicoiindidldgedjibfep
19,"You can refer to the instructions to block, remove or disable Cookies in reference section of browser, browser extensions or installed applications.",ecnpogknkjmbicoiindidldgedjibfep
0,Cookie files or WebMoney Transfer pixel tags may be located on web sites which we do not control.,ecnpogknkjmbicoiindidldgedjibfep
19,"For example, cookie or pixel tag placed by web page or application may be located on web pages created by third-parties or in applications made by third-party developers.",ecnpogknkjmbicoiindidldgedjibfep
0,In a similar manner third-party developers may place their own cookie files or pixel tags which are not controlled by our system and are not the part of WebMoney Transfer Privacy Policy.,ecnpogknkjmbicoiindidldgedjibfep
0,"Data storage and protectionIn this policy provisions, the term personal data is used for describing information associated with a particular person and the identity of that person.",ecnpogknkjmbicoiindidldgedjibfep
13,"We do not refer to personal data any information from anonymous sources, because it does not identify a specific user.",ecnpogknkjmbicoiindidldgedjibfep
0,Your personal information is stored and processed on computers of WebMoney Transfer system in any country where our offices are located.,ecnpogknkjmbicoiindidldgedjibfep
0,"Your data protection is performed by using physical, technical and administrative measures aimed to loss risk prevention, misuse of data, unauthorised access, privacy violations and data changes.",ecnpogknkjmbicoiindidldgedjibfep
0,"Security aangements include firewall (brandmauer) and data encryption, control of physical access to the system data centers, as well as control access permissions to the data.",ecnpogknkjmbicoiindidldgedjibfep
3,"Personal data usage The main goal of collecting personal data is maintaining secure unhampered and efficientservice, according to your requests.",ecnpogknkjmbicoiindidldgedjibfep
1,"Your personal data may be used for the following purposes: providing WebMoney Transfer services and technical support to customers; operation handling and sending notifications of operations; settlement of disputes, charging fees and eliminating the problems;tracing, prevention and eliminating of consequences of fraud and other illegal activities and tracing, prevention and eliminating of consequences of violation of rules or or the applicable agreement with the user;setting, evaluation and improvement of WebMoney Transfer services and the content, structure and operation of web sites and applications;implementation of target marketing; service update notification and promotional offers based on your connection optionscommunication with you via any phone number, with the help of voice call or via text messages (SMS) or email in accordance with terms of Agreement; comparison of the information in order to ensure its accuracy and verify with third parties.",ecnpogknkjmbicoiindidldgedjibfep
3,"Your personal data may be used for the following purposes: providing WebMoney Transfer services and technical support to customers; operation handling and sending notifications of operations; settlement of disputes, charging fees and eliminating the problems;tracing, prevention and eliminating of consequences of fraud and other illegal activities and tracing, prevention and eliminating of consequences of violation of rules or or the applicable agreement with the user;setting, evaluation and improvement of WebMoney Transfer services and the content, structure and operation of web sites and applications;implementation of target marketing; service update notification and promotional offers based on your connection optionscommunication with you via any phone number, with the help of voice call or via text messages (SMS) or email in accordance with terms of Agreement; comparison of the information in order to ensure its accuracy and verify with third parties.",ecnpogknkjmbicoiindidldgedjibfep
14,"Your personal data may be used for the following purposes: providing WebMoney Transfer services and technical support to customers; operation handling and sending notifications of operations; settlement of disputes, charging fees and eliminating the problems;tracing, prevention and eliminating of consequences of fraud and other illegal activities and tracing, prevention and eliminating of consequences of violation of rules or or the applicable agreement with the user;setting, evaluation and improvement of WebMoney Transfer services and the content, structure and operation of web sites and applications;implementation of target marketing; service update notification and promotional offers based on your connection optionscommunication with you via any phone number, with the help of voice call or via text messages (SMS) or email in accordance with terms of Agreement; comparison of the information in order to ensure its accuracy and verify with third parties.",ecnpogknkjmbicoiindidldgedjibfep
17,"Your personal data may be used for the following purposes: providing WebMoney Transfer services and technical support to customers; operation handling and sending notifications of operations; settlement of disputes, charging fees and eliminating the problems;tracing, prevention and eliminating of consequences of fraud and other illegal activities and tracing, prevention and eliminating of consequences of violation of rules or or the applicable agreement with the user;setting, evaluation and improvement of WebMoney Transfer services and the content, structure and operation of web sites and applications;implementation of target marketing; service update notification and promotional offers based on your connection optionscommunication with you via any phone number, with the help of voice call or via text messages (SMS) or email in accordance with terms of Agreement; comparison of the information in order to ensure its accuracy and verify with third parties.",ecnpogknkjmbicoiindidldgedjibfep
3,Marketing We do not sell and provide your Personal data to third parties for marketing purposes without your explicit agreement.,ecnpogknkjmbicoiindidldgedjibfep
0,"In order to optimize and personalize WebMoney Transfer services, content and advertising, we may combine your information with information obtained from other companies.",ecnpogknkjmbicoiindidldgedjibfep
0,"If you refuse to get advertising information or participating in notification settings programs, please specify your settings after logging in the system using your username in notification section.",ecnpogknkjmbicoiindidldgedjibfep
14,We respect your method of communication.,ecnpogknkjmbicoiindidldgedjibfep
0,If you do not wish to get notifications in our application you should change settings visiting settings page in the application.,ecnpogknkjmbicoiindidldgedjibfep
1,We can contact you via phone call or text message (SMS) using the number you put in our system.,ecnpogknkjmbicoiindidldgedjibfep
4,We can contact you via phone call or text message (SMS) using the number you put in our system.,ecnpogknkjmbicoiindidldgedjibfep
14,You may specify a preferred method of communication by changing the settings in your member accountby following the instructions provided.,ecnpogknkjmbicoiindidldgedjibfep
12,"Disclosure of your personal information to other members of WebMoney Transfer systemFor payment processing, we need to provide some personal information to persons or companies to whom you transfer funds or from whom you receive payments.",ecnpogknkjmbicoiindidldgedjibfep
4,"Your contact information, registry data, quantity of payments you got from verified users of WebMoney Transfer system disclose to other members of WebMoney Transfer system with whom you conduct transactions using WebMoney Transfer system.",ecnpogknkjmbicoiindidldgedjibfep
12,"Your contact information, registry data, quantity of payments you got from verified users of WebMoney Transfer system disclose to other members of WebMoney Transfer system with whom you conduct transactions using WebMoney Transfer system.",ecnpogknkjmbicoiindidldgedjibfep
0,This and other information may also be disclosed to third parties in case their participation in providing access to WebMoney Transfer services.,ecnpogknkjmbicoiindidldgedjibfep
0,Without your agreement third parties cannot use these data only for providing WebMoney Transfer services.,ecnpogknkjmbicoiindidldgedjibfep
0,"During transferring funds and entering your email address, we disclose to the sending party your first name and the last name which you put in our system when while registry in the system to verify that they transfer funds to the coect account only if you agreed to provide this data.",ecnpogknkjmbicoiindidldgedjibfep
0,"It should be noted that merchants , legal entities and users from whom you are buying goods have their own Privacy Policies.",ecnpogknkjmbicoiindidldgedjibfep
3,"Despite the fact that the agreement with WebMoney Transfer member forbids other party to use this information for purposes other than service WebMoney Transfer, WebMoney Transfer System is not responsible for their actions, including their data protection methods.",ecnpogknkjmbicoiindidldgedjibfep
12,Disclosure of your personal information to third partiesWe may disclose your personal data to the following persons:financial institutions with whom we collaborate for creation and promotion the product.,ecnpogknkjmbicoiindidldgedjibfep
12,"These financial institutions can use this information only for the realization of products associated with WebMoney Transfer, except cases of your explicit agreement on other use.",ecnpogknkjmbicoiindidldgedjibfep
12,"law-enforcement authorities, government officials or other persons in accordance with subpoena, court process or other legal process applied to WebMoney Transfer system or one of its unit, if we are obliged to do so in order to comply with government regulations or policies of the credit institution, or if we believe (on our own discretion) that disclosure of Private data is necessary to prevent physical harm or financial loss, to report suspicions of illegal activity, or to investigate violations of the Agreement with user.",ecnpogknkjmbicoiindidldgedjibfep
17,"law-enforcement authorities, government officials or other persons in accordance with subpoena, court process or other legal process applied to WebMoney Transfer system or one of its unit, if we are obliged to do so in order to comply with government regulations or policies of the credit institution, or if we believe (on our own discretion) that disclosure of Private data is necessary to prevent physical harm or financial loss, to report suspicions of illegal activity, or to investigate violations of the Agreement with user.",ecnpogknkjmbicoiindidldgedjibfep
0,other third parties with your consent or by your request.,ecnpogknkjmbicoiindidldgedjibfep
0,Please note that these third parties may be located in other countries whose laws on the personal data processing may be less stringent than in your country.,ecnpogknkjmbicoiindidldgedjibfep
0,WebMoney Transfer will not sell or disclose your personal information to third parties for marketing activities and may provide your personal information to third parties only in accordance with the conditions described in this Policy.,ecnpogknkjmbicoiindidldgedjibfep
0,"Gaining access to personal data, or change personal dataYou may view and edit your personal data at any moment in your profile settings.",ecnpogknkjmbicoiindidldgedjibfep
14,Business communication networkBusiness partnership and project managementevents.,ecnpogknkjmbicoiindidldgedjibfep
0,News For developers Cooperation Press contacts,ecnpogknkjmbicoiindidldgedjibfep
4,cooperationpress centrecontacts For all questions mail to support.,ecnpogknkjmbicoiindidldgedjibfep
0,wmtransfer.com Siteowners use WEBMONEY and WEBMONEY TRANSFER trademarks with permission of rightholders Copyright WebMoney 1998.,ecnpogknkjmbicoiindidldgedjibfep
0,"Privacy Policy  Feathrimgheight=""1"" width=""1"" style=""display:none;"" alt="""" src=""https://dc.",ginkedncioeklbedknoffjgcekmcjgem
0,co Technology & Website Privacy Policy This privacy policy has been compiled to better serve those who are concerned with how their Personally identifiable information (PII) is being used online.,ginkedncioeklbedknoffjgcekmcjgem
4,"PII, as used in US privacy law and information security, is information that can be used on its own or with other information to identify, contact, or locate a single person, or to identify an individual in context.",ginkedncioeklbedknoffjgcekmcjgem
0,"Please read our privacy policy carefully to get a clear understanding of how we collect, use, protect or otherwise handle your Personally Identifiable Information in accordance with our Website and Technology.",ginkedncioeklbedknoffjgcekmcjgem
0,About Us Feathr is an online advertising and event marketing platform headquartered in the United States.,ginkedncioeklbedknoffjgcekmcjgem
0,"We provide this privacy policy to inform you about how our technology platform (Technology) processes information on behalf of online advertisers, website owners, data providers and other businesses that use our services (collectively, our Customers).",ginkedncioeklbedknoffjgcekmcjgem
0,Feathr runs a marketing platform.,ginkedncioeklbedknoffjgcekmcjgem
0,The Feathr Technology allows our Customers to buy ad space on websites for online advertising and allows for the use of proprietary and third party data in the purchase of that media.,ginkedncioeklbedknoffjgcekmcjgem
0,"When ad space on or within a website or mobile application is bought or sold (usually to an advertiser or ad agency by a web publisher) the Technology, fulfills the transaction by delivering the ad to Internet and mobile users who visit that site or use that application.",ginkedncioeklbedknoffjgcekmcjgem
4,"Generally, an Internet users computer comes into contact with Feathr when a user views an ad, opens an email, or visits a website, delivered or serviced by or with our Technology.",ginkedncioeklbedknoffjgcekmcjgem
0,"Serving users relevant advertising is sometimes refeed to as interest based advertising or online behavioral advertising, also known as IBA or OBATechnologyLast Edited on 2018-06-19Our fundamental principal is that when advertising is tailored to a user based on their interests and behavior, it is mutually beneficial to the user and the business wishing to engage with them.",ginkedncioeklbedknoffjgcekmcjgem
3,"To do this, we collect a variety of data from Customers and across platforms, including from other third party platforms and providers, to help optimize ads and increase the likelihood that a particular unique, but anonymous users will be interested in an ad they see.",ginkedncioeklbedknoffjgcekmcjgem
15,"Our Technology collects Non-Personally Identifiable Information (Non-PII) that may include, but is not limited to, your IP host address, the date and time of the ad request, pages viewed, browser type, the refeing URL, Internet Service Provider, and your computers operating system, as well as how you interact with a web page or ad.",ginkedncioeklbedknoffjgcekmcjgem
17,"Our Technology collects Non-Personally Identifiable Information (Non-PII) that may include, but is not limited to, your IP host address, the date and time of the ad request, pages viewed, browser type, the refeing URL, Internet Service Provider, and your computers operating system, as well as how you interact with a web page or ad.",ginkedncioeklbedknoffjgcekmcjgem
0,"We may also receive Non-PII such as age, gender, income, education, interests, and usage activity from Customers or other third parties, such as other data and advertising platforms we work with.",ginkedncioeklbedknoffjgcekmcjgem
19,"We may assign a unique, non-PII identifier to your browser or device, such as an identifier associated with a cookie on your browser, and this identifier may likewise be associated with any other (anonymous or de-identified) information we have collected about, or otherwise learned or infeed about you.",ginkedncioeklbedknoffjgcekmcjgem
15,"We also may collect or receive analogous Non-PII from mobile platforms or applications, which may include information about your interactions with those platforms or applications (including your IP address and time-stamp information), your precise geolocation information (such as latitudinal and longitudinal coordinates), and information about your mobile device (including device type, handset name, operating system information, mobile identifiers such as Apple IDFA and Android Advertising ID, app-specific identifiers, and a list of the applications your device interacts with).",ginkedncioeklbedknoffjgcekmcjgem
0,"Sometimes, we obtain the above information from other ad platforms, application platforms or providers, customers or websites and services (including our Customers).",ginkedncioeklbedknoffjgcekmcjgem
0,"Customers may also choose to provide us with personally identifiable information such as an email address, name, username or other identifier or any other PII.",ginkedncioeklbedknoffjgcekmcjgem
3,"How We Use Information CollectedFeathr uses Non-PII and, if it is provided to us by a Customer, to target and serve relevant advertising to users and to perform attribution analysis or other analytics regarding advertising audiences, as well as to compile, match and link audiences on behalf of Customers.",ginkedncioeklbedknoffjgcekmcjgem
3,"For instance, we may use information, generally on behalf of Customer, to:Determine what ad to show a user, and customize ads to particular types of audiences;Customize ads to the type of web page users are viewing;Limit the number of times a user sees an ad or a type of ad;Perform analysis of how effective ads are;Help advertisers learn more about their own users.",ginkedncioeklbedknoffjgcekmcjgem
3,"Sometimes we may use or make available to Customers the Non-PII we collect or receive (such as IP Address) to recognize users or try to resolve a commonality of users (or households) across platforms or across devices, such as smartphones, computers, tablets or related browsers.",ginkedncioeklbedknoffjgcekmcjgem
3,"For instance, we might infer that a common IP address seen across different devices represents a common user (or a related or similar user), and use that inference in tailoring ads.",ginkedncioeklbedknoffjgcekmcjgem
3,"If a Customer provides us with PII, we may also use PII, or a combination of PII and Non-PII for this purpose.",ginkedncioeklbedknoffjgcekmcjgem
0,"Occasionally, we use or create anonymized data sets (which may constitute hashed or obfuscated personally identifiable information), in order to promote, test or validate the accuracy of such inferences.",ginkedncioeklbedknoffjgcekmcjgem
19,"Cookies and Web Beacons In order to help make the online advertisements more relevant to users, our Technology uses the standard cookies feature of major browser applications that allows us to store a small piece of data on users computers about users visits to certain websites.",ginkedncioeklbedknoffjgcekmcjgem
19,We also use cookies to understand users browsing and buying activities so that we can measure the success of online advertising campaigns we run.,ginkedncioeklbedknoffjgcekmcjgem
19,Cookies are small text files that web servers typically send to users computer when they visit a website.,ginkedncioeklbedknoffjgcekmcjgem
19,"Cookies are stored as text files on users hard drive, and can be accessed by web servers when the user visits a website or views an advertisement.",ginkedncioeklbedknoffjgcekmcjgem
16,"Cookies are used by companies to collect and send information about a users website visits xe2x80x93 for example, number of visits, average time spent, pages viewed, navigation history through the website, and other statistics.",ginkedncioeklbedknoffjgcekmcjgem
19,"Cookies are used by companies to collect and send information about a users website visits xe2x80x93 for example, number of visits, average time spent, pages viewed, navigation history through the website, and other statistics.",ginkedncioeklbedknoffjgcekmcjgem
0,"This information helps companies improve a users online experience in many ways: for example, by allowing companies to monitor website performance, making the website easier to use, measuring the effectiveness of their promotional placements, and tailoring their website (including the ads and offers they receive) to better match a users interests and preferences.",ginkedncioeklbedknoffjgcekmcjgem
0,Users who prefer not to accept cookies can set their Internet browser to notify them when they receive a cookie or to prevent cookies from being placed on their hard drive.,ginkedncioeklbedknoffjgcekmcjgem
19,"Feathr also uses web beacons (also known as gifs), along with cookies, to determine if a user has visited a particular website.",ginkedncioeklbedknoffjgcekmcjgem
0,"These beacons aid in providing more relevant advertising to the user, as well measuring the success of an advertising campaign, but provide no personally identifiable information.",ginkedncioeklbedknoffjgcekmcjgem
0,Information Sharing Feathr may share the non-PII that we collect and receive in various ways.,ginkedncioeklbedknoffjgcekmcjgem
0,"Primarily, we may work with Customers and other third parties to help optimize ads and make them more likely to be relevant to users, by comparing, syncing and sharing the non-PII described above.",ginkedncioeklbedknoffjgcekmcjgem
0,"For instance, we may disclose to other ad platforms, customers or websites and services (including our Customers), non-PII we have collected (generally, unique, anonymous identifiers representing users browsers), to match their unique identifiers to our own, so that we can sync identifiers in order to help them show more relevant ads, match users to their likely interests, or better synchronize, cap, or otherwise optimize advertising.",ginkedncioeklbedknoffjgcekmcjgem
3,"Finally, we may share aggregated, non-personal information with Customers in connection with reporting and accounting needs as well as with other unaffiliated third parties for various purposes such as statistical or educational analysis (such as the creation of predictive models).",ginkedncioeklbedknoffjgcekmcjgem
0,"Feathr may share the PII provided to us by a Customer with that Customer for the provision of services to that Customer and as set forth in this policy, including in order to assist Customers with targeted advertising.",ginkedncioeklbedknoffjgcekmcjgem
0,"We may sync or combine Non-PII that has been shared with third parties (as set forth above) with PII, and we may share the combined data with the Customer who provided us with the PII.",ginkedncioeklbedknoffjgcekmcjgem
0,"We may also share PII, Non-PII or any combination thereof:to be processed on our behalf by third-party service providers that assist us in running our business, including providers of data storage and processing facilities.",ginkedncioeklbedknoffjgcekmcjgem
0,"we reasonably believe we are obligated to do so by law, and in order to investigate, prevent, or take action regarding suspected or actual activities that may harm any person, our company, the Technology, or otherwise violate any law.",ginkedncioeklbedknoffjgcekmcjgem
0,"Also, in the event Feathr is merged into another company, or another company acquires all or substantially all of Feathrs assets, including, without limitation, in the event of bankruptcy, all data compiled or owned by Feathr may be among the items transfeed in that transaction.",ginkedncioeklbedknoffjgcekmcjgem
0,Your Opt-Out ChoicesYou can opt out of receiving personalized ads served by us or on our behalf by clicking on the blue icon that typically appears in the corner of the ads we serve and following the instructions provided or by visiting our Privacy Platform.,ginkedncioeklbedknoffjgcekmcjgem
0,"Please note that this opt out function is browser-specific and relies on an opt out cookie: thus, if you delete your cookies or upgrade your browser after having opted out, you will need to opt out again or make sure to opt out from the device you intend to remove from targeting and personalization.",ginkedncioeklbedknoffjgcekmcjgem
0,The online advertising industry provides websites from which you may opt-out of receiving targeted ads from our data and advertising partners.,ginkedncioeklbedknoffjgcekmcjgem
0,"You can access these, and also learn more about targeted advertising and user choice and privacy, at http://www.",ginkedncioeklbedknoffjgcekmcjgem
0,info and at http://www.networkadvertising.org/choices/.,ginkedncioeklbedknoffjgcekmcjgem
0,If you are located in the EU you can access this information at http://www.,ginkedncioeklbedknoffjgcekmcjgem
0,If you are an EU citizen you have additional rights afforded to you under the General Data Protection Regulation (GDPR) described below.,ginkedncioeklbedknoffjgcekmcjgem
4,"GDPR Data Protection Rights If you are a resident of a European Teitory, you have the following enhanced rights and modes of executing them through Feathr: If you wish toaccess, coect, update or request deletion of your personal information, you can contact us using the contact details provided under the Contact us about questions or concerns heading below.",ginkedncioeklbedknoffjgcekmcjgem
7,"You can further object to processing of your personal information, ask us to restrict processing of your personal information.",ginkedncioeklbedknoffjgcekmcjgem
8,"You can further object to processing of your personal information, ask us to restrict processing of your personal information.",ginkedncioeklbedknoffjgcekmcjgem
4,"Again, you can exercise these rights by contacting us using the contact details provided under the Contacting Us"" heading below.",ginkedncioeklbedknoffjgcekmcjgem
8,"If we have already collected and processed your personal information with your consent, then you can withdraw or modify your consent at any time.",ginkedncioeklbedknoffjgcekmcjgem
8,"Withdrawing your consent will not affect the lawfulness of any processing we conducted prior to your withdrawal, nor will it affect processing of your personal information conducted in reliance on lawful processing grounds other than consent.",ginkedncioeklbedknoffjgcekmcjgem
19,You can withdraw consent for us or our partners to drop our tracking cookies and our partners cookies by visiting our Privacy Platformor by withdrawing consent for Feathr when you see an IAB compliant consent management platform on a publisher or advertiser site which lists Feathr as a participating vendor.,ginkedncioeklbedknoffjgcekmcjgem
0,Please note that we have no direct relationship with the individuals whose personal data we process on behalf of our clients and partners.,ginkedncioeklbedknoffjgcekmcjgem
6,"Where we act as a processor for our clients and partners (for example, with respect to our email products), you should direct any requests to access, coect, update, or delete your personal data to the respective client or partner.",ginkedncioeklbedknoffjgcekmcjgem
0,We will respond to any requests by a client or partner to provide assistance with such requests within 30 days.,ginkedncioeklbedknoffjgcekmcjgem
2,Data Storage and SecurityWe retain the both PII and Non-PII collected via our Technology for up to 24 months.,ginkedncioeklbedknoffjgcekmcjgem
2,After 24 months (or sooner) Non-PII data is stored in aggregate for up to three years and PII is destroyed.,ginkedncioeklbedknoffjgcekmcjgem
0,The security of your information is important to us.,ginkedncioeklbedknoffjgcekmcjgem
0,"Feathr has implemented security measures to prevent the loss, misuse, and alteration of the information that our Technology collects, but we make no assurances about our ability to prevent such loss, misuse, to you or to any third party arising out of any such loss, misuse, or alteration.",ginkedncioeklbedknoffjgcekmcjgem
0,Changes To Our PolicyWe may revise this policy at any time.,ginkedncioeklbedknoffjgcekmcjgem
0,Any changes and/or updates to the policy will be updated directly on this page.,ginkedncioeklbedknoffjgcekmcjgem
0,We encourage you to visit this page periodically to review our cuent privacy policy so that you will always know what information we gather and how we may use that information.,ginkedncioeklbedknoffjgcekmcjgem
0,International TransfersFeathr operates the Technology from servers located in the United States of America and the information it collects through Customers is processed in the United States of America.,ginkedncioeklbedknoffjgcekmcjgem
0,"Laws governing the collection and use of data in the United States may not be equivalent to those in the country where you reside, but Feathr will at all times protect your data in accordance with this Policy.",ginkedncioeklbedknoffjgcekmcjgem
4,"Contacting Us Should you have any questions in regards to this policy or Feathrs privacy practices, please contact our representatives at the following email and they will be more than happy to clarify and assist you in any way possible: privacyfeathr.co, or by mail at:feathr.co104 N. Main StreetSuite 600 Gainesville, FL 32601 USA privacyfeathr.",ginkedncioeklbedknoffjgcekmcjgem
0,"coWebsiteWhat personal information do we collect from the people that visit our blog, website or app?",ginkedncioeklbedknoffjgcekmcjgem
1,"When ordering or registering on our site, as appropriate, you may be asked to enter your name, email address or other details to help you with your experience.",ginkedncioeklbedknoffjgcekmcjgem
0,When do we collect information?,ginkedncioeklbedknoffjgcekmcjgem
0,"We collect information from you when you subscribe to a newsletter, fill out a form or enter information on our site.",ginkedncioeklbedknoffjgcekmcjgem
0,How do we use your information?,ginkedncioeklbedknoffjgcekmcjgem
3,"We may use the information we collect from you when you register, make a purchase, sign up for our newsletter, respond to a survey or marketing communication, surf the website, or use certain other site features in the following ways: To administer a contest, promotion, survey or other site feature.",ginkedncioeklbedknoffjgcekmcjgem
0,To send periodic emails regarding your order or other products and services.,ginkedncioeklbedknoffjgcekmcjgem
0,How do we protect visitor information?,ginkedncioeklbedknoffjgcekmcjgem
0,Our website is scanned on a regular basis for security holes and known vulnerabilities in order to make your visit to our site as safe as possible.,ginkedncioeklbedknoffjgcekmcjgem
0,"Your personal information is contained behind secured networks and is only accessible by a limited number of persons who have special access rights to such systems, and are required to keep the information confidential.",ginkedncioeklbedknoffjgcekmcjgem
20,"In addition, all sensitive/credit information you supply is encrypted via Secure Socket Layer (SSL) technology.",ginkedncioeklbedknoffjgcekmcjgem
0,"We implement a variety of security measures when a user enters, submits, or accesses their information to maintain the safety of your personal information.",ginkedncioeklbedknoffjgcekmcjgem
0,All credit card transactions are processed through a gateway provider and are not stored or processed on our servers.,ginkedncioeklbedknoffjgcekmcjgem
19,Do we use cookies?,ginkedncioeklbedknoffjgcekmcjgem
19,Cookies are small files that a site or its service provider transfers to your computers hard drive through your Web browser (if you allow) that enables the sites or service providers systems to recognize your browser and capture and remember certain information.,ginkedncioeklbedknoffjgcekmcjgem
19,"For instance, we use cookies to help us remember and process the items in your shopping cart.",ginkedncioeklbedknoffjgcekmcjgem
0,"They are also used to help us understand your preferences based on previous or cuent site activity, which enables us to provide you with improved services.",ginkedncioeklbedknoffjgcekmcjgem
19,We also use cookies to help us compile aggregate data about site traffic and site interaction so that we can offer better site experiences and tools in the future.,ginkedncioeklbedknoffjgcekmcjgem
19,We use cookies to: Understand and save users preferences for future visits.,ginkedncioeklbedknoffjgcekmcjgem
0,Keep track of advertisements.,ginkedncioeklbedknoffjgcekmcjgem
0,Compile aggregate data about site traffic and site interactions in order to offer better site experiences and tools in the future.,ginkedncioeklbedknoffjgcekmcjgem
0,We may also use trusted third party services that track this information on our behalf.,ginkedncioeklbedknoffjgcekmcjgem
19,"You can choose to have your computer warn you each time a cookie is being sent, or you can choose to turn off all cookies.",ginkedncioeklbedknoffjgcekmcjgem
0,You do this through your browser (like Internet Explorer) settings.,ginkedncioeklbedknoffjgcekmcjgem
19,"Each browser is a little different, so look at your browsers Help menu to learn the coect way to modify your cookies.",ginkedncioeklbedknoffjgcekmcjgem
6,"If users disable cookies, some features will be disabled.",ginkedncioeklbedknoffjgcekmcjgem
19,"If users disable cookies, some features will be disabled.",ginkedncioeklbedknoffjgcekmcjgem
0,It will turn off some of the features that make your site experience more efficient and some of our services will not function properly.,ginkedncioeklbedknoffjgcekmcjgem
0,"Third Party Disclosure We do not sell, trade, or otherwise transfer to outside parties your personally identifiable information unless we provide you with advance notice.",ginkedncioeklbedknoffjgcekmcjgem
0,"This does not include website hosting partners and other parties who assist us in operating our website, conducting our business, or servicing you, so long as those parties agree to keep this information confidential.",ginkedncioeklbedknoffjgcekmcjgem
0,"We may also release your information when we believe release is appropriate to comply with the law, enforce our site policies, or protect ours or others rights, property, or safety.",ginkedncioeklbedknoffjgcekmcjgem
0,"However, non-personally identifiable visitor information may be provided to other parties for marketing, advertising, or other uses.",ginkedncioeklbedknoffjgcekmcjgem
0,"Third party links Occasionally, at our discretion, we may include or offer third party products or services on our website.",ginkedncioeklbedknoffjgcekmcjgem
0,These third party sites have separate and independent privacy policies.,ginkedncioeklbedknoffjgcekmcjgem
0,We therefore have no responsibility or liability for the content and activities of these linked sites.,ginkedncioeklbedknoffjgcekmcjgem
0,"Nonetheless, we seek to protect the integrity of our site and welcome any feedback about these sites.",ginkedncioeklbedknoffjgcekmcjgem
0,"Fair Information PracticesIn order to be in line with Fair Information Practices we will take the following responsive action, should a data breach occur:We will notify the users via email within 7 business daysWe will notify the users via in site notification within 7 business daysWe also agree to the individual redress principle, which requires that individuals have a right to pursue legally enforceable rights against data collectors and processors who fail to adhere to the law.",ginkedncioeklbedknoffjgcekmcjgem
0,"This principle requires not only that individuals have enforceable rights against data users, but also that individuals have recourse to courts or a government agency to investigate and/or prosecute non-compliance by data processors.",ginkedncioeklbedknoffjgcekmcjgem
4,Contacting UsIf there are any questions regarding this privacy policy you may contact us using the information below.,ginkedncioeklbedknoffjgcekmcjgem
4,"feathr.co 104 N. Main Street Suite 600 Gainesville, FL 32601 US Aprivacyfeathr.",ginkedncioeklbedknoffjgcekmcjgem
0,"Company Feathr, Inc. 2021+1 (352) 519-3997 Careers News Terms Privacy Policy Found a Vulnerability?",ginkedncioeklbedknoffjgcekmcjgem
0,Find us on Subscribe to our blog!,ginkedncioeklbedknoffjgcekmcjgem
4,"Privacy Policy - Play Online Games - Zillak Games   If you require any more information or have any questions about our privacy policy, please feel free to contact us by email at zillakgamesgmail.com At Zillak Games we consider the privacy of our visitors to be extremely important.",jfgiegepjgmocgcnbgdlpifmncbpmeog
0,This privacy policy document describes in detail the types of personal information iscollected and recorded by Zillak Games and how we use it.,jfgiegepjgmocgcnbgdlpifmncbpmeog
0,"Log FilesLike many other Web sites, Zillak Games makes use of log files.",jfgiegepjgmocgcnbgdlpifmncbpmeog
0,These files merely logs visitors to the site xe2x80x93 usually a standard procedure for hostingcompanies and a part of hosting servicess analytics.,jfgiegepjgmocgcnbgdlpifmncbpmeog
0,"The information inside the log files includes internet protocol (IP) addresses, browser type,Internet Service Provider (ISP), date/time stamp, refeing/exit pages, and possibly the number of clicks.",jfgiegepjgmocgcnbgdlpifmncbpmeog
0,"This information is used to analyze trends,administer the site, track users movement around the site, and gather demographic information.",jfgiegepjgmocgcnbgdlpifmncbpmeog
0,"IP addresses, and other such information are not linked toany information that is personally identifiable.",jfgiegepjgmocgcnbgdlpifmncbpmeog
19,"Cookies and Web BeaconsZillak Games uses cookies to store information about visitors preferences, to record user-specific information on which pages the site visitor accesses or visits,and to personalize or customize our web page content based upon visitors browser type or other information that the visitor sends via their browser.",jfgiegepjgmocgcnbgdlpifmncbpmeog
19,"DoubleClick DART Cookie Google, as a third party vendor, uses cookies to serve ads on Zillak Games.",jfgiegepjgmocgcnbgdlpifmncbpmeog
19,Google use of the DART cookie enables it to serve ads to our sites visitors based upon their visit to Zillak Games and other sites on the Internet.,jfgiegepjgmocgcnbgdlpifmncbpmeog
19,Users may opt out of the use of the DART cookie by visiting the Google ad and content network privacy policy at the following URL http://www.google.com/privacy_ads.html,jfgiegepjgmocgcnbgdlpifmncbpmeog
19,Our Advertising PartnersSome of our advertising partners may use cookies and web beacons on our site.,jfgiegepjgmocgcnbgdlpifmncbpmeog
0,"GoogleWhile each of these advertising partners has their own Privacy Policy for their site, an updated and hyperlinked resource is maintained here: Privacy Policies.",jfgiegepjgmocgcnbgdlpifmncbpmeog
0,You may consult this listing to find the privacy policy for each of the advertising partners of Zillak Games.,jfgiegepjgmocgcnbgdlpifmncbpmeog
0,These third-party ad servers or ad networks use technologyin their respective advertisements and links that appear on Zillak Games and which are sent directly to your browser.,jfgiegepjgmocgcnbgdlpifmncbpmeog
0,They automatically receive your IP address whenthis occurs.,jfgiegepjgmocgcnbgdlpifmncbpmeog
19,"Other technologies (such as cookies, JavaScript, or Web Beacons) may also be used by our sites third-party ad networks to measure the effectiveness oftheir advertising campaigns and/or to personalize the advertising content that you see on the site.",jfgiegepjgmocgcnbgdlpifmncbpmeog
19,Zillak Games has no access to or control over these cookies that areused by third-party advertisers.,jfgiegepjgmocgcnbgdlpifmncbpmeog
0,Third Party Privacy Policies You should consult the respective privacy policies of these third-party ad servers for more detailed information on their practices as well as for instructions about how to opt-out of certain practices.,jfgiegepjgmocgcnbgdlpifmncbpmeog
0,"xe2x80x98s privacy policy does not apply to, and we cannot control the activities of, such other advertisers or web sites.",jfgiegepjgmocgcnbgdlpifmncbpmeog
0,You mayfind a comprehensive listing of these privacy policies and their links here: Privacy Policy Links.,jfgiegepjgmocgcnbgdlpifmncbpmeog
6,"If you wish to disable cookies, you may do so through your individual browser options.",jfgiegepjgmocgcnbgdlpifmncbpmeog
19,"If you wish to disable cookies, you may do so through your individual browser options.",jfgiegepjgmocgcnbgdlpifmncbpmeog
19,More detailed information about cookie management with specific web browsers can befound at the browsers respective websites.,jfgiegepjgmocgcnbgdlpifmncbpmeog
0,Childrens InformationWe believe it is important to provide added protection for children online.,jfgiegepjgmocgcnbgdlpifmncbpmeog
0,"We encourage parents and guardians to spend time online with their children to observe, participatein and/or monitor and guide their online activity.",jfgiegepjgmocgcnbgdlpifmncbpmeog
0,Zillak Games does not knowingly collect any personally identifiable information from children under the age of 13.,jfgiegepjgmocgcnbgdlpifmncbpmeog
4,"If a parent or guardian believes that Zillak Games has in its database the personally-identifiable information of a child under the age of 13, please contact us immediately (using the contact in the first paragraph) and we will use our best efforts to promptly remove such information from our records.",jfgiegepjgmocgcnbgdlpifmncbpmeog
0,Online Privacy Policy OnlyThis privacy policy applies only to our online activities and is valid for visitors to our website and regarding information shared and/or collected there.,jfgiegepjgmocgcnbgdlpifmncbpmeog
0,This policydoes not apply to any information collected offline or via channels other than this website.,jfgiegepjgmocgcnbgdlpifmncbpmeog
0,"ConsentBy using our website, you hereby consent to our privacy policy and agree to its terms.",jfgiegepjgmocgcnbgdlpifmncbpmeog
0,"Privacy Policy Online Approved SiteUpdateThis Privacy Policy was last updated on: Tuesday, August 16th, 2016.",jfgiegepjgmocgcnbgdlpifmncbpmeog
0,"Should we update, amend or make any changes to our privacy policy, those changes will be posted here.",jfgiegepjgmocgcnbgdlpifmncbpmeog
0,We're sorry but kloojj doesn't work properly without JavaScript enabled.,pappkkddikembcifchmlpciebdjcggig
0,Please enable it to continue.,pappkkddikembcifchmlpciebdjcggig
0,Jump to main contentirishrugby.,difdpildhfafafopolghkddepockbiii
4,IRFU SUPPORTERS DATA PROTECTION NOTICE.,difdpildhfafafopolghkddepockbiii
12,IRFU SUPPORTERS DATA PROTECTION NOTICE.,difdpildhfafafopolghkddepockbiii
0, We respect and value your privacy.,difdpildhfafafopolghkddepockbiii
3,"Please review the sections of this Notice which are relevant to you based on your interactions with the IRFU:when you are involved with Irish rugby (see section 1);for purchase, subscription and marketing purposes (see section 2); andwhen you visit irishrugby.",difdpildhfafafopolghkddepockbiii
3,"For the purposes of this notice, the controller of your Personal Data is the Irish Rugby Football Union of 10/12 Lansdowne Road, Dublin 4, Ireland.",difdpildhfafafopolghkddepockbiii
0,"1 PROCESSING YOUR PERSONAL DATA WHEN YOU ARE INVOLVED WITH IRISH RUGBY(e.g. registered club player, volunteer, coach, committee member, club or school).",difdpildhfafafopolghkddepockbiii
0,1 How we process your Personal Data when you are involved with Irish rugbyThere are many ways in which you can become involved with Irish rugby.,difdpildhfafafopolghkddepockbiii
0,"This could be when you play, volunteer or coach with a rugby club; when you attend one of our events or seminars; or when you or your organisation enquire about how you can contribute to or collaborate with the IRFU.",difdpildhfafafopolghkddepockbiii
1,"2 What Personal Data we process when you are involved with Irish rugbyWe may collect and process the following Personal Data about you, which we may obtain either directly from you or from the third parties listed in section 1.",difdpildhfafafopolghkddepockbiii
1,"6:Individual DetailsThis may include general Personal Data about who you are, such as your name, address, contact details, gender, date of birth and occupation.",difdpildhfafafopolghkddepockbiii
0,"Hospitality InformationThis may include any dietary preferences or requirements you have, or any mobility assistance you may require.",difdpildhfafafopolghkddepockbiii
1,"Query InformationYou may choose to give us information such as your name, address, e-mail address, telephone number and other details when you contact us or a body with which we are affiliated.",difdpildhfafafopolghkddepockbiii
4,"Query InformationYou may choose to give us information such as your name, address, e-mail address, telephone number and other details when you contact us or a body with which we are affiliated.",difdpildhfafafopolghkddepockbiii
0,Top of FormClub Registration InformationIndividuals who play rugby with a recognised club must be registered with the IRFU.,difdpildhfafafopolghkddepockbiii
3,Many rugby clubs use the RugbyConnect system for purposes of club administration and to register and manage players.,difdpildhfafafopolghkddepockbiii
0,RugbyConnect accounts may also be created for coaches and volunteers.,difdpildhfafafopolghkddepockbiii
4,"Personal Data processed through RugbyConnectcan include your name, address, gender, date of birth, nationality, your image, your next of kin and your contact details.",difdpildhfafafopolghkddepockbiii
15,"Device InformationWhen logging-on to any of the Wi-Fi services we offer at our offices, stadiums or events, we may collect information about your device such as the IP address, hardware model, operating system and version, software and file names and versions, prefeed language, unique device identifier, advertising identifiers, serial number, device motion information and mobile network information.",difdpildhfafafopolghkddepockbiii
17,"Device InformationWhen logging-on to any of the Wi-Fi services we offer at our offices, stadiums or events, we may collect information about your device such as the IP address, hardware model, operating system and version, software and file names and versions, prefeed language, unique device identifier, advertising identifiers, serial number, device motion information and mobile network information.",difdpildhfafafopolghkddepockbiii
0,We may collect and process the following special category of Personal Data about you which we may obtain either directly from you or from the third parties listed in section 1.,difdpildhfafafopolghkddepockbiii
11,"6:HealthThis may include any information relating to any injuries you receive while playing rugby at any level, general fitness information, information on any pre-existing medical conditions you may have, information obtained in the course of conducting our anti-doping measures and information on any disability or mobility requirements you may have.",difdpildhfafafopolghkddepockbiii
0,"We may also collect and process the following Personal Data relating to criminal convictions and offences, which we may obtain either directly from you or from the third parties listed in section 1.",difdpildhfafafopolghkddepockbiii
0,6:CriminalThis may include information relating to any criminal convictions you may have or cases pending against you which you are obliged to legally disclose to us in the course of completing the Garda Vetting process if you are assuming any role of responsibility with the IRFU or an affiliated organisation (such as a rugby club) in relation to persons aged under 18.,difdpildhfafafopolghkddepockbiii
0, It may also include information obtained in the course of conducting our anti-doping measures or obtained as result of any disciplinary matter to which you are a party.,difdpildhfafafopolghkddepockbiii
0,"When we process your Personal Data based on our legitimate interests, we make sure to consider and balance any potential impact on you and your data protection rights.",difdpildhfafafopolghkddepockbiii
0,We will not process your Personal Data for activities where our interests are oveidden by the impact on you.,difdpildhfafafopolghkddepockbiii
0,"Parental Consent Age Grade PlayersWhere the player is under 18we will rely on signed consent from the players parent or guardian to collect, obtain and process the players personal data.",difdpildhfafafopolghkddepockbiii
0,"Administration of Rugby Union in Ireland Tracking statistics and performance details across all rugby union matches played in Ireland; and maintaining records of those involved with rugby union at all levels in Ireland, including referees, coaches, volunteers and others engaged in the running of clubs, including preparing public facing directories of certain of this information.",difdpildhfafafopolghkddepockbiii
4, Preparing handbooks of contact information of committee members and others involved in the administration of rugby at a provincial level.,difdpildhfafafopolghkddepockbiii
0,RugbyConnect To register you as a player or volunteer with your club; and to maintain your registration within the database of registered players.,difdpildhfafafopolghkddepockbiii
0,Business and Operational To develop and maintain our relationship with you or your organisation; to invite you to and host you at our events and meetings; and to conduct administrative and operational processes within the IRFU and our associated organisations.,difdpildhfafafopolghkddepockbiii
10,"Communication To process and respond to any enquiries, requests and complaints you may submit to us.",difdpildhfafafopolghkddepockbiii
14,"Communication To process and respond to any enquiries, requests and complaints you may submit to us.",difdpildhfafafopolghkddepockbiii
0,Compliance with a Legal Obligation We may process your Personal Data where it is necessary to comply with legal obligations to which we are subject.,difdpildhfafafopolghkddepockbiii
0," To comply with our obligations under Irish and EU laws, including but not limited to safeguarding and complying with law enforcement requests; and in particular to comply with our obligations under the National Vetting Bureau (Children and Vulnerable Persons) Acts 2012-2016.",difdpildhfafafopolghkddepockbiii
0,"To Defend, Establish or be a Party to Legal Claims We may process your Personal Data as necessary in order for us to establish, investigate, exercise or defend a legal claim to which you are a party.",difdpildhfafafopolghkddepockbiii
3,"We will only disclose your personal information to third parties outside the IRFU Group in the following circumstances: Recipient(s) Purpose(s) IRFU subcontractors, service providers and third party partners For the purpose of inviting you to and hosting you at events and meetings; and to allow you access to matches and other events.",difdpildhfafafopolghkddepockbiii
0, to facilitate and to maintain your registration within the database of registered players.,difdpildhfafafopolghkddepockbiii
0,"Regulatory Authorities, Law Enforcement Agencies, Public Bodies and Third Party Companies To comply with any applicable legal obligation, court order, summons, search waants, or any other legal or regulatory obligation or request to which the IRFU is subject; to protect the rights, property or safety of the IRFU, our customers, or others.",difdpildhfafafopolghkddepockbiii
3,This includes exchanging information with other companies and organisations for the purposes of fraud protection and credit risk reduction; and to enforce or apply the Terms and other agreements or to investigate potential breaches.,difdpildhfafafopolghkddepockbiii
0,"Teams, competition organisers and international rugby organisations  To facilitate rugby games and competitions at a national and international level.",difdpildhfafafopolghkddepockbiii
2,5 Data RetentionIn accordance with our policy on data retention we shall keep your Personal Data which we process on the basis of your involvement with Irish rugby for a period of time after your engagement with the IRFU which depends on why you have interacted with us.,difdpildhfafafopolghkddepockbiii
4,Please contact dataprivacyirishrugby.,difdpildhfafafopolghkddepockbiii
2,ie for further information about our retention periods.,difdpildhfafafopolghkddepockbiii
0,"Please note that in certain circumstances, we may hold your Personal Data for a longer period, for example, if we are processing an ongoing claim or believe in good faith that the law or a relevant regulator may reasonably in our view expect or require us to preserve your Personal Data.",difdpildhfafafopolghkddepockbiii
6,"Where you have registered as a rugby player, we may also retain some of your Personal Data within our player registration database unless you request us to delete such information.",difdpildhfafafopolghkddepockbiii
1,"Where you have registered as a rugby player, we may also retain some of your Personal Data within our player registration database unless you request us to delete such information.",difdpildhfafafopolghkddepockbiii
0,"6 Third Party Sources We may obtain Personal Data about you from the following third parties:Social Media Information We may receive information about you from social media platforms, such as Facebook, Twitter, LinkedIn and Instagram, when you interact with us via such platforms.",difdpildhfafafopolghkddepockbiii
0,This includes information which you provide to us or otherwise make available via such platforms.,difdpildhfafafopolghkddepockbiii
0,"Rugby ClubsIf you play, volunteer or are otherwise involved with a rugby club we may be provided with your Personal Data in our role as the body managing rugby union on the island of Ireland.",difdpildhfafafopolghkddepockbiii
0,"Provincial BranchesIf you play, work for, volunteer or are otherwise involved with a provincial branch we may be provided with your Personal Data in our role as the body managing rugby union on the island of Ireland.",difdpildhfafafopolghkddepockbiii
0,Event OrganisersWe will often engage the services of third parties to assist us in running and operating events.,difdpildhfafafopolghkddepockbiii
0, When you attend or express an interest in such an event we will often be provided with your Personal Data.,difdpildhfafafopolghkddepockbiii
0,"Businesses and OrganisationIf you work for or are otherwise involved in a business or other organisation (such as a charity, school or voluntary group) that seeks to collaborate with, contribute to or otherwise become involved with the IRFU or one of our affiliated bodies then we may be provided with your Personal Data.",difdpildhfafafopolghkddepockbiii
3,"2 PROCESSING YOUR PERSONAL DATA FOR PURCHASE, SUBSCRIPTION AND MARKETING PURPOSES.",difdpildhfafafopolghkddepockbiii
3,"1 How we process your Personal Data for Purchase, Subscription and Marketing Purposes We may process your Personal Data in connection with purchase, subscription and marketing purposes whenever you purchase match tickets, merchandise or other products from the IRFU or our authorised sellers; when you subscribe to the IRFU Newsletter; when you sign up for the Irish Rugby Official Supporters Club; or when you enter a competition with the IRFU or one of our affiliated bodies.",difdpildhfafafopolghkddepockbiii
0,"2 What Personal Data we process for Purchase, Subscription and Marketing Purposes We may collect and process the following Personal Data about you, which we may obtain either directly from you or from the third parties listed in section 1.",difdpildhfafafopolghkddepockbiii
4,"6:Individual Details This may include general Personal Data about who you are, such as your name, address, contact details, gender, date of birth and occupation.",difdpildhfafafopolghkddepockbiii
0,Customer Account Information This is information that you provide to us when creating a customer account on the Website shop and subsequently using it to make purchases.,difdpildhfafafopolghkddepockbiii
1,"This information may include your name, date of birth, phone number, email address, billing address, shipping address, phone number and credit card information.",difdpildhfafafopolghkddepockbiii
0," If you choose to purchase an item on the Website shop for a third party beneficiary, you need to provide us with information about the beneficiary during the purchase process.",difdpildhfafafopolghkddepockbiii
3,"In such circumstances, it is your responsibility to make sure the beneficiary or beneficiaries would have no objection to you sharing their Personal Data for the purposes set out in this Notice.",difdpildhfafafopolghkddepockbiii
0,"Purchase Information Details of any products, services or match, event or season tickets that you purchase from us, or the provincial branches or clubs, or from our authorised sellers and retailers.",difdpildhfafafopolghkddepockbiii
0,Supporters Club Information Information you provide in the course of registering to join the Irish Rugby Official Supporters Club and to gain access to the Members Only Area on the Website.,difdpildhfafafopolghkddepockbiii
1," This information may include your email address, chosen username, chosen password, title, name, gender, date of birth, address and phone number(s).",difdpildhfafafopolghkddepockbiii
0,Subscription Information Information you provide in the course of subscribing to the IRFU Newsletter.,difdpildhfafafopolghkddepockbiii
0," This information may include your email address, your name, your age range, the province you support and your address.",difdpildhfafafopolghkddepockbiii
0," We also collect information in the course of providing you with the IRFU Newsletter and any marketing material you subscribe to, or consent to receiving, on the Website.",difdpildhfafafopolghkddepockbiii
0,Patrons Club or Season Ticket Holder Information If you purchase a Patrons Club ticket or Season ticket we may process copies of documentation from which you can be identified.,difdpildhfafafopolghkddepockbiii
15,"Device Information When logging-on to any of the Wi-Fi services we offer at our offices, stadiums or events, we may collect information about your device such as the IP address, hardware model, operating system and version, software and file names and versions, prefeed language, unique device identifier, advertising identifiers, serial number, device motion information and mobile network information.",difdpildhfafafopolghkddepockbiii
17,"Device Information When logging-on to any of the Wi-Fi services we offer at our offices, stadiums or events, we may collect information about your device such as the IP address, hardware model, operating system and version, software and file names and versions, prefeed language, unique device identifier, advertising identifiers, serial number, device motion information and mobile network information.",difdpildhfafafopolghkddepockbiii
0,"This could be a contract for tickets or products that you purchase from us, for access to our Website, for setting up a customer account or for becoming a member according to the applicable terms, etc.",difdpildhfafafopolghkddepockbiii
3,"If you do not wish to provide us with your Personal Data for these purposes, we will not be able to enter into or perform our contract(s) with you.",difdpildhfafafopolghkddepockbiii
12,"Fulfilling your Orders and Requests To provide you with information and items that you request from us and to fulfil orders you place with us; to process your purchases; to process your subscription to the Irish Rugby Official Supporters Club; to personalise products and services we provide you; to process your payments through our third party payment providers; to process your purchase of tickets to matches; to enter you into competitions and contests; grant access to tickets, products and/or special offers as part of the package of offers provided to season ticket holders pursuant to a season ticket contract; and to prevent the fraudulent use of gift vouchers.",difdpildhfafafopolghkddepockbiii
0,Customer Account To create your online customer account for you to use on the Website; to process your purchases through this account; and to otherwise manage and administer your customer account.,difdpildhfafafopolghkddepockbiii
0,"IRFU Newsletter To subscribe you to, and send you, the IRFU Newsletter.",difdpildhfafafopolghkddepockbiii
0,"Irish Rugby Official Supporters Club To enrol you into the Irish Rugby Official Supporters Club and to provide you with the associated benefits, such as access to the Members Area of the Website.",difdpildhfafafopolghkddepockbiii
12,"Payment To receive payment in exchange for the products, services and tickets you purchase from us; to refund you any sums that may be owed to you; and to resolve any issues that may arise if an order is lost, processed incoectly or otherwise encounters difficulty.",difdpildhfafafopolghkddepockbiii
0,Patrons Club Ticket or Season Ticket To process your purchase of a Patrons Club or Season ticket; to assign your identity to a Patrons Club or Season ticket; to check and verify your identity matches your ticket; and to prevent fraudulent use of a Patrons Club or Season ticket.,difdpildhfafafopolghkddepockbiii
0,Registered Rugby Player To register you as a rugby union player; and to maintain your registration within the registered player database.,difdpildhfafafopolghkddepockbiii
3,"Legitimate InterestsIt is in our legitimate interests to collect and process your Personal Data for a range of operational, business and organisational purposes.",difdpildhfafafopolghkddepockbiii
0,"When we process your Personal Data based on our legitimate interests, we make sure to consider and balance any potential impact on you and your data protection rights.",difdpildhfafafopolghkddepockbiii
0,We will not process your Personal Data for activities where our interests are oveidden by the impact on you.,difdpildhfafafopolghkddepockbiii
4,Marketing To send you marketing material provided you have not opted-out of receiving this during the collection of your Personal Data (please note that you may opt-out of receiving such marketing material by contacting us at dataprivacyirishrugby.,difdpildhfafafopolghkddepockbiii
0,"ie or following the unsubscribe instructions in any marketing communication we send you; and to keep you updated on news, competitions and events provided you have not objected to receiving this information during the collection of your Personal Data.",difdpildhfafafopolghkddepockbiii
0,Notification and Information To notify you about changes to the Website and/or our services; to notify you of changes to this or another Data Protection Notice or any terms and conditions to which you may be a party; and to provide you with updates and information such as fixture changes and where and how you can collect tickets.,difdpildhfafafopolghkddepockbiii
10,"Responding to Queries and Complaints To process and respond to any queries, requests and complaints you may submit to us.",difdpildhfafafopolghkddepockbiii
0,"Market Research To gain an insight into the preferences and behaviour of our supporters; to conduct surveys, which you can opt-out of; to better understand where we can make improvements; and to invite you to give feedback and to analyse same.",difdpildhfafafopolghkddepockbiii
0,Compliance with a Legal ObligationWe may process your Personal Data where it is necessary to comply with legal obligations to which we are subject.,difdpildhfafafopolghkddepockbiii
0," To comply with our obligations under Irish and EU laws, including but not limited to safeguarding and complying with law enforcement requests.",difdpildhfafafopolghkddepockbiii
0,"To Defend, Establish or be a Party to Legal Claims We may process your Personal Data as necessary in order for us to establish, investigate, exercise or defend a legal claim to which you are a party.",difdpildhfafafopolghkddepockbiii
0," To file legal proceedings; and to investigate, establish, exercise or defend a legal claim.",difdpildhfafafopolghkddepockbiii
0,"4 Sharing and Disclosure of your Personal DataWe will disclose your Personal Data to other members of the Irish rugby ecosystem such as provincial branches, clubs and rugby organisations based outside of Ireland.",difdpildhfafafopolghkddepockbiii
3,"We will only disclose your personal information to third parties outside the above organisations in the following circumstances: Recipient(s) Purpose(s) IRFU subcontractors, service providers, ticketing providers and third party partners.",difdpildhfafafopolghkddepockbiii
3,"1  to assist the IRFU in providing you products and services; for logistical and IT service purposes, including but not limited to, ticketing services providers; to send you promotional or direct marketing material (in circumstances where you expressly consented to receiving any such material from third party partners); to allow for access to matches and other events; and to send you surveys or polls.",difdpildhfafafopolghkddepockbiii
0,"Regulatory Authorities, Law Enforcement Agencies, Public Bodies and Third Party Companies To comply with any applicable legal obligation, court order, summons, search waants, or any other legal or regulatory obligation or request to which the IRFU is subject; to protect the rights, property or safety of the IRFU, our customers, or others.",difdpildhfafafopolghkddepockbiii
3,This includes exchanging information with other companies and organisations for the purposes of fraud protection and credit risk reduction; and to enforce or apply the Terms and other agreements or to investigate potential breaches.,difdpildhfafafopolghkddepockbiii
2,5 Data RetentionIn accordance with our policy on data retention we shall keep your Personal Data which we process on the basis of your involvement with Irish rugby for a period of time after your engagement with the IRFU which depends on why you have interacted with us.,difdpildhfafafopolghkddepockbiii
4,Please contact dataprivacyirishrugby.,difdpildhfafafopolghkddepockbiii
2,ie for further information about our retention periods.,difdpildhfafafopolghkddepockbiii
0,"Please note that in certain circumstances, we may hold your Personal Data for a longer period, for example, if we are processing an ongoing claim or believe in good faith that the law or a relevant regulator may reasonably in our view expect or require us to preserve your Personal Data.",difdpildhfafafopolghkddepockbiii
0,"6 Third Party SourcesWe may obtain Personal Data about you from the following third parties:Social Media Information We may receive information about you from social media platforms, such as Facebook, Twitter, LinkedIn and Instagram, when you interact with us via such platforms.",difdpildhfafafopolghkddepockbiii
0,This includes information which you provide to us or otherwise make available via such platforms.,difdpildhfafafopolghkddepockbiii
0,Marketing InformationWe may receive information about you from other third parties where we offer co-branded services or engage in joint-marketing activities.,difdpildhfafafopolghkddepockbiii
0,Ticket Sellers When you buy match tickets from one of our authorised sellers we may be provided with your Personal Data.,difdpildhfafafopolghkddepockbiii
0,Event Organisers We will often engage the services of third parties to assist us in running and operating events.,difdpildhfafafopolghkddepockbiii
0, When you attend or express an interest in such an event we will often be provided with your Personal Data.,difdpildhfafafopolghkddepockbiii
0,"Licensees of our Brand We may receive your Personal Data from licensees of our brand such as retail outlets, sponsors and vendors where you opt-in to receive information from us.",difdpildhfafafopolghkddepockbiii
0,Stadia and Match VenuesWe may receive your Personal Data from stadiums and match venues when you attend matches.,difdpildhfafafopolghkddepockbiii
0,3 PROCESSING YOUR PERSONAL DATA WHEN YOU USE OUR WEBSITE1.,difdpildhfafafopolghkddepockbiii
0,"1 How we process your Personal Data when you use our WebsiteFor information about how we collect your Personal Data when you visit our Website, please see our Cookie Policy.",difdpildhfafafopolghkddepockbiii
19,"2 What Personal Data we Process when you visit our WebsiteWe may collect and process the following Personal Data about you when you use our Website: Technical Information When using our Website and availing of services through our Website, we may collect Personal Data about you from you and by using cookies and web analytics technology.",difdpildhfafafopolghkddepockbiii
17,"2 What Personal Data we Process when you visit our WebsiteWe may collect and process the following Personal Data about you when you use our Website: Technical Information When using our Website and availing of services through our Website, we may collect Personal Data about you from you and by using cookies and web analytics technology.",difdpildhfafafopolghkddepockbiii
1,"2 What Personal Data we Process when you visit our WebsiteWe may collect and process the following Personal Data about you when you use our Website: Technical Information When using our Website and availing of services through our Website, we may collect Personal Data about you from you and by using cookies and web analytics technology.",difdpildhfafafopolghkddepockbiii
19,"This includes information about: your device type, operating system, browser, IP address and other information derived from cookies used on the Website.",difdpildhfafafopolghkddepockbiii
15,"Please see our Cookies Policy[1] for further information on our use of cookies; and details of your visits to the Website such as traffic data, location data and the resources, advertisements and linked websites that you access through the Website.",difdpildhfafafopolghkddepockbiii
19,"Please see our Cookies Policy[1] for further information on our use of cookies; and details of your visits to the Website such as traffic data, location data and the resources, advertisements and linked websites that you access through the Website.",difdpildhfafafopolghkddepockbiii
0,Customer Account Information This is information that you provide to us when creating a customer account on the Website shop and subsequently using it to make purchases.,difdpildhfafafopolghkddepockbiii
1,"This information may include your name, date of birth, phone number, email address, billing address, shipping address, phone number and credit card information.",difdpildhfafafopolghkddepockbiii
0," If you choose to purchase an item on the Website shop for a third party beneficiary, you need to provide us with information about the beneficiary during the purchase process.",difdpildhfafafopolghkddepockbiii
3,"In such circumstances, it is your responsibility to make sure the beneficiary or beneficiaries would have no objection to you sharing their Personal Data for the purposes set out in this Notice.",difdpildhfafafopolghkddepockbiii
3,Payment Information This includes your payment card details plus any other information necessary for billing purposes such as your billing address or your bank account information.,difdpildhfafafopolghkddepockbiii
12,Payment Information This includes your payment card details plus any other information necessary for billing purposes such as your billing address or your bank account information.,difdpildhfafafopolghkddepockbiii
0,Supporters Club Information Information you provide in the course of registering to join the Irish Rugby Official Supporters Club and to gain access to the Members Only Area on the Website.,difdpildhfafafopolghkddepockbiii
1," This information may include your email address, chosen username, chosen password, title, name, gender, date of birth, address and phone number(s).",difdpildhfafafopolghkddepockbiii
0,Subscription Information Information you provide in the course of subscribing to the IRFU Newsletter.,difdpildhfafafopolghkddepockbiii
0," This information may include your email address, your name, your age range, the province you support and your address.",difdpildhfafafopolghkddepockbiii
0," We also collect information in the course of providing you with the IRFU Newsletter and any marketing material you subscribe to, or consent to receiving, on the Website.",difdpildhfafafopolghkddepockbiii
0,"This could be a contract for tickets or products that you purchase from us, for access to our Website, for setting up a customer account or for becoming a member according to the applicable terms, etc.",difdpildhfafafopolghkddepockbiii
3,"If you do not wish to provide us with your Personal Data for these purposes, we will not be able to enter into or perform our contract(s) with you.",difdpildhfafafopolghkddepockbiii
12,Fulfilling your Orders and Requests To provide you with information and items that you request from us and to fulfil orders you place with us; to process your purchases; to process your subscription to the Irish Rugby Official Supporters Club; to personalise products and services we provide you; to process your payments through our third party payment providers; to process your purchase of tickets to matches; to enter you into competitions and contests; and to prevent the fraudulent use of gift vouchers.,difdpildhfafafopolghkddepockbiii
0,Customer Account To create your online customer account for you to use on the Website; to process your purchases through this account; and to otherwise manage and administer your customer account.,difdpildhfafafopolghkddepockbiii
12,"Payment To receive payment in exchange for the products, services and tickets you purchase from us; to refund you any sums that may be owed to you; and to resolve any issues that may arise if an order is lost, processed incoectly or otherwise encounters difficulty.",difdpildhfafafopolghkddepockbiii
3,"Legitimate InterestsIt is in our legitimate interests to collect and process your Personal Data for a range of operational, business and organisational purposes.",difdpildhfafafopolghkddepockbiii
0,"When we process your Personal Data based on our legitimate interests, we make sure to consider and balance any potential impact on you and your data protection rights.",difdpildhfafafopolghkddepockbiii
0,We will not process your Personal Data for activities where our interests are oveidden by the impact on you.,difdpildhfafafopolghkddepockbiii
18,"Improving Website Functionality & Efficiency To provide, improve, test and monitor the effectiveness of the Website; to monitor metrics such as total number of visitors, traffic data and demographic patterns; to personalise and improve your experience on our digital platforms; and to ensure the content on the Website is presented in the most effective manner for you and to enhance your use of the Website.",difdpildhfafafopolghkddepockbiii
0,"4 Sharing and Disclosure of your Personal Data We will disclose your Personal Data to other members of the Irish rugby ecosystem such as provincial branches, clubs and rugby organisations based outside of Ireland.",difdpildhfafafopolghkddepockbiii
3,"We will only disclose your personal information to third parties outside the above organisations in the following circumstances: Recipient(s) Purpose(s) IRFU subcontractors, service providers and third party partners For logistical and IT service purposes.",difdpildhfafafopolghkddepockbiii
0,"Regulatory Authorities, Law Enforcement Agencies, Public Bodies and Third Party Companies To comply with any applicable legal obligation, court order, summons, search waants, or any other legal or regulatory obligation or request to which the IRFU is subject; to protect the rights, property or safety of the IRFU, our customers, or others.",difdpildhfafafopolghkddepockbiii
3,This includes exchanging information with other companies and organisations for the purposes of fraud protection and credit risk reduction; and to enforce or apply our website terms and other agreements or to investigate potential breaches.,difdpildhfafafopolghkddepockbiii
2,"5 Data Retention For information about how long we retain Personal Data collected when you visit our Website for, please see our Cookie Policy.",difdpildhfafafopolghkddepockbiii
19,"5 Data Retention For information about how long we retain Personal Data collected when you visit our Website for, please see our Cookie Policy.",difdpildhfafafopolghkddepockbiii
2,In accordance with our policy on data retention we shall keep your Personal Data which we process on the basis of your involvement with Irish rugby for a period of time after your engagement with the IRFU which depends on why you have interacted with us.,difdpildhfafafopolghkddepockbiii
4,Please contact dataprivacyirishrugby.ie for further information about our retention periods.,difdpildhfafafopolghkddepockbiii
2,Please contact dataprivacyirishrugby.ie for further information about our retention periods.,difdpildhfafafopolghkddepockbiii
0,"Please note that in certain circumstances, we may hold your data for a longer period, for example, if we are processing an ongoing claim or believe in good faith that the law or a relevant regulator may reasonably in our view expect or require us to preserve your data.",difdpildhfafafopolghkddepockbiii
0,"IF YOU ARE UNDER 16 OR A PARENT/LEGAL GUARDIAN If you are under the age of 16, you should always speak to your parent or legal guardian before you send us an email or information, ask us to send you any information, subscribe to our Newsletter, join the Irish Rugby Official Supporters Club, purchase anything from us or provide us Personal Data in any other way.",difdpildhfafafopolghkddepockbiii
18, We will need the consent of your parent or legal guardian before we can allow you to access the Irish Rugby Official Supporters Club content on our Website.,difdpildhfafafopolghkddepockbiii
0,We only transfer your Personal Data outside the EEA where the EU Commission has decided that the third country in question ensures an adequate level of protection in line with EU data protection standards or if there are appropriate safeguards in place to protect your Personal Data.,difdpildhfafafopolghkddepockbiii
0,"Where we transfer Personal Data to a third country, we may do so on the basis of Standard Contractual Clauses which are a form of data processing contract approved by the European Commission.",difdpildhfafafopolghkddepockbiii
0,You can find a copy of these clauses here.,difdpildhfafafopolghkddepockbiii
4,If you would like to find out more about the appropriate safeguards that we have in place to govern the transfer of your Personal Data you can contact us at dataprivacyirishrugby.,difdpildhfafafopolghkddepockbiii
0,"Unfortunately, the transmission of information via the internet is not completely secure.",difdpildhfafafopolghkddepockbiii
0,"Although we will always do our best to protect your Personal Data, we cannot guarantee the security of any information you transmit to us; any transmission is at your own risk.",difdpildhfafafopolghkddepockbiii
0,"Once we have received your information, we will endeavour to use strict procedures and security features to try to prevent unauthorised access.",difdpildhfafafopolghkddepockbiii
0,YOUR RIGHTS AND HOW TO EXERCISE THEM This section sets out the rights which you have to address any concerns or queries with us about our processing of your Personal Data.,difdpildhfafafopolghkddepockbiii
2,"Note that in certain circumstances, these rights may not be absolute: Right Further Information Right of Access You have the right to request a copy of the Personal Data held by us about you and to access the following information in relation to the processing of your Personal Data:(1) the purposes of processing;(2) the categories of Personal Data concerned;(3) the recipients of your Personal Data;(4) the period for which your Personal Data will be stored;(5) the existence of your right to lodge a complaint with the Data Protection Commission; and(6) the source of your Personal Data.",difdpildhfafafopolghkddepockbiii
3,"Note that in certain circumstances, these rights may not be absolute: Right Further Information Right of Access You have the right to request a copy of the Personal Data held by us about you and to access the following information in relation to the processing of your Personal Data:(1) the purposes of processing;(2) the categories of Personal Data concerned;(3) the recipients of your Personal Data;(4) the period for which your Personal Data will be stored;(5) the existence of your right to lodge a complaint with the Data Protection Commission; and(6) the source of your Personal Data.",difdpildhfafafopolghkddepockbiii
10,"Note that in certain circumstances, these rights may not be absolute: Right Further Information Right of Access You have the right to request a copy of the Personal Data held by us about you and to access the following information in relation to the processing of your Personal Data:(1) the purposes of processing;(2) the categories of Personal Data concerned;(3) the recipients of your Personal Data;(4) the period for which your Personal Data will be stored;(5) the existence of your right to lodge a complaint with the Data Protection Commission; and(6) the source of your Personal Data.",difdpildhfafafopolghkddepockbiii
0, We will only charge you for making an access request where we feel your request is unjustified or excessive.,difdpildhfafafopolghkddepockbiii
6,Right to Rectification You have the right to request that we amend any inaccurate Personal Data that we have about you.,difdpildhfafafopolghkddepockbiii
6,Right to Erasure You have the right to ask us to erase your Personal Data where:(1) it is no longer necessary to perform our contract with you;(2) you withdraw your consent and there is no other legal basis permitting us to process your Personal Data;(3) you object and we have no oveiding legitimate interest;(4) your Personal Data has been unlawfully processed; or(5) it must be erased to comply with a legal obligation.,difdpildhfafafopolghkddepockbiii
8,Right to Erasure You have the right to ask us to erase your Personal Data where:(1) it is no longer necessary to perform our contract with you;(2) you withdraw your consent and there is no other legal basis permitting us to process your Personal Data;(3) you object and we have no oveiding legitimate interest;(4) your Personal Data has been unlawfully processed; or(5) it must be erased to comply with a legal obligation.,difdpildhfafafopolghkddepockbiii
6, Please note that erasure may not be complete or immediate to the extent that some of your Personal Data is necessary for the purpose for which it was collected.,difdpildhfafafopolghkddepockbiii
7,Right to Restriction of Processing You have the right to ask us to restrict processing your Personal Data in the following situations:(1) where you contest the accuracy of your Personal Data;(2) where the processing is unlawful and you do not want us to delete your Personal Data;(3) where we no longer need your Personal Data for the purposes of processing but you require the data in relation to a legal claim; or(4) where you have objected to us processing your Personal Data pending verification as to whether or not our legitimate interests oveide your interests or in connection with legal proceedings.,difdpildhfafafopolghkddepockbiii
8,Right to Restriction of Processing You have the right to ask us to restrict processing your Personal Data in the following situations:(1) where you contest the accuracy of your Personal Data;(2) where the processing is unlawful and you do not want us to delete your Personal Data;(3) where we no longer need your Personal Data for the purposes of processing but you require the data in relation to a legal claim; or(4) where you have objected to us processing your Personal Data pending verification as to whether or not our legitimate interests oveide your interests or in connection with legal proceedings.,difdpildhfafafopolghkddepockbiii
0, When you exercise this right we may only store your Personal Data and may not further process it unless you consent or the processing is necessary in relation to a legal claim or to protect the rights of another person or legal person or for reasons of important public interest.,difdpildhfafafopolghkddepockbiii
9,"Right to Data Portability You may request us to provide you with your Personal Data which you have given us in a structured, commonly used and machine-readable format and you may request us to transmit your Personal Data directly to another data controller where this is technically feasible.",difdpildhfafafopolghkddepockbiii
0, This right only arises where:(1) we process your Personal Data with your consent or where it is necessary to perform our contract with you; and (2) the processing is carried out by automated means.,difdpildhfafafopolghkddepockbiii
8,Right to Object You have a right to object at any time to our processing of your Personal Data where we process your Personal Data on the legal basis of pursuing our legitimate interests.,difdpildhfafafopolghkddepockbiii
4,You can exercise any of these rights by submitting a request to our Data Protection Executive whose contact details are set out in section 5 of this Notice.,difdpildhfafafopolghkddepockbiii
0,We will provide you with information on any action taken upon your request in relation to any of these rights without undue delay and at the latest within one month of receiving your request.,difdpildhfafafopolghkddepockbiii
0,We may extend this timeframe by one more month if necessary having regard to the circumstances of the request.,difdpildhfafafopolghkddepockbiii
0,However we will inform you if this arises.,difdpildhfafafopolghkddepockbiii
4,"QUESTIONS AND COMPLAINTS If you have any concerns about the way your Personal Data are being used or processed by the IRFU, please contact our Data Protection Executive at dataprivacyirishrugby.",difdpildhfafafopolghkddepockbiii
10,"QUESTIONS AND COMPLAINTS If you have any concerns about the way your Personal Data are being used or processed by the IRFU, please contact our Data Protection Executive at dataprivacyirishrugby.",difdpildhfafafopolghkddepockbiii
10,"If you have any concern in relation to how your Personal Data is used or processed, you have the right to lodge a complaint with your national data protection regulator.",difdpildhfafafopolghkddepockbiii
0," For further information and to find your national data protection regulator, please see here.",difdpildhfafafopolghkddepockbiii
0,"CHANGES TO THIS NOTICE If we amend this notice, in whole or part, at our sole discretion, any changes will be effective immediately upon communicating the revised notice to you.",difdpildhfafafopolghkddepockbiii
0,"If at any time we decide to use your Personal Data in a manner significantly different from that stated in this notice, or otherwise disclosed to you at the time it was collected, we will notify you and you will have a choice as to whether or not we use your information in the new manner.",difdpildhfafafopolghkddepockbiii
0,The HTML5 HeraldPrivacy Policy Your privacy is important to us.,pjkocjmfohckmpljclonpinepjeceomk
0,"It is Renbo Design's policy to respect your privacy regarding any information we may collect from you across our website, http://moreba.club, and other sites we own and operate.",pjkocjmfohckmpljclonpinepjeceomk
0,rWe only ask for personal information when we truly need it to provide a service to you.,pjkocjmfohckmpljclonpinepjeceomk
0,"We collect it by fair and lawful means, with your knowledge and consent.",pjkocjmfohckmpljclonpinepjeceomk
3,We also let you know why were collecting it and how it will be used.,pjkocjmfohckmpljclonpinepjeceomk
2,We only retain collected information for as long as necessary to provide you with your requested service.,pjkocjmfohckmpljclonpinepjeceomk
0,"What data we store, well protect within commercially acceptable means to prevent loss and theft, as well as unauthorised access, disclosure, copying, use or modification.",pjkocjmfohckmpljclonpinepjeceomk
0,"We dont share any personally identifying information publicly or with third-parties, except when required to by law.",pjkocjmfohckmpljclonpinepjeceomk
0,Our website may link to external sites that are not operated by us.,pjkocjmfohckmpljclonpinepjeceomk
0,"Please be aware that we have no control over the content and practices of these sites, and cannot accept responsibility or liability for their respective privacy policies.",pjkocjmfohckmpljclonpinepjeceomk
0,"rYou are free to refuse our request for your personal information, with the understanding that we may be unable to provide you with some of your desired services.",pjkocjmfohckmpljclonpinepjeceomk
0,rYour continued use of our website will be regarded as acceptance of our practices around privacy and personal information.,pjkocjmfohckmpljclonpinepjeceomk
4,"If you have any questions about how we handle user data and personal information, feel free to contact us.",pjkocjmfohckmpljclonpinepjeceomk
0,this wiki locally PermissionsChrome will ask you for the following permissions when you install HabitLab.,omnmkagnicpcpefgjdhngmjjoofoknfp
0,Heres how we use them:Read and Write Data on All Websites: We need this permission to change the appearance of pages and deploy interventions on the sites you choose to reduce your time spent on.,omnmkagnicpcpefgjdhngmjjoofoknfp
0,Show Notifications: We use notifications to show you a daily summary of how much progress you have made towards achieving your goals.,omnmkagnicpcpefgjdhngmjjoofoknfp
16,"Browsing History: We use your browsing history to determine how much time youve spent on sites in the past, so we can measure how much time youve been saving.",omnmkagnicpcpefgjdhngmjjoofoknfp
0,"You can opt-out of logging, in which case no data will be sent to our servers.",omnmkagnicpcpefgjdhngmjjoofoknfp
0,"If you do enable logging, then the following data will be logged.",omnmkagnicpcpefgjdhngmjjoofoknfp
0,Data is anonymized and will not be shared with anyone outside our research team.,omnmkagnicpcpefgjdhngmjjoofoknfp
0,"Enabled goals and interventionsFor each visit to a goal site: which intervention was deployed, and how long you spent Stanford IRB This is the text from the Stanford IRB (our research ethics board) that you are shown upon installation.",omnmkagnicpcpefgjdhngmjjoofoknfp
0,"If you have HabitLab installed, you can access it by going hereHabitLab is a research project run by the Stanford HCI Group.",omnmkagnicpcpefgjdhngmjjoofoknfp
0,Description:HabitLab is a research study on developing better online habits.,omnmkagnicpcpefgjdhngmjjoofoknfp
0,You can participate by installing and using the HabitLab Chrome extension.,omnmkagnicpcpefgjdhngmjjoofoknfp
0,"The extension will ask you to specify some goals (such as spending less time on Facebook), and will deploy various interventions that aim to help you achieve those goals.",omnmkagnicpcpefgjdhngmjjoofoknfp
0,"It will log data related to progress on your goals (such as time spent on domains), which will be used by our algorithms to determine which interventions work for you.",omnmkagnicpcpefgjdhngmjjoofoknfp
0,Data will not be shared with anyone outside our research team.,omnmkagnicpcpefgjdhngmjjoofoknfp
0,"You can opt-out of sending this data to our servers on this page, or via an option under the extension settings.",omnmkagnicpcpefgjdhngmjjoofoknfp
0,Time Involvement: You can participate for as long as you want by keeping the extension installed.,omnmkagnicpcpefgjdhngmjjoofoknfp
0,Risks and Benefits: There are no forseeable risks associated with using HabitLab.,omnmkagnicpcpefgjdhngmjjoofoknfp
0,We cannot and do not guarantee or promise that you will receive any benefits from using HabitLab.,omnmkagnicpcpefgjdhngmjjoofoknfp
0,"Subject's Rights: If you have read this form and have decided to participate in this project, please understand your participation is voluntary and you have the right to withdraw your consent or discontinue participation at any time without penalty or loss of benefits to which you are otherwise entitled.",omnmkagnicpcpefgjdhngmjjoofoknfp
0,The alternative is not to participate.,omnmkagnicpcpefgjdhngmjjoofoknfp
0,You have the right to uninstall our extension at any time.,omnmkagnicpcpefgjdhngmjjoofoknfp
0,Your individual privacy will be maintained in all published and written data resulting from the study.,omnmkagnicpcpefgjdhngmjjoofoknfp
4,"Contact Information: If you have any questions, concerns or complaints about this research, its procedures, risks and benefits, contact the Protocol Director, Geza Kovacs (email hidden to avoid harvesting, please see http://www.",omnmkagnicpcpefgjdhngmjjoofoknfp
10,"Contact Information: If you have any questions, concerns or complaints about this research, its procedures, risks and benefits, contact the Protocol Director, Geza Kovacs (email hidden to avoid harvesting, please see http://www.",omnmkagnicpcpefgjdhngmjjoofoknfp
1,"gkovacs.com/#contact or view inside extension) Independent Contact:If you are not satisfied with how this study is being conducted, or if you have any concerns, complaints, or general questions about the research or your rights as a participant, please contact the Stanford Institutional Review Board (IRB) to speak to someone independent of the research team at (email and phone hidden to avoid harvesting, please view inside the extension).",omnmkagnicpcpefgjdhngmjjoofoknfp
4,"gkovacs.com/#contact or view inside extension) Independent Contact:If you are not satisfied with how this study is being conducted, or if you have any concerns, complaints, or general questions about the research or your rights as a participant, please contact the Stanford Institutional Review Board (IRB) to speak to someone independent of the research team at (email and phone hidden to avoid harvesting, please view inside the extension).",omnmkagnicpcpefgjdhngmjjoofoknfp
10,"gkovacs.com/#contact or view inside extension) Independent Contact:If you are not satisfied with how this study is being conducted, or if you have any concerns, complaints, or general questions about the research or your rights as a participant, please contact the Stanford Institutional Review Board (IRB) to speak to someone independent of the research team at (email and phone hidden to avoid harvesting, please view inside the extension).",omnmkagnicpcpefgjdhngmjjoofoknfp
0,"You can also write to the Stanford IRB, Stanford University, 3000 El Camino Real, Five Palo Alto Square, 4th Floor, Palo Alto, CA 94306.",omnmkagnicpcpefgjdhngmjjoofoknfp
4,"Search this Wiki   2022 GitHub, Inc. Terms Privacy Security Status Docs Contact GitHub Pricing APT raining Blog About You cant perform that action at this time.",omnmkagnicpcpefgjdhngmjjoofoknfp
0,You signed in with another tab or window.,omnmkagnicpcpefgjdhngmjjoofoknfp
0,Reload to refresh your session.,omnmkagnicpcpefgjdhngmjjoofoknfp
0,You signed out in another tab or window.,omnmkagnicpcpefgjdhngmjjoofoknfp
0,Reload to refresh your session.,omnmkagnicpcpefgjdhngmjjoofoknfp
0,Privacy Policy Who we are Our website address is: http://supertabthemes.com.,kkcafhblenpipmobphhgfnfbgoijhlkn
1,"What personal data we collect and why we collect itCommentsWhen visitors leave comments on the site we collect the data shown in the comments form, and also the visitors IP address and browser user agent string to help spam detection.",kkcafhblenpipmobphhgfnfbgoijhlkn
15,"What personal data we collect and why we collect itCommentsWhen visitors leave comments on the site we collect the data shown in the comments form, and also the visitors IP address and browser user agent string to help spam detection.",kkcafhblenpipmobphhgfnfbgoijhlkn
0,An anonymized string created from your email address (also called a hash) may be provided to the Gravatar service to see if you are using it.,kkcafhblenpipmobphhgfnfbgoijhlkn
0,The Gravatar service privacy policy is available here: https://automattic.com/privacy/.,kkcafhblenpipmobphhgfnfbgoijhlkn
0,"After approval of your comment, your profile picture is visible to the public in the context of your comment.",kkcafhblenpipmobphhgfnfbgoijhlkn
15,"MediaIf you upload images to the website, you should avoid uploading images with embedded location data (EXIF GPS) included.",kkcafhblenpipmobphhgfnfbgoijhlkn
15,"Visitors to the website can download and extract any location data from images on the website Cookies If you leave a comment on our site you may opt-in to saving your name, email address and website in cookies.",kkcafhblenpipmobphhgfnfbgoijhlkn
19,"Visitors to the website can download and extract any location data from images on the website Cookies If you leave a comment on our site you may opt-in to saving your name, email address and website in cookies.",kkcafhblenpipmobphhgfnfbgoijhlkn
0,These are for your convenience so that you do not have to fill in your details again when you leave another comment.,kkcafhblenpipmobphhgfnfbgoijhlkn
19,These cookies will last for one year.,kkcafhblenpipmobphhgfnfbgoijhlkn
19,"If you have an account and you log in to this site, we will set a temporary cookie to determine if your browser accepts cookies.",kkcafhblenpipmobphhgfnfbgoijhlkn
19,This cookie contains no personal data and is discarded when you close your browser.,kkcafhblenpipmobphhgfnfbgoijhlkn
19,"When you log in, we will also set up several cookies to save your login information and your screen display choices.",kkcafhblenpipmobphhgfnfbgoijhlkn
19,"Login cookies last for two days, and screen options cookies last for a year.",kkcafhblenpipmobphhgfnfbgoijhlkn
19,"If you log out of your account, the login cookies will be removed.",kkcafhblenpipmobphhgfnfbgoijhlkn
19,"If you edit or publish an article, an additional cookie will be saved in your browser.",kkcafhblenpipmobphhgfnfbgoijhlkn
19,This cookie includes no personal data and simply indicates the post ID of the article you just edited.,kkcafhblenpipmobphhgfnfbgoijhlkn
0,It expires after 1 day.,kkcafhblenpipmobphhgfnfbgoijhlkn
18,"Embedded content from other websites Articles on this site may include embedded content (e.g. videos, images, articles, etc.",kkcafhblenpipmobphhgfnfbgoijhlkn
18,Embedded content from other websites behaves in the exact same way as if the visitor has visited the other website.,kkcafhblenpipmobphhgfnfbgoijhlkn
18,"These websites may collect data about you, use cookies, embed additional third-party tracking, and monitor your interaction with that embedded content, including tracking your interaction with the embedded content if you have an account and are logged in to that website.",kkcafhblenpipmobphhgfnfbgoijhlkn
19,"These websites may collect data about you, use cookies, embed additional third-party tracking, and monitor your interaction with that embedded content, including tracking your interaction with the embedded content if you have an account and are logged in to that website.",kkcafhblenpipmobphhgfnfbgoijhlkn
19,Analytics Who we share your data with Google Adsense Infolinks MGID Our site use cookies to provide you with relevant and interest based ads.,kkcafhblenpipmobphhgfnfbgoijhlkn
0,We protect your privacy by GDPR and we are commited not to sell or share any personal information that you share with us.,kkcafhblenpipmobphhgfnfbgoijhlkn
0,We share anonymous info with our partner advertisers sou you can have relevant ads on site.,kkcafhblenpipmobphhgfnfbgoijhlkn
4,"If you have any info, please send us mail by visiting Contact page.",kkcafhblenpipmobphhgfnfbgoijhlkn
2,"How long we retain your data If you leave a comment, the comment and its metadata are retained indefinitely.",kkcafhblenpipmobphhgfnfbgoijhlkn
0,This is so we can recognize and approve any follow-up comments automatically instead of holding them in a moderation queue.,kkcafhblenpipmobphhgfnfbgoijhlkn
0,"For users that register on our website (if any), we also store the personal information they provide in their user profile.",kkcafhblenpipmobphhgfnfbgoijhlkn
0,"All users can see, edit, or delete their personal information at any time (except they cannot change their username).",kkcafhblenpipmobphhgfnfbgoijhlkn
0,Website administrators can also see and edit that information.,kkcafhblenpipmobphhgfnfbgoijhlkn
0,"What rights you have over your dataIf you have an account on this site, or have left comments, you can request to receive an exported file of the personal data we hold about you, including any data you have provided to us.",kkcafhblenpipmobphhgfnfbgoijhlkn
6,You can also request that we erase any personal data we hold about you.,kkcafhblenpipmobphhgfnfbgoijhlkn
3,"This does not include any data we are obliged to keep for administrative, legal, or security purposes.",kkcafhblenpipmobphhgfnfbgoijhlkn
0,Where we send your data Visitor comments may be checked through an automated spam detection service.,kkcafhblenpipmobphhgfnfbgoijhlkn
0,"Privacy policy has been updated 4, June",kkcafhblenpipmobphhgfnfbgoijhlkn
0,Search for: Recent PostsHow to Get Neymar Jr Fortnite Skin?,kkcafhblenpipmobphhgfnfbgoijhlkn
0,Get the best content delivered straight into your inbox!,kkcafhblenpipmobphhgfnfbgoijhlkn
0,"Email address: Leave this field empty if you're human: Don't worry we don't spam Disclaimer Our themes and extensions are made for fun, by fans and for fans.",kkcafhblenpipmobphhgfnfbgoijhlkn
0,We are not associate of any legal trademarks or persons.,kkcafhblenpipmobphhgfnfbgoijhlkn
4,"Cloud Apps Policy - RedcoolMedia Enter string: Skip to content Cloud Apps Policy - RedcoolMedia RedcoolMedia Cloud Apps PolicyRedcoolMedia protects the user privacy when entering in our web-site and use our web cloud application services (""Services"").",hchpnbmmbepldbfdgbjfigifhobbjcel
0,"This policy describes how and why your information is collected, what we do with it and what measures we take to use it.",hchpnbmmbepldbfdgbjfigifhobbjcel
0,"Take into account that note that by using our Services, you agree to way you data is handled in accordance with this privacy policy.",hchpnbmmbepldbfdgbjfigifhobbjcel
0,We may change this privacy policy with new versions so please review it frequently.,hchpnbmmbepldbfdgbjfigifhobbjcel
0,The usage of our Services after building and writing a new policy version is deemed as your acceptance of the modified terms.,hchpnbmmbepldbfdgbjfigifhobbjcel
0,We do not collect personal information.,hchpnbmmbepldbfdgbjfigifhobbjcel
0,RedcoolMedia applications integrated with Google Drive use no information available from the Google account(s) you log into.,hchpnbmmbepldbfdgbjfigifhobbjcel
0,No personal information from Google is sent to us at any point.,hchpnbmmbepldbfdgbjfigifhobbjcel
0,Our apps use Google analytics in order to know how many users we have and what they use more.,hchpnbmmbepldbfdgbjfigifhobbjcel
0,Please refer to the privacy policy of Google to see what they do with the hits they receive from you.,hchpnbmmbepldbfdgbjfigifhobbjcel
0,We do not share your personal information.,hchpnbmmbepldbfdgbjfigifhobbjcel
0,We do not use external links.,hchpnbmmbepldbfdgbjfigifhobbjcel
0,RedcoolMedia applications uses a remote repository for files that is located in our cloud servers for each user.,hchpnbmmbepldbfdgbjfigifhobbjcel
0,"When the Google Drive integration of the RedcoolMedia apps is used, the user files and data go through our RedcoolMedia and Google Drive servers when saving and opening such files.",hchpnbmmbepldbfdgbjfigifhobbjcel
0,"The user can remove these user files and data from our cloud servers using the RedcoolMedia file manager, which is provided as a menu option in all the RedcoolMedia applications.",hchpnbmmbepldbfdgbjfigifhobbjcel
19,We may use one or more cookies to your computer or other device.,hchpnbmmbepldbfdgbjfigifhobbjcel
0,"The cloud be used to improve the our service quality, including for storing user settings, search results and tracking user trends.",hchpnbmmbepldbfdgbjfigifhobbjcel
0,Note that you can clear your browser to clean all cookies.,hchpnbmmbepldbfdgbjfigifhobbjcel
0,We use technology and platforms to provide advertisements within the Services.,hchpnbmmbepldbfdgbjfigifhobbjcel
0,"In concrete, we use Google Adsense.",hchpnbmmbepldbfdgbjfigifhobbjcel
15,"Regarding the ads we and our partners may collect and use information about you, such as your session activity, device identifier, geo-location information and IP address.",hchpnbmmbepldbfdgbjfigifhobbjcel
17,"Regarding the ads we and our partners may collect and use information about you, such as your session activity, device identifier, geo-location information and IP address.",hchpnbmmbepldbfdgbjfigifhobbjcel
0,Please note that our partners operate under their own privacy policies.,hchpnbmmbepldbfdgbjfigifhobbjcel
0,Refer to the Google Adsense policy.,hchpnbmmbepldbfdgbjfigifhobbjcel
0,"We take security controls to protect against unauthorized access, modifications or destruction of data.",hchpnbmmbepldbfdgbjfigifhobbjcel
3,"Additionally, if your userid does not open a session during 10 days we consider that you do not want to use more our RedcoolMedia apps, and your data is removed from our servers.",hchpnbmmbepldbfdgbjfigifhobbjcel
0,This is a security measure.,hchpnbmmbepldbfdgbjfigifhobbjcel
4,"Do not hesitate to contact us if have any questions regarding this privacy policy or the processing of your personal data, please contact us at redcoolmediainbox.com Last updated: 05 Feb 2019 Next Ad LATEST FREE VIDEOS & AUDIOS Best Road Trip In My Life - With My Cargo Caiers Video Best Road Trip In My Life - With My Cargo Caiers.",hchpnbmmbepldbfdgbjfigifhobbjcel
0,"When planning a roadtrip, one of the most important thingsto consider is what to pack.",hchpnbmmbepldbfdgbjfigifhobbjcel
0,Enter caterpillar clown: psychodigging part 2 Video caterpillar clown: psychodigging part 2.,hchpnbmmbepldbfdgbjfigifhobbjcel
0,This is a little trailer to myfinal project about two characters.,hchpnbmmbepldbfdgbjfigifhobbjcel
0,Aclown and a caterpillar that will meetand .,hchpnbmmbepldbfdgbjfigifhobbjcel
0,Enter #BeingMyTrueAuthenticSelf: PREVIEW Video #BeingMyTrueAuthenticSelf:PREVIEW.,hchpnbmmbepldbfdgbjfigifhobbjcel
0,Preview for the award-winningfilm: #BeingMyTrueAuthenticSelf.,hchpnbmmbepldbfdgbjfigifhobbjcel
0,Enter Final Project - voicemail.,hchpnbmmbepldbfdgbjfigifhobbjcel
0,mov Video Final Project - voicemail.,hchpnbmmbepldbfdgbjfigifhobbjcel
0,Enter Scarborough Video Scarborough.,hchpnbmmbepldbfdgbjfigifhobbjcel
0,"Synopsis: Scarborough explores the struggles ,endurance, and resilience of this culturally diverse Toronto community through the lives of th.",hchpnbmmbepldbfdgbjfigifhobbjcel
0,Enter Olivia and Marc (Crystal Tea Room) Video Olivia and Marc (Crystal TeaRoom).,hchpnbmmbepldbfdgbjfigifhobbjcel
0,This is the trailer of Olivia andMarc's beautiful wedding day.,hchpnbmmbepldbfdgbjfigifhobbjcel
0,Theyexchanged maiage vows at St. AgnesChurch.,hchpnbmmbepldbfdgbjfigifhobbjcel
0,Enter PPT Intro mit VEGAS Effects Video PPT Intro mit VEGAS Effects.,hchpnbmmbepldbfdgbjfigifhobbjcel
0,Hierist der VEGAS 365 Trailer produziert inVEGAS Effects mit Footage und Musik ausdem Vegas Hub.,hchpnbmmbepldbfdgbjfigifhobbjcel
0,Enter Forward Looking Back  March 11-13  SGLA Video Forward Looking Back  March11-13  SGLA.,hchpnbmmbepldbfdgbjfigifhobbjcel
0,Get your tickets here!,hchpnbmmbepldbfdgbjfigifhobbjcel
0,You acknowledge that you have reviewed and accepted our policies.,hchpnbmmbepldbfdgbjfigifhobbjcel
0,You will be informed each time our Site asks for personal information regarding how we intend to use your information.,lodbknpcefklknpbhnamhilpehfeknkg
1,We may also have access to and collect some other personal information and data that is required to enable you to access the Site and its functionalities (cf. your IP address).,lodbknpcefklknpbhnamhilpehfeknkg
15,We may also have access to and collect some other personal information and data that is required to enable you to access the Site and its functionalities (cf. your IP address).,lodbknpcefklknpbhnamhilpehfeknkg
0,"top may use such personal information to measure visitor usage and interest, and help us improve the content and functionality of our Site.",lodbknpcefklknpbhnamhilpehfeknkg
0,"Unless a user has opted out by modifying his/her preferences, upon registration, we may use any e-mail address that we are provided with to notify users of the existence of new contents in areas concerning which they have expressed an interest.",lodbknpcefklknpbhnamhilpehfeknkg
0,"You may request that we stop sending you such notices, at any time thereafter, by following the instructions mentioned in our e-mails.",lodbknpcefklknpbhnamhilpehfeknkg
19,top uses personal information collected from cookies and IP addresses as described below.,lodbknpcefklknpbhnamhilpehfeknkg
15,top uses personal information collected from cookies and IP addresses as described below.,lodbknpcefklknpbhnamhilpehfeknkg
0,Information which we do collect about our Sites users is stored at USINFORMATION SHARING AND DISCLOSURE Busiiness.,lodbknpcefklknpbhnamhilpehfeknkg
0,"top does not and will not rent, sell, or share personal information about you with other people or non-affiliated companies, except to provide products or services you have requested, with your permission, or under the following circumstances: From time to time, we may provide some of the personal information that we collected to trusted business partners that work on behalf of or with Busiiness.",lodbknpcefklknpbhnamhilpehfeknkg
0,top under confidentiality agreements which cover our users personal information as well as guarantees that our partner provides the same level of protection to your information as our organization does.,lodbknpcefklknpbhnamhilpehfeknkg
0,"As the case may be, such business partners may use your personal information to help Busiiness.",lodbknpcefklknpbhnamhilpehfeknkg
0,top communicate with you about our offers and those of our marketing partners.,lodbknpcefklknpbhnamhilpehfeknkg
0,"However, our business partners do not have any independent right to share or otherwise use your information;We may also share your personal information if we believe it is necessary to share information in order to investigate, prevent, or take action regarding illegal activities, suspected fraud, situations involving potential threats to the physical safety of any person, violations of Busiiness.",lodbknpcefklknpbhnamhilpehfeknkg
0,"tops terms of use, or as otherwise required by law;We may finally transfer information about you if Busiiness.",lodbknpcefklknpbhnamhilpehfeknkg
0,top is acquired by or merged with another company.,lodbknpcefklknpbhnamhilpehfeknkg
0,"In this event, Busiiness.",lodbknpcefklknpbhnamhilpehfeknkg
0,top will notify you before information about you is transfeed and becomes subject to a different privacy policy.,lodbknpcefklknpbhnamhilpehfeknkg
3,Cookies are pieces of information that a web site transfers to your computers hard disk for record-keeping purposes.,lodbknpcefklknpbhnamhilpehfeknkg
19,Cookies are pieces of information that a web site transfers to your computers hard disk for record-keeping purposes.,lodbknpcefklknpbhnamhilpehfeknkg
13,"Cookies in and of themselves do not personally identify users, although they can be used to identify a users computer.",lodbknpcefklknpbhnamhilpehfeknkg
19,Most browsers are initially set up to accept cookies.,lodbknpcefklknpbhnamhilpehfeknkg
19,"If you prefer, you can set your browser to refuse cookies.",lodbknpcefklknpbhnamhilpehfeknkg
0,"However, if you do this, you may not be able to take full advantage of our Site.",lodbknpcefklknpbhnamhilpehfeknkg
19,"For example, our Site uses cookies to make it easier for users to download graphics from the site.",lodbknpcefklknpbhnamhilpehfeknkg
3,We may also use cookies to collect demographic and profile data for purposes of delivering content specific to your interests through the Sites interface.,lodbknpcefklknpbhnamhilpehfeknkg
19,We may also use cookies to collect demographic and profile data for purposes of delivering content specific to your interests through the Sites interface.,lodbknpcefklknpbhnamhilpehfeknkg
0,"An IP address is used by your computer every time it connects to the Internet, which is why this number can be used by Web sites to identify your computer.",lodbknpcefklknpbhnamhilpehfeknkg
0,"IP addresses are automatically collected by our Site, as part of demographic and profile data (known as traffic data), so that such data (such as the Web pages that you request through our Site) can be sent to you.",lodbknpcefklknpbhnamhilpehfeknkg
0,We also use your IP address to help diagnose problems with our server and to administer the Site.,lodbknpcefklknpbhnamhilpehfeknkg
0,"top will not use your IP address to attempt to identify you personally, nor to build a profile concerning who you are and what you search through our Site, otherwise that to provide you with the services and subscriptions that you request through registration or use of the Site.",lodbknpcefklknpbhnamhilpehfeknkg
0,"From time to time, we may use an outside advertising provider to display ads on our Site.",lodbknpcefklknpbhnamhilpehfeknkg
0,Such ads may contain or use cookies.,lodbknpcefklknpbhnamhilpehfeknkg
19,"While we use cookies in other parts of our Web Site, cookies received with banner ads, as the case may be, are collected and used by our advertising provider.",lodbknpcefklknpbhnamhilpehfeknkg
0,"Please be advised that aside from allowing advertising providers to place such ads on our Site, we do not control nor have access to the information contained in or generated from the cookies placed on your computer by our advertising providers.",lodbknpcefklknpbhnamhilpehfeknkg
0,"By its very nature, our Site contains links to third-party Web sites.",lodbknpcefklknpbhnamhilpehfeknkg
0,Please be aware that we cannot control and are not responsible for the information collection practices of third-party Web sites.,lodbknpcefklknpbhnamhilpehfeknkg
0,We encourage you to review and understand the privacy policies of these Web sites before visiting them or providing any information to them.,lodbknpcefklknpbhnamhilpehfeknkg
0,"Subject to the foregoing, we limit access to your personal information to employees of Busiiness.",lodbknpcefklknpbhnamhilpehfeknkg
4,top who we reasonably believe need to come into contact with such information either in order to do their jobs or to allow us to provide requested products and services to you.,lodbknpcefklknpbhnamhilpehfeknkg
0,"We have physical, electronic, and procedural safeguards that comply with federal regulations to protect and restrict access to personal information about the users of our Site.",lodbknpcefklknpbhnamhilpehfeknkg
19,This website uses cookies to improve your experience while you navigate through the website.,gddmnfahfmepggpcojpieeakilcfalpj
19,"Out of these cookies, the cookies that are categorized as necessary are stored on your browser as they are essential for the working of basic functionalities of the website.",gddmnfahfmepggpcojpieeakilcfalpj
19,We also use third-party cookies that help us analyze and understand how you use this website.,gddmnfahfmepggpcojpieeakilcfalpj
19,These cookies will be stored in your browser only with your consent.,gddmnfahfmepggpcojpieeakilcfalpj
19,You also have the option to opt-out of these cookies.,gddmnfahfmepggpcojpieeakilcfalpj
19,But opting out of some of these cookies may have an effect on your browsing experience.,gddmnfahfmepggpcojpieeakilcfalpj
19,Necessary Necessary Always Enabled Necessary cookies are absolutely essential for the website to function properly.,gddmnfahfmepggpcojpieeakilcfalpj
19,This category only includes cookies that ensures basic functionalities and security features of the website.,gddmnfahfmepggpcojpieeakilcfalpj
0,These cookies do not store any personal information.,gddmnfahfmepggpcojpieeakilcfalpj
18,"Any cookies that may not be particularly necessary for the website to function and is used specifically to collect user personal data via analytics, ads, other embedded contents are termed as non-necessary cookies.",gddmnfahfmepggpcojpieeakilcfalpj
19,It is mandatory to procure user consent prior to running these cookies on your website.,gddmnfahfmepggpcojpieeakilcfalpj
0,"Please, make sure you read and fully understand the privacy policy of Cool Start Website, Extension and Other Applications under the brand (""Our Products"") before you start using it.",mkihjdkejlellkljdlhcohjhoihfdpgi
0,Cool Start Products are created and distributed by NextAd Media Group.,mkihjdkejlellkljdlhcohjhoihfdpgi
3,Our products collect the users' IP addresses with the sole purpose of geographic localization.,mkihjdkejlellkljdlhcohjhoihfdpgi
15,The weather feature in our products use the IP to give you information of the weather in the particular location of the user.,mkihjdkejlellkljdlhcohjhoihfdpgi
0,"The information is in no way disclosed, sold, or in any other way given to third parties.",mkihjdkejlellkljdlhcohjhoihfdpgi
0,No other personal information is collected.,mkihjdkejlellkljdlhcohjhoihfdpgi
0,The only piece of personal info we might ask for is your email address.,mkihjdkejlellkljdlhcohjhoihfdpgi
0,"We are going to ask for it with regards to newsletters, offers, updates, latest news.",mkihjdkejlellkljdlhcohjhoihfdpgi
0,If you wish to receive the aforementioned then you provide us your email address and we keep it safe in our accounts.,mkihjdkejlellkljdlhcohjhoihfdpgi
0,If you do not wish to be involved in the aforementioned types of communication then you do not need to provide your email.,mkihjdkejlellkljdlhcohjhoihfdpgi
4,By providing your email you explicitly agree to be contacted by us.,mkihjdkejlellkljdlhcohjhoihfdpgi
0,Cool Start doesn't record your search queries.,mkihjdkejlellkljdlhcohjhoihfdpgi
0,"When you search, your query is automatically stripped of unnecessary metadata including your IP address and other identifying information.",mkihjdkejlellkljdlhcohjhoihfdpgi
0,"We send the anonymized search query to Google, Bing or Yahoo and return the search results to you.",mkihjdkejlellkljdlhcohjhoihfdpgi
0,We dont log your searches.,mkihjdkejlellkljdlhcohjhoihfdpgi
0,The extension uses YouTube API Services.,mkihjdkejlellkljdlhcohjhoihfdpgi
0,"Please, refer to the Google Privacy Policy (https://policies.google.com/privacy?hl=en-US)Cool Start may use cookies on our Products.",mkihjdkejlellkljdlhcohjhoihfdpgi
17,Cookies are small pieces of data that a website stores to a person's hard drive to record the activity of the user.,mkihjdkejlellkljdlhcohjhoihfdpgi
19,Cookies are small pieces of data that a website stores to a person's hard drive to record the activity of the user.,mkihjdkejlellkljdlhcohjhoihfdpgi
17,Based on historical data of the users activity our Products can offer you a more personalized user experience.,mkihjdkejlellkljdlhcohjhoihfdpgi
3,"Cookies may be used to analyse Site usage, improve content, customize our Products content and layout and for other customer service purposes.",mkihjdkejlellkljdlhcohjhoihfdpgi
19,"Cookies may be used to analyse Site usage, improve content, customize our Products content and layout and for other customer service purposes.",mkihjdkejlellkljdlhcohjhoihfdpgi
0,Our cookies do not collect any personally identifiable information.,mkihjdkejlellkljdlhcohjhoihfdpgi
19,"Cool Start may automatically receive and record certain non-personally identifiable information on its server logs from your browser, including your IP address, browser type, internet service provider (ISP), cookie information, and the webpage that a user visits.",mkihjdkejlellkljdlhcohjhoihfdpgi
3,"Cool Start collects non-personally identifiable information for general purposes, including but not limited to analysing trends, administering our Products, tracking user movements, conducting research, and providing anonymous reporting to internal and external clients.",mkihjdkejlellkljdlhcohjhoihfdpgi
0,"Cool Start will not link any Personal Information, including e-mail addresses, with aggregate data of its users.",mkihjdkejlellkljdlhcohjhoihfdpgi
0,"Our Products do not rent, sell, or share any information about the user with any third-parties in any way.",mkihjdkejlellkljdlhcohjhoihfdpgi
0,Cool Start may disclose your Personal Information if considered such action is necessary to: (a) comply with the law or legal process; (b) protect and defend the rights or property of Cool Start (including the enforcement of our agreements); or (c) act in urgent circumstances to protect the personal safety of users of the website or members of the public.,mkihjdkejlellkljdlhcohjhoihfdpgi
0,Children privacy is very important and our Products are operated in complete compliance with the Children's Online Privacy Protection Act (COPPA).,mkihjdkejlellkljdlhcohjhoihfdpgi
0,We do not ever knowingly gather or maintain information on our website of children we know are under 13.,mkihjdkejlellkljdlhcohjhoihfdpgi
0,There is no part of our site that is directed at or structured to attract anyone under 13.,mkihjdkejlellkljdlhcohjhoihfdpgi
0,Visitors younger than 13 years of age may NOT use the Cool Start website and must LEAVE immediately.,mkihjdkejlellkljdlhcohjhoihfdpgi
0,"Cool Start takes the protection of your Personal Information very seriously and secures it from misuse, loss and unauthorized access.",mkihjdkejlellkljdlhcohjhoihfdpgi
0,"We cannot guarantee that your information will not be attacked or tried to be stolen, all we can guarantee is that we have taken all necessary precautions to keep your information safe.",mkihjdkejlellkljdlhcohjhoihfdpgi
0,Personal Information is protected by secured networks and access is limited to a few authorized employees and personnel.,mkihjdkejlellkljdlhcohjhoihfdpgi
0,"However, no method of transmission over the Internet, or method of electronic storage, is 100  secure.",mkihjdkejlellkljdlhcohjhoihfdpgi
0,"If Cool Start is acquired or merged with another company, the personal information that we have will be one of the assets transfeed.",mkihjdkejlellkljdlhcohjhoihfdpgi
0,"If anything of the like happens, all visitors of the website will be notified by displaying a message with the necessary information.",mkihjdkejlellkljdlhcohjhoihfdpgi
0,"From time to time, Cool Start may revise this Policy.",mkihjdkejlellkljdlhcohjhoihfdpgi
0,"Cool Start will post the revised Policy of our Products, so please check the Policy section to stay tuned.",mkihjdkejlellkljdlhcohjhoihfdpgi